{"context":"RoutesResolver","level":"info","message":"AuthController {/api/auth}:","service":"financial-platform","timestamp":"2025-11-23T15:32:42.544Z"}
{"context":"RouterExplorer","level":"info","message":"Mapped {/api/auth/register, POST} route","service":"financial-platform","timestamp":"2025-11-23T15:32:42.553Z"}
{"context":"RouterExplorer","level":"info","message":"Mapped {/api/auth/login, POST} route","service":"financial-platform","timestamp":"2025-11-23T15:32:42.555Z"}
{"context":"RouterExplorer","level":"info","message":"Mapped {/api/auth/refresh, POST} route","service":"financial-platform","timestamp":"2025-11-23T15:32:42.556Z"}
{"context":"RouterExplorer","level":"info","message":"Mapped {/api/auth/logout, POST} route","service":"financial-platform","timestamp":"2025-11-23T15:32:42.557Z"}
{"context":"RouterExplorer","level":"info","message":"Mapped {/api/auth/google, GET} route","service":"financial-platform","timestamp":"2025-11-23T15:32:42.558Z"}
{"context":"RouterExplorer","level":"info","message":"Mapped {/api/auth/google/callback, GET} route","service":"financial-platform","timestamp":"2025-11-23T15:32:42.559Z"}
{"context":"RouterExplorer","level":"info","message":"Mapped {/api/auth/profile, GET} route","service":"financial-platform","timestamp":"2025-11-23T15:32:42.560Z"}
{"context":"RoutesResolver","level":"info","message":"UsersController {/api/users}:","service":"financial-platform","timestamp":"2025-11-23T15:32:42.561Z"}
{"context":"RouterExplorer","level":"info","message":"Mapped {/api/users, POST} route","service":"financial-platform","timestamp":"2025-11-23T15:32:42.562Z"}
{"context":"RouterExplorer","level":"info","message":"Mapped {/api/users, GET} route","service":"financial-platform","timestamp":"2025-11-23T15:32:42.564Z"}
{"context":"RouterExplorer","level":"info","message":"Mapped {/api/users/profile, GET} route","service":"financial-platform","timestamp":"2025-11-23T15:32:42.565Z"}
{"context":"RouterExplorer","level":"info","message":"Mapped {/api/users/:id, GET} route","service":"financial-platform","timestamp":"2025-11-23T15:32:42.566Z"}
{"context":"RouterExplorer","level":"info","message":"Mapped {/api/users/profile, PATCH} route","service":"financial-platform","timestamp":"2025-11-23T15:32:42.567Z"}
{"context":"RouterExplorer","level":"info","message":"Mapped {/api/users/:id, PATCH} route","service":"financial-platform","timestamp":"2025-11-23T15:32:42.569Z"}
{"context":"RouterExplorer","level":"info","message":"Mapped {/api/users/:id, DELETE} route","service":"financial-platform","timestamp":"2025-11-23T15:32:42.569Z"}
{"context":"RoutesResolver","level":"info","message":"AccountsController {/api/accounts}:","service":"financial-platform","timestamp":"2025-11-23T15:32:42.570Z"}
{"context":"RouterExplorer","level":"info","message":"Mapped {/api/accounts, GET} route","service":"financial-platform","timestamp":"2025-11-23T15:32:42.570Z"}
{"context":"RouterExplorer","level":"info","message":"Mapped {/api/accounts/:id, GET} route","service":"financial-platform","timestamp":"2025-11-23T15:32:42.571Z"}
{"context":"RouterExplorer","level":"info","message":"Mapped {/api/accounts/:id/balance, GET} route","service":"financial-platform","timestamp":"2025-11-23T15:32:42.572Z"}
{"context":"RouterExplorer","level":"info","message":"Mapped {/api/accounts, POST} route","service":"financial-platform","timestamp":"2025-11-23T15:32:42.572Z"}
{"context":"RouterExplorer","level":"info","message":"Mapped {/api/accounts/:id, PATCH} route","service":"financial-platform","timestamp":"2025-11-23T15:32:42.573Z"}
{"context":"RoutesResolver","level":"info","message":"TransactionsController {/api/transactions}:","service":"financial-platform","timestamp":"2025-11-23T15:32:42.573Z"}
{"context":"RouterExplorer","level":"info","message":"Mapped {/api/transactions/transfer, POST} route","service":"financial-platform","timestamp":"2025-11-23T15:32:42.574Z"}
{"context":"RouterExplorer","level":"info","message":"Mapped {/api/transactions/deposit, POST} route","service":"financial-platform","timestamp":"2025-11-23T15:32:42.575Z"}
{"context":"RouterExplorer","level":"info","message":"Mapped {/api/transactions/withdraw, POST} route","service":"financial-platform","timestamp":"2025-11-23T15:32:42.575Z"}
{"context":"RouterExplorer","level":"info","message":"Mapped {/api/transactions, GET} route","service":"financial-platform","timestamp":"2025-11-23T15:32:42.576Z"}
{"context":"RouterExplorer","level":"info","message":"Mapped {/api/transactions/pending, GET} route","service":"financial-platform","timestamp":"2025-11-23T15:32:42.577Z"}
{"context":"RouterExplorer","level":"info","message":"Mapped {/api/transactions/pending/:id, GET} route","service":"financial-platform","timestamp":"2025-11-23T15:32:42.578Z"}
{"context":"RouterExplorer","level":"info","message":"Mapped {/api/transactions/admin, POST} route","service":"financial-platform","timestamp":"2025-11-23T15:32:42.579Z"}
{"context":"RouterExplorer","level":"info","message":"Mapped {/api/transactions/:id/validate, PATCH} route","service":"financial-platform","timestamp":"2025-11-23T15:32:42.580Z"}
{"context":"RoutesResolver","level":"info","message":"KycController {/api/kyc}:","service":"financial-platform","timestamp":"2025-11-23T15:32:42.580Z"}
{"context":"RouterExplorer","level":"info","message":"Mapped {/api/kyc/documents, POST} route","service":"financial-platform","timestamp":"2025-11-23T15:32:42.581Z"}
{"context":"RouterExplorer","level":"info","message":"Mapped {/api/kyc/documents, GET} route","service":"financial-platform","timestamp":"2025-11-23T15:32:42.582Z"}
{"context":"RouterExplorer","level":"info","message":"Mapped {/api/kyc/documents/pending, GET} route","service":"financial-platform","timestamp":"2025-11-23T15:32:42.583Z"}
{"context":"RouterExplorer","level":"info","message":"Mapped {/api/kyc/documents/:id/review, PATCH} route","service":"financial-platform","timestamp":"2025-11-23T15:32:42.583Z"}
{"context":"RoutesResolver","level":"info","message":"AuditLogsController {/api/audit-logs}:","service":"financial-platform","timestamp":"2025-11-23T15:32:42.584Z"}
{"context":"RouterExplorer","level":"info","message":"Mapped {/api/audit-logs, GET} route","service":"financial-platform","timestamp":"2025-11-23T15:32:42.584Z"}
{"context":"RouterExplorer","level":"info","message":"Mapped {/api/audit-logs/me, GET} route","service":"financial-platform","timestamp":"2025-11-23T15:32:42.585Z"}
{"context":"RoutesResolver","level":"info","message":"LoansController {/api/loans}:","service":"financial-platform","timestamp":"2025-11-23T15:32:42.585Z"}
{"context":"RouterExplorer","level":"info","message":"Mapped {/api/loans, POST} route","service":"financial-platform","timestamp":"2025-11-23T15:32:42.586Z"}
{"context":"RouterExplorer","level":"info","message":"Mapped {/api/loans, GET} route","service":"financial-platform","timestamp":"2025-11-23T15:32:42.587Z"}
{"context":"RouterExplorer","level":"info","message":"Mapped {/api/loans/:id, GET} route","service":"financial-platform","timestamp":"2025-11-23T15:32:42.587Z"}
{"context":"RouterExplorer","level":"info","message":"Mapped {/api/loans/:id/repayments, GET} route","service":"financial-platform","timestamp":"2025-11-23T15:32:42.588Z"}
{"context":"RouterExplorer","level":"info","message":"Mapped {/api/loans/:id/repayments, POST} route","service":"financial-platform","timestamp":"2025-11-23T15:32:42.588Z"}
{"context":"RouterExplorer","level":"info","message":"Mapped {/api/loans/:id/approve, PATCH} route","service":"financial-platform","timestamp":"2025-11-23T15:32:42.589Z"}
{"context":"RouterExplorer","level":"info","message":"Mapped {/api/loans/:id/reject, PATCH} route","service":"financial-platform","timestamp":"2025-11-23T15:32:42.590Z"}
{"context":"NestApplication","level":"info","message":"Nest application successfully started","service":"financial-platform","timestamp":"2025-11-23T15:32:42.599Z"}
{"level":"info","message":"Application is running on: http://localhost:3000","service":"financial-platform","timestamp":"2025-11-23T15:32:42.605Z"}
{"context":"NotificationsGateway","level":"debug","message":"Client connected to notifications (user: b4868eb2-15d9-4c0e-aa30-af039df5dd82)","service":"financial-platform","timestamp":"2025-11-23T15:32:47.022Z"}
{"context":"RoutesResolver","level":"info","message":"AuthController {/api/auth}:","service":"financial-platform","timestamp":"2025-11-23T15:33:01.860Z"}
{"context":"RouterExplorer","level":"info","message":"Mapped {/api/auth/register, POST} route","service":"financial-platform","timestamp":"2025-11-23T15:33:01.866Z"}
{"context":"RouterExplorer","level":"info","message":"Mapped {/api/auth/login, POST} route","service":"financial-platform","timestamp":"2025-11-23T15:33:01.867Z"}
{"context":"RouterExplorer","level":"info","message":"Mapped {/api/auth/refresh, POST} route","service":"financial-platform","timestamp":"2025-11-23T15:33:01.868Z"}
{"context":"RouterExplorer","level":"info","message":"Mapped {/api/auth/logout, POST} route","service":"financial-platform","timestamp":"2025-11-23T15:33:01.869Z"}
{"context":"RouterExplorer","level":"info","message":"Mapped {/api/auth/google, GET} route","service":"financial-platform","timestamp":"2025-11-23T15:33:01.870Z"}
{"context":"RouterExplorer","level":"info","message":"Mapped {/api/auth/google/callback, GET} route","service":"financial-platform","timestamp":"2025-11-23T15:33:01.871Z"}
{"context":"RouterExplorer","level":"info","message":"Mapped {/api/auth/profile, GET} route","service":"financial-platform","timestamp":"2025-11-23T15:33:01.871Z"}
{"context":"RoutesResolver","level":"info","message":"UsersController {/api/users}:","service":"financial-platform","timestamp":"2025-11-23T15:33:01.871Z"}
{"context":"RouterExplorer","level":"info","message":"Mapped {/api/users, POST} route","service":"financial-platform","timestamp":"2025-11-23T15:33:01.872Z"}
{"context":"RouterExplorer","level":"info","message":"Mapped {/api/users, GET} route","service":"financial-platform","timestamp":"2025-11-23T15:33:01.873Z"}
{"context":"RouterExplorer","level":"info","message":"Mapped {/api/users/profile, GET} route","service":"financial-platform","timestamp":"2025-11-23T15:33:01.874Z"}
{"context":"RouterExplorer","level":"info","message":"Mapped {/api/users/:id, GET} route","service":"financial-platform","timestamp":"2025-11-23T15:33:01.875Z"}
{"context":"RouterExplorer","level":"info","message":"Mapped {/api/users/profile, PATCH} route","service":"financial-platform","timestamp":"2025-11-23T15:33:01.876Z"}
{"context":"RouterExplorer","level":"info","message":"Mapped {/api/users/:id, PATCH} route","service":"financial-platform","timestamp":"2025-11-23T15:33:01.876Z"}
{"context":"RouterExplorer","level":"info","message":"Mapped {/api/users/:id, DELETE} route","service":"financial-platform","timestamp":"2025-11-23T15:33:01.876Z"}
{"context":"RoutesResolver","level":"info","message":"AccountsController {/api/accounts}:","service":"financial-platform","timestamp":"2025-11-23T15:33:01.877Z"}
{"context":"RouterExplorer","level":"info","message":"Mapped {/api/accounts, GET} route","service":"financial-platform","timestamp":"2025-11-23T15:33:01.878Z"}
{"context":"RouterExplorer","level":"info","message":"Mapped {/api/accounts/:id, GET} route","service":"financial-platform","timestamp":"2025-11-23T15:33:01.878Z"}
{"context":"RouterExplorer","level":"info","message":"Mapped {/api/accounts/:id/balance, GET} route","service":"financial-platform","timestamp":"2025-11-23T15:33:01.879Z"}
{"context":"RouterExplorer","level":"info","message":"Mapped {/api/accounts, POST} route","service":"financial-platform","timestamp":"2025-11-23T15:33:01.880Z"}
{"context":"RouterExplorer","level":"info","message":"Mapped {/api/accounts/:id, PATCH} route","service":"financial-platform","timestamp":"2025-11-23T15:33:01.881Z"}
{"context":"RoutesResolver","level":"info","message":"TransactionsController {/api/transactions}:","service":"financial-platform","timestamp":"2025-11-23T15:33:01.881Z"}
{"context":"RouterExplorer","level":"info","message":"Mapped {/api/transactions/transfer, POST} route","service":"financial-platform","timestamp":"2025-11-23T15:33:01.882Z"}
{"context":"RouterExplorer","level":"info","message":"Mapped {/api/transactions/deposit, POST} route","service":"financial-platform","timestamp":"2025-11-23T15:33:01.883Z"}
{"context":"RouterExplorer","level":"info","message":"Mapped {/api/transactions/withdraw, POST} route","service":"financial-platform","timestamp":"2025-11-23T15:33:01.883Z"}
{"context":"RouterExplorer","level":"info","message":"Mapped {/api/transactions, GET} route","service":"financial-platform","timestamp":"2025-11-23T15:33:01.884Z"}
{"context":"RouterExplorer","level":"info","message":"Mapped {/api/transactions/pending, GET} route","service":"financial-platform","timestamp":"2025-11-23T15:33:01.885Z"}
{"context":"RouterExplorer","level":"info","message":"Mapped {/api/transactions/pending/:id, GET} route","service":"financial-platform","timestamp":"2025-11-23T15:33:01.885Z"}
{"context":"RouterExplorer","level":"info","message":"Mapped {/api/transactions/admin, POST} route","service":"financial-platform","timestamp":"2025-11-23T15:33:01.886Z"}
{"context":"RouterExplorer","level":"info","message":"Mapped {/api/transactions/:id/validate, PATCH} route","service":"financial-platform","timestamp":"2025-11-23T15:33:01.886Z"}
{"context":"RoutesResolver","level":"info","message":"KycController {/api/kyc}:","service":"financial-platform","timestamp":"2025-11-23T15:33:01.886Z"}
{"context":"RouterExplorer","level":"info","message":"Mapped {/api/kyc/documents, POST} route","service":"financial-platform","timestamp":"2025-11-23T15:33:01.887Z"}
{"context":"RouterExplorer","level":"info","message":"Mapped {/api/kyc/documents, GET} route","service":"financial-platform","timestamp":"2025-11-23T15:33:01.887Z"}
{"context":"RouterExplorer","level":"info","message":"Mapped {/api/kyc/documents/pending, GET} route","service":"financial-platform","timestamp":"2025-11-23T15:33:01.888Z"}
{"context":"RouterExplorer","level":"info","message":"Mapped {/api/kyc/documents/:id/review, PATCH} route","service":"financial-platform","timestamp":"2025-11-23T15:33:01.888Z"}
{"context":"RoutesResolver","level":"info","message":"AuditLogsController {/api/audit-logs}:","service":"financial-platform","timestamp":"2025-11-23T15:33:01.889Z"}
{"context":"RouterExplorer","level":"info","message":"Mapped {/api/audit-logs, GET} route","service":"financial-platform","timestamp":"2025-11-23T15:33:01.889Z"}
{"context":"RouterExplorer","level":"info","message":"Mapped {/api/audit-logs/me, GET} route","service":"financial-platform","timestamp":"2025-11-23T15:33:01.889Z"}
{"context":"RoutesResolver","level":"info","message":"LoansController {/api/loans}:","service":"financial-platform","timestamp":"2025-11-23T15:33:01.890Z"}
{"context":"RouterExplorer","level":"info","message":"Mapped {/api/loans, POST} route","service":"financial-platform","timestamp":"2025-11-23T15:33:01.890Z"}
{"context":"RouterExplorer","level":"info","message":"Mapped {/api/loans, GET} route","service":"financial-platform","timestamp":"2025-11-23T15:33:01.891Z"}
{"context":"RouterExplorer","level":"info","message":"Mapped {/api/loans/:id, GET} route","service":"financial-platform","timestamp":"2025-11-23T15:33:01.891Z"}
{"context":"RouterExplorer","level":"info","message":"Mapped {/api/loans/:id/repayments, GET} route","service":"financial-platform","timestamp":"2025-11-23T15:33:01.892Z"}
{"context":"RouterExplorer","level":"info","message":"Mapped {/api/loans/:id/repayments, POST} route","service":"financial-platform","timestamp":"2025-11-23T15:33:01.892Z"}
{"context":"RouterExplorer","level":"info","message":"Mapped {/api/loans/:id/approve, PATCH} route","service":"financial-platform","timestamp":"2025-11-23T15:33:01.893Z"}
{"context":"RouterExplorer","level":"info","message":"Mapped {/api/loans/:id/reject, PATCH} route","service":"financial-platform","timestamp":"2025-11-23T15:33:01.894Z"}
{"context":"NestApplication","level":"info","message":"Nest application successfully started","service":"financial-platform","timestamp":"2025-11-23T15:33:01.904Z"}
{"level":"info","message":"Application is running on: http://localhost:3000","service":"financial-platform","timestamp":"2025-11-23T15:33:01.909Z"}
{"context":"NotificationsGateway","level":"debug","message":"Client connected to notifications (user: b4868eb2-15d9-4c0e-aa30-af039df5dd82)","service":"financial-platform","timestamp":"2025-11-23T15:33:01.960Z"}
{"context":"RoutesResolver","level":"info","message":"AuthController {/api/auth}:","service":"financial-platform","timestamp":"2025-11-23T15:33:19.600Z"}
{"context":"RouterExplorer","level":"info","message":"Mapped {/api/auth/register, POST} route","service":"financial-platform","timestamp":"2025-11-23T15:33:19.607Z"}
{"context":"RouterExplorer","level":"info","message":"Mapped {/api/auth/login, POST} route","service":"financial-platform","timestamp":"2025-11-23T15:33:19.608Z"}
{"context":"RouterExplorer","level":"info","message":"Mapped {/api/auth/refresh, POST} route","service":"financial-platform","timestamp":"2025-11-23T15:33:19.609Z"}
{"context":"RouterExplorer","level":"info","message":"Mapped {/api/auth/logout, POST} route","service":"financial-platform","timestamp":"2025-11-23T15:33:19.610Z"}
{"context":"RouterExplorer","level":"info","message":"Mapped {/api/auth/google, GET} route","service":"financial-platform","timestamp":"2025-11-23T15:33:19.612Z"}
{"context":"RouterExplorer","level":"info","message":"Mapped {/api/auth/google/callback, GET} route","service":"financial-platform","timestamp":"2025-11-23T15:33:19.613Z"}
{"context":"RouterExplorer","level":"info","message":"Mapped {/api/auth/profile, GET} route","service":"financial-platform","timestamp":"2025-11-23T15:33:19.614Z"}
{"context":"RoutesResolver","level":"info","message":"UsersController {/api/users}:","service":"financial-platform","timestamp":"2025-11-23T15:33:19.614Z"}
{"context":"RouterExplorer","level":"info","message":"Mapped {/api/users, POST} route","service":"financial-platform","timestamp":"2025-11-23T15:33:19.615Z"}
{"context":"RouterExplorer","level":"info","message":"Mapped {/api/users, GET} route","service":"financial-platform","timestamp":"2025-11-23T15:33:19.617Z"}
{"context":"RouterExplorer","level":"info","message":"Mapped {/api/users/profile, GET} route","service":"financial-platform","timestamp":"2025-11-23T15:33:19.617Z"}
{"context":"RouterExplorer","level":"info","message":"Mapped {/api/users/:id, GET} route","service":"financial-platform","timestamp":"2025-11-23T15:33:19.618Z"}
{"context":"RouterExplorer","level":"info","message":"Mapped {/api/users/profile, PATCH} route","service":"financial-platform","timestamp":"2025-11-23T15:33:19.618Z"}
{"context":"RouterExplorer","level":"info","message":"Mapped {/api/users/:id, PATCH} route","service":"financial-platform","timestamp":"2025-11-23T15:33:19.619Z"}
{"context":"RouterExplorer","level":"info","message":"Mapped {/api/users/:id, DELETE} route","service":"financial-platform","timestamp":"2025-11-23T15:33:19.620Z"}
{"context":"RoutesResolver","level":"info","message":"AccountsController {/api/accounts}:","service":"financial-platform","timestamp":"2025-11-23T15:33:19.621Z"}
{"context":"RouterExplorer","level":"info","message":"Mapped {/api/accounts, GET} route","service":"financial-platform","timestamp":"2025-11-23T15:33:19.621Z"}
{"context":"RouterExplorer","level":"info","message":"Mapped {/api/accounts/:id, GET} route","service":"financial-platform","timestamp":"2025-11-23T15:33:19.622Z"}
{"context":"RouterExplorer","level":"info","message":"Mapped {/api/accounts/:id/balance, GET} route","service":"financial-platform","timestamp":"2025-11-23T15:33:19.623Z"}
{"context":"RouterExplorer","level":"info","message":"Mapped {/api/accounts, POST} route","service":"financial-platform","timestamp":"2025-11-23T15:33:19.623Z"}
{"context":"RouterExplorer","level":"info","message":"Mapped {/api/accounts/:id, PATCH} route","service":"financial-platform","timestamp":"2025-11-23T15:33:19.624Z"}
{"context":"RoutesResolver","level":"info","message":"TransactionsController {/api/transactions}:","service":"financial-platform","timestamp":"2025-11-23T15:33:19.625Z"}
{"context":"RouterExplorer","level":"info","message":"Mapped {/api/transactions/transfer, POST} route","service":"financial-platform","timestamp":"2025-11-23T15:33:19.625Z"}
{"context":"RouterExplorer","level":"info","message":"Mapped {/api/transactions/deposit, POST} route","service":"financial-platform","timestamp":"2025-11-23T15:33:19.626Z"}
{"context":"RouterExplorer","level":"info","message":"Mapped {/api/transactions/withdraw, POST} route","service":"financial-platform","timestamp":"2025-11-23T15:33:19.626Z"}
{"context":"RouterExplorer","level":"info","message":"Mapped {/api/transactions, GET} route","service":"financial-platform","timestamp":"2025-11-23T15:33:19.627Z"}
{"context":"RouterExplorer","level":"info","message":"Mapped {/api/transactions/pending, GET} route","service":"financial-platform","timestamp":"2025-11-23T15:33:19.628Z"}
{"context":"RouterExplorer","level":"info","message":"Mapped {/api/transactions/pending/:id, GET} route","service":"financial-platform","timestamp":"2025-11-23T15:33:19.629Z"}
{"context":"RouterExplorer","level":"info","message":"Mapped {/api/transactions/admin, POST} route","service":"financial-platform","timestamp":"2025-11-23T15:33:19.629Z"}
{"context":"RouterExplorer","level":"info","message":"Mapped {/api/transactions/:id/validate, PATCH} route","service":"financial-platform","timestamp":"2025-11-23T15:33:19.630Z"}
{"context":"RoutesResolver","level":"info","message":"KycController {/api/kyc}:","service":"financial-platform","timestamp":"2025-11-23T15:33:19.630Z"}
{"context":"RouterExplorer","level":"info","message":"Mapped {/api/kyc/documents, POST} route","service":"financial-platform","timestamp":"2025-11-23T15:33:19.631Z"}
{"context":"RouterExplorer","level":"info","message":"Mapped {/api/kyc/documents, GET} route","service":"financial-platform","timestamp":"2025-11-23T15:33:19.631Z"}
{"context":"RouterExplorer","level":"info","message":"Mapped {/api/kyc/documents/pending, GET} route","service":"financial-platform","timestamp":"2025-11-23T15:33:19.632Z"}
{"context":"RouterExplorer","level":"info","message":"Mapped {/api/kyc/documents/:id/review, PATCH} route","service":"financial-platform","timestamp":"2025-11-23T15:33:19.632Z"}
{"context":"RoutesResolver","level":"info","message":"AuditLogsController {/api/audit-logs}:","service":"financial-platform","timestamp":"2025-11-23T15:33:19.632Z"}
{"context":"RouterExplorer","level":"info","message":"Mapped {/api/audit-logs, GET} route","service":"financial-platform","timestamp":"2025-11-23T15:33:19.633Z"}
{"context":"RouterExplorer","level":"info","message":"Mapped {/api/audit-logs/me, GET} route","service":"financial-platform","timestamp":"2025-11-23T15:33:19.633Z"}
{"context":"RoutesResolver","level":"info","message":"LoansController {/api/loans}:","service":"financial-platform","timestamp":"2025-11-23T15:33:19.633Z"}
{"context":"RouterExplorer","level":"info","message":"Mapped {/api/loans, POST} route","service":"financial-platform","timestamp":"2025-11-23T15:33:19.634Z"}
{"context":"RouterExplorer","level":"info","message":"Mapped {/api/loans, GET} route","service":"financial-platform","timestamp":"2025-11-23T15:33:19.634Z"}
{"context":"RouterExplorer","level":"info","message":"Mapped {/api/loans/:id, GET} route","service":"financial-platform","timestamp":"2025-11-23T15:33:19.634Z"}
{"context":"RouterExplorer","level":"info","message":"Mapped {/api/loans/:id/repayments, GET} route","service":"financial-platform","timestamp":"2025-11-23T15:33:19.635Z"}
{"context":"RouterExplorer","level":"info","message":"Mapped {/api/loans/:id/repayments, POST} route","service":"financial-platform","timestamp":"2025-11-23T15:33:19.635Z"}
{"context":"RouterExplorer","level":"info","message":"Mapped {/api/loans/:id/approve, PATCH} route","service":"financial-platform","timestamp":"2025-11-23T15:33:19.636Z"}
{"context":"RouterExplorer","level":"info","message":"Mapped {/api/loans/:id/reject, PATCH} route","service":"financial-platform","timestamp":"2025-11-23T15:33:19.636Z"}
{"context":"NestApplication","level":"info","message":"Nest application successfully started","service":"financial-platform","timestamp":"2025-11-23T15:33:19.646Z"}
{"level":"info","message":"Application is running on: http://localhost:3000","service":"financial-platform","timestamp":"2025-11-23T15:33:19.652Z"}
{"context":"NotificationsGateway","level":"debug","message":"Client connected to notifications (user: b4868eb2-15d9-4c0e-aa30-af039df5dd82)","service":"financial-platform","timestamp":"2025-11-23T15:33:20.974Z"}
{"context":"RoutesResolver","level":"info","message":"AuthController {/api/auth}:","service":"financial-platform","timestamp":"2025-11-23T15:34:21.772Z"}
{"context":"RouterExplorer","level":"info","message":"Mapped {/api/auth/register, POST} route","service":"financial-platform","timestamp":"2025-11-23T15:34:21.778Z"}
{"context":"RouterExplorer","level":"info","message":"Mapped {/api/auth/login, POST} route","service":"financial-platform","timestamp":"2025-11-23T15:34:21.779Z"}
{"context":"RouterExplorer","level":"info","message":"Mapped {/api/auth/refresh, POST} route","service":"financial-platform","timestamp":"2025-11-23T15:34:21.780Z"}
{"context":"RouterExplorer","level":"info","message":"Mapped {/api/auth/logout, POST} route","service":"financial-platform","timestamp":"2025-11-23T15:34:21.781Z"}
{"context":"RouterExplorer","level":"info","message":"Mapped {/api/auth/google, GET} route","service":"financial-platform","timestamp":"2025-11-23T15:34:21.782Z"}
{"context":"RouterExplorer","level":"info","message":"Mapped {/api/auth/google/callback, GET} route","service":"financial-platform","timestamp":"2025-11-23T15:34:21.783Z"}
{"context":"RouterExplorer","level":"info","message":"Mapped {/api/auth/profile, GET} route","service":"financial-platform","timestamp":"2025-11-23T15:34:21.783Z"}
{"context":"RoutesResolver","level":"info","message":"UsersController {/api/users}:","service":"financial-platform","timestamp":"2025-11-23T15:34:21.784Z"}
{"context":"RouterExplorer","level":"info","message":"Mapped {/api/users, POST} route","service":"financial-platform","timestamp":"2025-11-23T15:34:21.784Z"}
{"context":"RouterExplorer","level":"info","message":"Mapped {/api/users, GET} route","service":"financial-platform","timestamp":"2025-11-23T15:34:21.786Z"}
{"context":"RouterExplorer","level":"info","message":"Mapped {/api/users/profile, GET} route","service":"financial-platform","timestamp":"2025-11-23T15:34:21.787Z"}
{"context":"RouterExplorer","level":"info","message":"Mapped {/api/users/:id, GET} route","service":"financial-platform","timestamp":"2025-11-23T15:34:21.787Z"}
{"context":"RouterExplorer","level":"info","message":"Mapped {/api/users/profile, PATCH} route","service":"financial-platform","timestamp":"2025-11-23T15:34:21.788Z"}
{"context":"RouterExplorer","level":"info","message":"Mapped {/api/users/:id, PATCH} route","service":"financial-platform","timestamp":"2025-11-23T15:34:21.788Z"}
{"context":"RouterExplorer","level":"info","message":"Mapped {/api/users/:id, DELETE} route","service":"financial-platform","timestamp":"2025-11-23T15:34:21.789Z"}
{"context":"RoutesResolver","level":"info","message":"AccountsController {/api/accounts}:","service":"financial-platform","timestamp":"2025-11-23T15:34:21.789Z"}
{"context":"RouterExplorer","level":"info","message":"Mapped {/api/accounts, GET} route","service":"financial-platform","timestamp":"2025-11-23T15:34:21.790Z"}
{"context":"RouterExplorer","level":"info","message":"Mapped {/api/accounts/:id, GET} route","service":"financial-platform","timestamp":"2025-11-23T15:34:21.790Z"}
{"context":"RouterExplorer","level":"info","message":"Mapped {/api/accounts/:id/balance, GET} route","service":"financial-platform","timestamp":"2025-11-23T15:34:21.791Z"}
{"context":"RouterExplorer","level":"info","message":"Mapped {/api/accounts, POST} route","service":"financial-platform","timestamp":"2025-11-23T15:34:21.792Z"}
{"context":"RouterExplorer","level":"info","message":"Mapped {/api/accounts/:id, PATCH} route","service":"financial-platform","timestamp":"2025-11-23T15:34:21.793Z"}
{"context":"RoutesResolver","level":"info","message":"TransactionsController {/api/transactions}:","service":"financial-platform","timestamp":"2025-11-23T15:34:21.793Z"}
{"context":"RouterExplorer","level":"info","message":"Mapped {/api/transactions/transfer, POST} route","service":"financial-platform","timestamp":"2025-11-23T15:34:21.794Z"}
{"context":"RouterExplorer","level":"info","message":"Mapped {/api/transactions/deposit, POST} route","service":"financial-platform","timestamp":"2025-11-23T15:34:21.795Z"}
{"context":"RouterExplorer","level":"info","message":"Mapped {/api/transactions/withdraw, POST} route","service":"financial-platform","timestamp":"2025-11-23T15:34:21.795Z"}
{"context":"RouterExplorer","level":"info","message":"Mapped {/api/transactions, GET} route","service":"financial-platform","timestamp":"2025-11-23T15:34:21.796Z"}
{"context":"RouterExplorer","level":"info","message":"Mapped {/api/transactions/pending, GET} route","service":"financial-platform","timestamp":"2025-11-23T15:34:21.797Z"}
{"context":"RouterExplorer","level":"info","message":"Mapped {/api/transactions/pending/:id, GET} route","service":"financial-platform","timestamp":"2025-11-23T15:34:21.797Z"}
{"context":"RouterExplorer","level":"info","message":"Mapped {/api/transactions/admin, POST} route","service":"financial-platform","timestamp":"2025-11-23T15:34:21.798Z"}
{"context":"RouterExplorer","level":"info","message":"Mapped {/api/transactions/:id/validate, PATCH} route","service":"financial-platform","timestamp":"2025-11-23T15:34:21.798Z"}
{"context":"RoutesResolver","level":"info","message":"KycController {/api/kyc}:","service":"financial-platform","timestamp":"2025-11-23T15:34:21.799Z"}
{"context":"RouterExplorer","level":"info","message":"Mapped {/api/kyc/documents, POST} route","service":"financial-platform","timestamp":"2025-11-23T15:34:21.799Z"}
{"context":"RouterExplorer","level":"info","message":"Mapped {/api/kyc/documents, GET} route","service":"financial-platform","timestamp":"2025-11-23T15:34:21.800Z"}
{"context":"RouterExplorer","level":"info","message":"Mapped {/api/kyc/documents/pending, GET} route","service":"financial-platform","timestamp":"2025-11-23T15:34:21.800Z"}
{"context":"RouterExplorer","level":"info","message":"Mapped {/api/kyc/documents/:id/review, PATCH} route","service":"financial-platform","timestamp":"2025-11-23T15:34:21.801Z"}
{"context":"RoutesResolver","level":"info","message":"AuditLogsController {/api/audit-logs}:","service":"financial-platform","timestamp":"2025-11-23T15:34:21.801Z"}
{"context":"RouterExplorer","level":"info","message":"Mapped {/api/audit-logs, GET} route","service":"financial-platform","timestamp":"2025-11-23T15:34:21.802Z"}
{"context":"RouterExplorer","level":"info","message":"Mapped {/api/audit-logs/me, GET} route","service":"financial-platform","timestamp":"2025-11-23T15:34:21.802Z"}
{"context":"RoutesResolver","level":"info","message":"LoansController {/api/loans}:","service":"financial-platform","timestamp":"2025-11-23T15:34:21.802Z"}
{"context":"RouterExplorer","level":"info","message":"Mapped {/api/loans, POST} route","service":"financial-platform","timestamp":"2025-11-23T15:34:21.803Z"}
{"context":"RouterExplorer","level":"info","message":"Mapped {/api/loans, GET} route","service":"financial-platform","timestamp":"2025-11-23T15:34:21.803Z"}
{"context":"RouterExplorer","level":"info","message":"Mapped {/api/loans/:id, GET} route","service":"financial-platform","timestamp":"2025-11-23T15:34:21.804Z"}
{"context":"RouterExplorer","level":"info","message":"Mapped {/api/loans/:id/repayments, GET} route","service":"financial-platform","timestamp":"2025-11-23T15:34:21.804Z"}
{"context":"RouterExplorer","level":"info","message":"Mapped {/api/loans/:id/repayments, POST} route","service":"financial-platform","timestamp":"2025-11-23T15:34:21.804Z"}
{"context":"RouterExplorer","level":"info","message":"Mapped {/api/loans/:id/approve, PATCH} route","service":"financial-platform","timestamp":"2025-11-23T15:34:21.805Z"}
{"context":"RouterExplorer","level":"info","message":"Mapped {/api/loans/:id/reject, PATCH} route","service":"financial-platform","timestamp":"2025-11-23T15:34:21.805Z"}
{"context":"NestApplication","level":"info","message":"Nest application successfully started","service":"financial-platform","timestamp":"2025-11-23T15:34:21.814Z"}
{"level":"info","message":"Application is running on: http://localhost:3000","service":"financial-platform","timestamp":"2025-11-23T15:34:21.817Z"}
{"context":"NotificationsGateway","level":"debug","message":"Client connected to notifications (user: b4868eb2-15d9-4c0e-aa30-af039df5dd82)","service":"financial-platform","timestamp":"2025-11-23T15:34:22.954Z"}
{"context":"RoutesResolver","level":"info","message":"AuthController {/api/auth}:","service":"financial-platform","timestamp":"2025-11-23T15:34:30.861Z"}
{"context":"RouterExplorer","level":"info","message":"Mapped {/api/auth/register, POST} route","service":"financial-platform","timestamp":"2025-11-23T15:34:30.867Z"}
{"context":"RouterExplorer","level":"info","message":"Mapped {/api/auth/login, POST} route","service":"financial-platform","timestamp":"2025-11-23T15:34:30.868Z"}
{"context":"RouterExplorer","level":"info","message":"Mapped {/api/auth/refresh, POST} route","service":"financial-platform","timestamp":"2025-11-23T15:34:30.869Z"}
{"context":"RouterExplorer","level":"info","message":"Mapped {/api/auth/logout, POST} route","service":"financial-platform","timestamp":"2025-11-23T15:34:30.870Z"}
{"context":"RouterExplorer","level":"info","message":"Mapped {/api/auth/google, GET} route","service":"financial-platform","timestamp":"2025-11-23T15:34:30.872Z"}
{"context":"RouterExplorer","level":"info","message":"Mapped {/api/auth/google/callback, GET} route","service":"financial-platform","timestamp":"2025-11-23T15:34:30.873Z"}
{"context":"RouterExplorer","level":"info","message":"Mapped {/api/auth/profile, GET} route","service":"financial-platform","timestamp":"2025-11-23T15:34:30.874Z"}
{"context":"RoutesResolver","level":"info","message":"UsersController {/api/users}:","service":"financial-platform","timestamp":"2025-11-23T15:34:30.875Z"}
{"context":"RouterExplorer","level":"info","message":"Mapped {/api/users, POST} route","service":"financial-platform","timestamp":"2025-11-23T15:34:30.879Z"}
{"context":"RouterExplorer","level":"info","message":"Mapped {/api/users, GET} route","service":"financial-platform","timestamp":"2025-11-23T15:34:30.880Z"}
{"context":"RouterExplorer","level":"info","message":"Mapped {/api/users/profile, GET} route","service":"financial-platform","timestamp":"2025-11-23T15:34:30.881Z"}
{"context":"RouterExplorer","level":"info","message":"Mapped {/api/users/:id, GET} route","service":"financial-platform","timestamp":"2025-11-23T15:34:30.882Z"}
{"context":"RouterExplorer","level":"info","message":"Mapped {/api/users/profile, PATCH} route","service":"financial-platform","timestamp":"2025-11-23T15:34:30.883Z"}
{"context":"RouterExplorer","level":"info","message":"Mapped {/api/users/:id, PATCH} route","service":"financial-platform","timestamp":"2025-11-23T15:34:30.883Z"}
{"context":"RouterExplorer","level":"info","message":"Mapped {/api/users/:id, DELETE} route","service":"financial-platform","timestamp":"2025-11-23T15:34:30.884Z"}
{"context":"RoutesResolver","level":"info","message":"AccountsController {/api/accounts}:","service":"financial-platform","timestamp":"2025-11-23T15:34:30.885Z"}
{"context":"RouterExplorer","level":"info","message":"Mapped {/api/accounts, GET} route","service":"financial-platform","timestamp":"2025-11-23T15:34:30.886Z"}
{"context":"RouterExplorer","level":"info","message":"Mapped {/api/accounts/:id, GET} route","service":"financial-platform","timestamp":"2025-11-23T15:34:30.887Z"}
{"context":"RouterExplorer","level":"info","message":"Mapped {/api/accounts/:id/balance, GET} route","service":"financial-platform","timestamp":"2025-11-23T15:34:30.887Z"}
{"context":"RouterExplorer","level":"info","message":"Mapped {/api/accounts, POST} route","service":"financial-platform","timestamp":"2025-11-23T15:34:30.888Z"}
{"context":"RouterExplorer","level":"info","message":"Mapped {/api/accounts/:id, PATCH} route","service":"financial-platform","timestamp":"2025-11-23T15:34:30.889Z"}
{"context":"RoutesResolver","level":"info","message":"TransactionsController {/api/transactions}:","service":"financial-platform","timestamp":"2025-11-23T15:34:30.889Z"}
{"context":"RouterExplorer","level":"info","message":"Mapped {/api/transactions/transfer, POST} route","service":"financial-platform","timestamp":"2025-11-23T15:34:30.890Z"}
{"context":"RouterExplorer","level":"info","message":"Mapped {/api/transactions/deposit, POST} route","service":"financial-platform","timestamp":"2025-11-23T15:34:30.891Z"}
{"context":"RouterExplorer","level":"info","message":"Mapped {/api/transactions/withdraw, POST} route","service":"financial-platform","timestamp":"2025-11-23T15:34:30.891Z"}
{"context":"RouterExplorer","level":"info","message":"Mapped {/api/transactions, GET} route","service":"financial-platform","timestamp":"2025-11-23T15:34:30.892Z"}
{"context":"RouterExplorer","level":"info","message":"Mapped {/api/transactions/pending, GET} route","service":"financial-platform","timestamp":"2025-11-23T15:34:30.893Z"}
{"context":"RouterExplorer","level":"info","message":"Mapped {/api/transactions/pending/:id, GET} route","service":"financial-platform","timestamp":"2025-11-23T15:34:30.893Z"}
{"context":"RouterExplorer","level":"info","message":"Mapped {/api/transactions/admin, POST} route","service":"financial-platform","timestamp":"2025-11-23T15:34:30.894Z"}
{"context":"RouterExplorer","level":"info","message":"Mapped {/api/transactions/:id/validate, PATCH} route","service":"financial-platform","timestamp":"2025-11-23T15:34:30.895Z"}
{"context":"RoutesResolver","level":"info","message":"KycController {/api/kyc}:","service":"financial-platform","timestamp":"2025-11-23T15:34:30.895Z"}
{"context":"RouterExplorer","level":"info","message":"Mapped {/api/kyc/documents, POST} route","service":"financial-platform","timestamp":"2025-11-23T15:34:30.896Z"}
{"context":"RouterExplorer","level":"info","message":"Mapped {/api/kyc/documents, GET} route","service":"financial-platform","timestamp":"2025-11-23T15:34:30.896Z"}
{"context":"RouterExplorer","level":"info","message":"Mapped {/api/kyc/documents/pending, GET} route","service":"financial-platform","timestamp":"2025-11-23T15:34:30.897Z"}
{"context":"RouterExplorer","level":"info","message":"Mapped {/api/kyc/documents/:id/review, PATCH} route","service":"financial-platform","timestamp":"2025-11-23T15:34:30.898Z"}
{"context":"RoutesResolver","level":"info","message":"AuditLogsController {/api/audit-logs}:","service":"financial-platform","timestamp":"2025-11-23T15:34:30.898Z"}
{"context":"RouterExplorer","level":"info","message":"Mapped {/api/audit-logs, GET} route","service":"financial-platform","timestamp":"2025-11-23T15:34:30.898Z"}
{"context":"RouterExplorer","level":"info","message":"Mapped {/api/audit-logs/me, GET} route","service":"financial-platform","timestamp":"2025-11-23T15:34:30.899Z"}
{"context":"RoutesResolver","level":"info","message":"LoansController {/api/loans}:","service":"financial-platform","timestamp":"2025-11-23T15:34:30.899Z"}
{"context":"RouterExplorer","level":"info","message":"Mapped {/api/loans, POST} route","service":"financial-platform","timestamp":"2025-11-23T15:34:30.900Z"}
{"context":"RouterExplorer","level":"info","message":"Mapped {/api/loans, GET} route","service":"financial-platform","timestamp":"2025-11-23T15:34:30.900Z"}
{"context":"RouterExplorer","level":"info","message":"Mapped {/api/loans/:id, GET} route","service":"financial-platform","timestamp":"2025-11-23T15:34:30.901Z"}
{"context":"RouterExplorer","level":"info","message":"Mapped {/api/loans/:id/repayments, GET} route","service":"financial-platform","timestamp":"2025-11-23T15:34:30.901Z"}
{"context":"RouterExplorer","level":"info","message":"Mapped {/api/loans/:id/repayments, POST} route","service":"financial-platform","timestamp":"2025-11-23T15:34:30.902Z"}
{"context":"RouterExplorer","level":"info","message":"Mapped {/api/loans/:id/approve, PATCH} route","service":"financial-platform","timestamp":"2025-11-23T15:34:30.902Z"}
{"context":"RouterExplorer","level":"info","message":"Mapped {/api/loans/:id/reject, PATCH} route","service":"financial-platform","timestamp":"2025-11-23T15:34:30.903Z"}
{"context":"NestApplication","level":"info","message":"Nest application successfully started","service":"financial-platform","timestamp":"2025-11-23T15:34:30.913Z"}
{"level":"info","message":"Application is running on: http://localhost:3000","service":"financial-platform","timestamp":"2025-11-23T15:34:30.918Z"}
{"context":"NotificationsGateway","level":"debug","message":"Client connected to notifications (user: b4868eb2-15d9-4c0e-aa30-af039df5dd82)","service":"financial-platform","timestamp":"2025-11-23T15:34:32.972Z"}
{"context":"RoutesResolver","level":"info","message":"AuthController {/api/auth}:","service":"financial-platform","timestamp":"2025-11-23T15:55:38.830Z"}
{"context":"RouterExplorer","level":"info","message":"Mapped {/api/auth/register, POST} route","service":"financial-platform","timestamp":"2025-11-23T15:55:38.839Z"}
{"context":"RouterExplorer","level":"info","message":"Mapped {/api/auth/login, POST} route","service":"financial-platform","timestamp":"2025-11-23T15:55:38.841Z"}
{"context":"RouterExplorer","level":"info","message":"Mapped {/api/auth/refresh, POST} route","service":"financial-platform","timestamp":"2025-11-23T15:55:38.842Z"}
{"context":"RouterExplorer","level":"info","message":"Mapped {/api/auth/logout, POST} route","service":"financial-platform","timestamp":"2025-11-23T15:55:38.844Z"}
{"context":"RouterExplorer","level":"info","message":"Mapped {/api/auth/google, GET} route","service":"financial-platform","timestamp":"2025-11-23T15:55:38.845Z"}
{"context":"RouterExplorer","level":"info","message":"Mapped {/api/auth/google/callback, GET} route","service":"financial-platform","timestamp":"2025-11-23T15:55:38.848Z"}
{"context":"RouterExplorer","level":"info","message":"Mapped {/api/auth/profile, GET} route","service":"financial-platform","timestamp":"2025-11-23T15:55:38.849Z"}
{"context":"RoutesResolver","level":"info","message":"UsersController {/api/users}:","service":"financial-platform","timestamp":"2025-11-23T15:55:38.849Z"}
{"context":"RouterExplorer","level":"info","message":"Mapped {/api/users, POST} route","service":"financial-platform","timestamp":"2025-11-23T15:55:38.851Z"}
{"context":"RouterExplorer","level":"info","message":"Mapped {/api/users, GET} route","service":"financial-platform","timestamp":"2025-11-23T15:55:38.852Z"}
{"context":"RouterExplorer","level":"info","message":"Mapped {/api/users/profile, GET} route","service":"financial-platform","timestamp":"2025-11-23T15:55:38.853Z"}
{"context":"RouterExplorer","level":"info","message":"Mapped {/api/users/:id, GET} route","service":"financial-platform","timestamp":"2025-11-23T15:55:38.854Z"}
{"context":"RouterExplorer","level":"info","message":"Mapped {/api/users/profile, PATCH} route","service":"financial-platform","timestamp":"2025-11-23T15:55:38.855Z"}
{"context":"RouterExplorer","level":"info","message":"Mapped {/api/users/:id, PATCH} route","service":"financial-platform","timestamp":"2025-11-23T15:55:38.856Z"}
{"context":"RouterExplorer","level":"info","message":"Mapped {/api/users/:id, DELETE} route","service":"financial-platform","timestamp":"2025-11-23T15:55:38.857Z"}
{"context":"RoutesResolver","level":"info","message":"AccountsController {/api/accounts}:","service":"financial-platform","timestamp":"2025-11-23T15:55:38.859Z"}
{"context":"RouterExplorer","level":"info","message":"Mapped {/api/accounts, GET} route","service":"financial-platform","timestamp":"2025-11-23T15:55:38.859Z"}
{"context":"RouterExplorer","level":"info","message":"Mapped {/api/accounts/:id, GET} route","service":"financial-platform","timestamp":"2025-11-23T15:55:38.860Z"}
{"context":"RouterExplorer","level":"info","message":"Mapped {/api/accounts/:id/balance, GET} route","service":"financial-platform","timestamp":"2025-11-23T15:55:38.861Z"}
{"context":"RouterExplorer","level":"info","message":"Mapped {/api/accounts, POST} route","service":"financial-platform","timestamp":"2025-11-23T15:55:38.862Z"}
{"context":"RouterExplorer","level":"info","message":"Mapped {/api/accounts/:id, PATCH} route","service":"financial-platform","timestamp":"2025-11-23T15:55:38.863Z"}
{"context":"RoutesResolver","level":"info","message":"TransactionsController {/api/transactions}:","service":"financial-platform","timestamp":"2025-11-23T15:55:38.865Z"}
{"context":"RouterExplorer","level":"info","message":"Mapped {/api/transactions/transfer, POST} route","service":"financial-platform","timestamp":"2025-11-23T15:55:38.866Z"}
{"context":"RouterExplorer","level":"info","message":"Mapped {/api/transactions/deposit, POST} route","service":"financial-platform","timestamp":"2025-11-23T15:55:38.867Z"}
{"context":"RouterExplorer","level":"info","message":"Mapped {/api/transactions/withdraw, POST} route","service":"financial-platform","timestamp":"2025-11-23T15:55:38.868Z"}
{"context":"RouterExplorer","level":"info","message":"Mapped {/api/transactions, GET} route","service":"financial-platform","timestamp":"2025-11-23T15:55:38.871Z"}
{"context":"RouterExplorer","level":"info","message":"Mapped {/api/transactions/pending, GET} route","service":"financial-platform","timestamp":"2025-11-23T15:55:38.871Z"}
{"context":"RouterExplorer","level":"info","message":"Mapped {/api/transactions/pending/:id, GET} route","service":"financial-platform","timestamp":"2025-11-23T15:55:38.872Z"}
{"context":"RouterExplorer","level":"info","message":"Mapped {/api/transactions/admin, POST} route","service":"financial-platform","timestamp":"2025-11-23T15:55:38.873Z"}
{"context":"RouterExplorer","level":"info","message":"Mapped {/api/transactions/:id/validate, PATCH} route","service":"financial-platform","timestamp":"2025-11-23T15:55:38.873Z"}
{"context":"RoutesResolver","level":"info","message":"KycController {/api/kyc}:","service":"financial-platform","timestamp":"2025-11-23T15:55:38.877Z"}
{"context":"RouterExplorer","level":"info","message":"Mapped {/api/kyc/documents, POST} route","service":"financial-platform","timestamp":"2025-11-23T15:55:38.883Z"}
{"context":"RouterExplorer","level":"info","message":"Mapped {/api/kyc/documents, GET} route","service":"financial-platform","timestamp":"2025-11-23T15:55:38.884Z"}
{"context":"RouterExplorer","level":"info","message":"Mapped {/api/kyc/documents/pending, GET} route","service":"financial-platform","timestamp":"2025-11-23T15:55:38.885Z"}
{"context":"RouterExplorer","level":"info","message":"Mapped {/api/kyc/documents/:id/review, PATCH} route","service":"financial-platform","timestamp":"2025-11-23T15:55:38.885Z"}
{"context":"RoutesResolver","level":"info","message":"AuditLogsController {/api/audit-logs}:","service":"financial-platform","timestamp":"2025-11-23T15:55:38.888Z"}
{"context":"RouterExplorer","level":"info","message":"Mapped {/api/audit-logs, GET} route","service":"financial-platform","timestamp":"2025-11-23T15:55:38.889Z"}
{"context":"RouterExplorer","level":"info","message":"Mapped {/api/audit-logs/me, GET} route","service":"financial-platform","timestamp":"2025-11-23T15:55:38.889Z"}
{"context":"RoutesResolver","level":"info","message":"LoansController {/api/loans}:","service":"financial-platform","timestamp":"2025-11-23T15:55:38.890Z"}
{"context":"RouterExplorer","level":"info","message":"Mapped {/api/loans, POST} route","service":"financial-platform","timestamp":"2025-11-23T15:55:38.890Z"}
{"context":"RouterExplorer","level":"info","message":"Mapped {/api/loans, GET} route","service":"financial-platform","timestamp":"2025-11-23T15:55:38.893Z"}
{"context":"RouterExplorer","level":"info","message":"Mapped {/api/loans/:id, GET} route","service":"financial-platform","timestamp":"2025-11-23T15:55:38.894Z"}
{"context":"RouterExplorer","level":"info","message":"Mapped {/api/loans/:id/repayments, GET} route","service":"financial-platform","timestamp":"2025-11-23T15:55:38.894Z"}
{"context":"RouterExplorer","level":"info","message":"Mapped {/api/loans/:id/repayments, POST} route","service":"financial-platform","timestamp":"2025-11-23T15:55:38.895Z"}
{"context":"RouterExplorer","level":"info","message":"Mapped {/api/loans/:id/approve, PATCH} route","service":"financial-platform","timestamp":"2025-11-23T15:55:38.895Z"}
{"context":"RouterExplorer","level":"info","message":"Mapped {/api/loans/:id/reject, PATCH} route","service":"financial-platform","timestamp":"2025-11-23T15:55:38.896Z"}
{"context":"NestApplication","level":"info","message":"Nest application successfully started","service":"financial-platform","timestamp":"2025-11-23T15:55:38.947Z"}
{"level":"info","message":"Application is running on: http://localhost:3000","service":"financial-platform","timestamp":"2025-11-23T15:55:38.972Z"}
{"context":"NotificationsGateway","level":"debug","message":"Client connected to notifications (user: b4868eb2-15d9-4c0e-aa30-af039df5dd82)","service":"financial-platform","timestamp":"2025-11-23T15:55:42.902Z"}
{"context":"RoutesResolver","level":"info","message":"AuthController {/api/auth}:","service":"financial-platform","timestamp":"2025-11-23T18:22:32.824Z"}
{"context":"RouterExplorer","level":"info","message":"Mapped {/api/auth/register, POST} route","service":"financial-platform","timestamp":"2025-11-23T18:22:32.837Z"}
{"context":"RouterExplorer","level":"info","message":"Mapped {/api/auth/login, POST} route","service":"financial-platform","timestamp":"2025-11-23T18:22:32.839Z"}
{"context":"RouterExplorer","level":"info","message":"Mapped {/api/auth/refresh, POST} route","service":"financial-platform","timestamp":"2025-11-23T18:22:32.841Z"}
{"context":"RouterExplorer","level":"info","message":"Mapped {/api/auth/logout, POST} route","service":"financial-platform","timestamp":"2025-11-23T18:22:32.844Z"}
{"context":"RouterExplorer","level":"info","message":"Mapped {/api/auth/google, GET} route","service":"financial-platform","timestamp":"2025-11-23T18:22:32.846Z"}
{"context":"RouterExplorer","level":"info","message":"Mapped {/api/auth/google/callback, GET} route","service":"financial-platform","timestamp":"2025-11-23T18:22:32.847Z"}
{"context":"RouterExplorer","level":"info","message":"Mapped {/api/auth/profile, GET} route","service":"financial-platform","timestamp":"2025-11-23T18:22:32.848Z"}
{"context":"RoutesResolver","level":"info","message":"UsersController {/api/users}:","service":"financial-platform","timestamp":"2025-11-23T18:22:32.849Z"}
{"context":"RouterExplorer","level":"info","message":"Mapped {/api/users, POST} route","service":"financial-platform","timestamp":"2025-11-23T18:22:32.851Z"}
{"context":"RouterExplorer","level":"info","message":"Mapped {/api/users, GET} route","service":"financial-platform","timestamp":"2025-11-23T18:22:32.853Z"}
{"context":"RouterExplorer","level":"info","message":"Mapped {/api/users/profile, GET} route","service":"financial-platform","timestamp":"2025-11-23T18:22:32.854Z"}
{"context":"RouterExplorer","level":"info","message":"Mapped {/api/users/:id, GET} route","service":"financial-platform","timestamp":"2025-11-23T18:22:32.856Z"}
{"context":"RouterExplorer","level":"info","message":"Mapped {/api/users/profile, PATCH} route","service":"financial-platform","timestamp":"2025-11-23T18:22:32.857Z"}
{"context":"RouterExplorer","level":"info","message":"Mapped {/api/users/:id, PATCH} route","service":"financial-platform","timestamp":"2025-11-23T18:22:32.859Z"}
{"context":"RouterExplorer","level":"info","message":"Mapped {/api/users/:id, DELETE} route","service":"financial-platform","timestamp":"2025-11-23T18:22:32.860Z"}
{"context":"RoutesResolver","level":"info","message":"AccountsController {/api/accounts}:","service":"financial-platform","timestamp":"2025-11-23T18:22:32.861Z"}
{"context":"RouterExplorer","level":"info","message":"Mapped {/api/accounts, GET} route","service":"financial-platform","timestamp":"2025-11-23T18:22:32.862Z"}
{"context":"RouterExplorer","level":"info","message":"Mapped {/api/accounts/:id, GET} route","service":"financial-platform","timestamp":"2025-11-23T18:22:32.863Z"}
{"context":"RouterExplorer","level":"info","message":"Mapped {/api/accounts/:id/balance, GET} route","service":"financial-platform","timestamp":"2025-11-23T18:22:32.864Z"}
{"context":"RouterExplorer","level":"info","message":"Mapped {/api/accounts, POST} route","service":"financial-platform","timestamp":"2025-11-23T18:22:32.865Z"}
{"context":"RouterExplorer","level":"info","message":"Mapped {/api/accounts/:id, PATCH} route","service":"financial-platform","timestamp":"2025-11-23T18:22:32.866Z"}
{"context":"RoutesResolver","level":"info","message":"TransactionsController {/api/transactions}:","service":"financial-platform","timestamp":"2025-11-23T18:22:32.866Z"}
{"context":"RouterExplorer","level":"info","message":"Mapped {/api/transactions/transfer, POST} route","service":"financial-platform","timestamp":"2025-11-23T18:22:32.867Z"}
{"context":"RouterExplorer","level":"info","message":"Mapped {/api/transactions/deposit, POST} route","service":"financial-platform","timestamp":"2025-11-23T18:22:32.868Z"}
{"context":"RouterExplorer","level":"info","message":"Mapped {/api/transactions/withdraw, POST} route","service":"financial-platform","timestamp":"2025-11-23T18:22:32.869Z"}
{"context":"RouterExplorer","level":"info","message":"Mapped {/api/transactions, GET} route","service":"financial-platform","timestamp":"2025-11-23T18:22:32.870Z"}
{"context":"RouterExplorer","level":"info","message":"Mapped {/api/transactions/pending, GET} route","service":"financial-platform","timestamp":"2025-11-23T18:22:32.870Z"}
{"context":"RouterExplorer","level":"info","message":"Mapped {/api/transactions/pending/:id, GET} route","service":"financial-platform","timestamp":"2025-11-23T18:22:32.871Z"}
{"context":"RouterExplorer","level":"info","message":"Mapped {/api/transactions/admin, POST} route","service":"financial-platform","timestamp":"2025-11-23T18:22:32.872Z"}
{"context":"RouterExplorer","level":"info","message":"Mapped {/api/transactions/:id/validate, PATCH} route","service":"financial-platform","timestamp":"2025-11-23T18:22:32.873Z"}
{"context":"RoutesResolver","level":"info","message":"KycController {/api/kyc}:","service":"financial-platform","timestamp":"2025-11-23T18:22:32.873Z"}
{"context":"RouterExplorer","level":"info","message":"Mapped {/api/kyc/documents, POST} route","service":"financial-platform","timestamp":"2025-11-23T18:22:32.874Z"}
{"context":"RouterExplorer","level":"info","message":"Mapped {/api/kyc/documents, GET} route","service":"financial-platform","timestamp":"2025-11-23T18:22:32.875Z"}
{"context":"RouterExplorer","level":"info","message":"Mapped {/api/kyc/documents/pending, GET} route","service":"financial-platform","timestamp":"2025-11-23T18:22:32.876Z"}
{"context":"RouterExplorer","level":"info","message":"Mapped {/api/kyc/documents/:id/review, PATCH} route","service":"financial-platform","timestamp":"2025-11-23T18:22:32.878Z"}
{"context":"RoutesResolver","level":"info","message":"AuditLogsController {/api/audit-logs}:","service":"financial-platform","timestamp":"2025-11-23T18:22:32.878Z"}
{"context":"RouterExplorer","level":"info","message":"Mapped {/api/audit-logs, GET} route","service":"financial-platform","timestamp":"2025-11-23T18:22:32.879Z"}
{"context":"RouterExplorer","level":"info","message":"Mapped {/api/audit-logs/me, GET} route","service":"financial-platform","timestamp":"2025-11-23T18:22:32.880Z"}
{"context":"RoutesResolver","level":"info","message":"LoansController {/api/loans}:","service":"financial-platform","timestamp":"2025-11-23T18:22:32.880Z"}
{"context":"RouterExplorer","level":"info","message":"Mapped {/api/loans, POST} route","service":"financial-platform","timestamp":"2025-11-23T18:22:32.881Z"}
{"context":"RouterExplorer","level":"info","message":"Mapped {/api/loans, GET} route","service":"financial-platform","timestamp":"2025-11-23T18:22:32.882Z"}
{"context":"RouterExplorer","level":"info","message":"Mapped {/api/loans/:id, GET} route","service":"financial-platform","timestamp":"2025-11-23T18:22:32.883Z"}
{"context":"RouterExplorer","level":"info","message":"Mapped {/api/loans/:id/repayments, GET} route","service":"financial-platform","timestamp":"2025-11-23T18:22:32.884Z"}
{"context":"RouterExplorer","level":"info","message":"Mapped {/api/loans/:id/repayments, POST} route","service":"financial-platform","timestamp":"2025-11-23T18:22:32.884Z"}
{"context":"RouterExplorer","level":"info","message":"Mapped {/api/loans/:id/approve, PATCH} route","service":"financial-platform","timestamp":"2025-11-23T18:22:32.885Z"}
{"context":"RouterExplorer","level":"info","message":"Mapped {/api/loans/:id/reject, PATCH} route","service":"financial-platform","timestamp":"2025-11-23T18:22:32.886Z"}
{"context":"NestApplication","level":"info","message":"Nest application successfully started","service":"financial-platform","timestamp":"2025-11-23T18:22:32.900Z"}
{"level":"info","message":"Application is running on: http://localhost:3000","service":"financial-platform","timestamp":"2025-11-23T18:22:32.906Z"}
{"context":"RoutesResolver","level":"info","message":"AuthController {/api/auth}:","service":"financial-platform","timestamp":"2025-11-23T19:05:39.182Z"}
{"context":"RouterExplorer","level":"info","message":"Mapped {/api/auth/register, POST} route","service":"financial-platform","timestamp":"2025-11-23T19:05:39.189Z"}
{"context":"RouterExplorer","level":"info","message":"Mapped {/api/auth/login, POST} route","service":"financial-platform","timestamp":"2025-11-23T19:05:39.190Z"}
{"context":"RouterExplorer","level":"info","message":"Mapped {/api/auth/refresh, POST} route","service":"financial-platform","timestamp":"2025-11-23T19:05:39.191Z"}
{"context":"RouterExplorer","level":"info","message":"Mapped {/api/auth/logout, POST} route","service":"financial-platform","timestamp":"2025-11-23T19:05:39.191Z"}
{"context":"RouterExplorer","level":"info","message":"Mapped {/api/auth/google, GET} route","service":"financial-platform","timestamp":"2025-11-23T19:05:39.192Z"}
{"context":"RouterExplorer","level":"info","message":"Mapped {/api/auth/google/callback, GET} route","service":"financial-platform","timestamp":"2025-11-23T19:05:39.193Z"}
{"context":"RouterExplorer","level":"info","message":"Mapped {/api/auth/profile, GET} route","service":"financial-platform","timestamp":"2025-11-23T19:05:39.194Z"}
{"context":"RoutesResolver","level":"info","message":"UsersController {/api/users}:","service":"financial-platform","timestamp":"2025-11-23T19:05:39.194Z"}
{"context":"RouterExplorer","level":"info","message":"Mapped {/api/users, POST} route","service":"financial-platform","timestamp":"2025-11-23T19:05:39.195Z"}
{"context":"RouterExplorer","level":"info","message":"Mapped {/api/users, GET} route","service":"financial-platform","timestamp":"2025-11-23T19:05:39.196Z"}
{"context":"RouterExplorer","level":"info","message":"Mapped {/api/users/profile, GET} route","service":"financial-platform","timestamp":"2025-11-23T19:05:39.197Z"}
{"context":"RouterExplorer","level":"info","message":"Mapped {/api/users/:id, GET} route","service":"financial-platform","timestamp":"2025-11-23T19:05:39.197Z"}
{"context":"RouterExplorer","level":"info","message":"Mapped {/api/users/profile, PATCH} route","service":"financial-platform","timestamp":"2025-11-23T19:05:39.198Z"}
{"context":"RouterExplorer","level":"info","message":"Mapped {/api/users/:id, PATCH} route","service":"financial-platform","timestamp":"2025-11-23T19:05:39.198Z"}
{"context":"RouterExplorer","level":"info","message":"Mapped {/api/users/:id, DELETE} route","service":"financial-platform","timestamp":"2025-11-23T19:05:39.199Z"}
{"context":"RoutesResolver","level":"info","message":"AccountsController {/api/accounts}:","service":"financial-platform","timestamp":"2025-11-23T19:05:39.199Z"}
{"context":"RouterExplorer","level":"info","message":"Mapped {/api/accounts, GET} route","service":"financial-platform","timestamp":"2025-11-23T19:05:39.200Z"}
{"context":"RouterExplorer","level":"info","message":"Mapped {/api/accounts/:id, GET} route","service":"financial-platform","timestamp":"2025-11-23T19:05:39.200Z"}
{"context":"RouterExplorer","level":"info","message":"Mapped {/api/accounts/:id/balance, GET} route","service":"financial-platform","timestamp":"2025-11-23T19:05:39.201Z"}
{"context":"RouterExplorer","level":"info","message":"Mapped {/api/accounts, POST} route","service":"financial-platform","timestamp":"2025-11-23T19:05:39.201Z"}
{"context":"RouterExplorer","level":"info","message":"Mapped {/api/accounts/:id, PATCH} route","service":"financial-platform","timestamp":"2025-11-23T19:05:39.202Z"}
{"context":"RoutesResolver","level":"info","message":"TransactionsController {/api/transactions}:","service":"financial-platform","timestamp":"2025-11-23T19:05:39.202Z"}
{"context":"RouterExplorer","level":"info","message":"Mapped {/api/transactions/transfer, POST} route","service":"financial-platform","timestamp":"2025-11-23T19:05:39.202Z"}
{"context":"RouterExplorer","level":"info","message":"Mapped {/api/transactions/deposit, POST} route","service":"financial-platform","timestamp":"2025-11-23T19:05:39.203Z"}
{"context":"RouterExplorer","level":"info","message":"Mapped {/api/transactions/withdraw, POST} route","service":"financial-platform","timestamp":"2025-11-23T19:05:39.203Z"}
{"context":"RouterExplorer","level":"info","message":"Mapped {/api/transactions, GET} route","service":"financial-platform","timestamp":"2025-11-23T19:05:39.204Z"}
{"context":"RouterExplorer","level":"info","message":"Mapped {/api/transactions/pending, GET} route","service":"financial-platform","timestamp":"2025-11-23T19:05:39.204Z"}
{"context":"RouterExplorer","level":"info","message":"Mapped {/api/transactions/pending/:id, GET} route","service":"financial-platform","timestamp":"2025-11-23T19:05:39.204Z"}
{"context":"RouterExplorer","level":"info","message":"Mapped {/api/transactions/admin, POST} route","service":"financial-platform","timestamp":"2025-11-23T19:05:39.205Z"}
{"context":"RouterExplorer","level":"info","message":"Mapped {/api/transactions/:id/validate, PATCH} route","service":"financial-platform","timestamp":"2025-11-23T19:05:39.205Z"}
{"context":"RoutesResolver","level":"info","message":"KycController {/api/kyc}:","service":"financial-platform","timestamp":"2025-11-23T19:05:39.205Z"}
{"context":"RouterExplorer","level":"info","message":"Mapped {/api/kyc/documents, POST} route","service":"financial-platform","timestamp":"2025-11-23T19:05:39.205Z"}
{"context":"RouterExplorer","level":"info","message":"Mapped {/api/kyc/documents, GET} route","service":"financial-platform","timestamp":"2025-11-23T19:05:39.206Z"}
{"context":"RouterExplorer","level":"info","message":"Mapped {/api/kyc/documents/pending, GET} route","service":"financial-platform","timestamp":"2025-11-23T19:05:39.206Z"}
{"context":"RouterExplorer","level":"info","message":"Mapped {/api/kyc/documents/:id/review, PATCH} route","service":"financial-platform","timestamp":"2025-11-23T19:05:39.206Z"}
{"context":"RoutesResolver","level":"info","message":"AuditLogsController {/api/audit-logs}:","service":"financial-platform","timestamp":"2025-11-23T19:05:39.206Z"}
{"context":"RouterExplorer","level":"info","message":"Mapped {/api/audit-logs, GET} route","service":"financial-platform","timestamp":"2025-11-23T19:05:39.207Z"}
{"context":"RouterExplorer","level":"info","message":"Mapped {/api/audit-logs/me, GET} route","service":"financial-platform","timestamp":"2025-11-23T19:05:39.207Z"}
{"context":"RoutesResolver","level":"info","message":"LoansController {/api/loans}:","service":"financial-platform","timestamp":"2025-11-23T19:05:39.207Z"}
{"context":"RouterExplorer","level":"info","message":"Mapped {/api/loans, POST} route","service":"financial-platform","timestamp":"2025-11-23T19:05:39.207Z"}
{"context":"RouterExplorer","level":"info","message":"Mapped {/api/loans, GET} route","service":"financial-platform","timestamp":"2025-11-23T19:05:39.208Z"}
{"context":"RouterExplorer","level":"info","message":"Mapped {/api/loans/:id, GET} route","service":"financial-platform","timestamp":"2025-11-23T19:05:39.208Z"}
{"context":"RouterExplorer","level":"info","message":"Mapped {/api/loans/:id/repayments, GET} route","service":"financial-platform","timestamp":"2025-11-23T19:05:39.208Z"}
{"context":"RouterExplorer","level":"info","message":"Mapped {/api/loans/:id/repayments, POST} route","service":"financial-platform","timestamp":"2025-11-23T19:05:39.209Z"}
{"context":"RouterExplorer","level":"info","message":"Mapped {/api/loans/:id/approve, PATCH} route","service":"financial-platform","timestamp":"2025-11-23T19:05:39.209Z"}
{"context":"RouterExplorer","level":"info","message":"Mapped {/api/loans/:id/reject, PATCH} route","service":"financial-platform","timestamp":"2025-11-23T19:05:39.209Z"}
{"context":"NestApplication","level":"info","message":"Nest application successfully started","service":"financial-platform","timestamp":"2025-11-23T19:05:39.217Z"}
{"level":"info","message":"Application is running on: http://localhost:3000","service":"financial-platform","timestamp":"2025-11-23T19:05:39.222Z"}
{"context":"RoutesResolver","level":"info","message":"AuthController {/api/auth}:","service":"financial-platform","timestamp":"2025-11-23T19:17:39.901Z"}
{"context":"RouterExplorer","level":"info","message":"Mapped {/api/auth/register, POST} route","service":"financial-platform","timestamp":"2025-11-23T19:17:39.911Z"}
{"context":"RouterExplorer","level":"info","message":"Mapped {/api/auth/login, POST} route","service":"financial-platform","timestamp":"2025-11-23T19:17:39.913Z"}
{"context":"RouterExplorer","level":"info","message":"Mapped {/api/auth/refresh, POST} route","service":"financial-platform","timestamp":"2025-11-23T19:17:39.914Z"}
{"context":"RouterExplorer","level":"info","message":"Mapped {/api/auth/logout, POST} route","service":"financial-platform","timestamp":"2025-11-23T19:17:39.915Z"}
{"context":"RouterExplorer","level":"info","message":"Mapped {/api/auth/google, GET} route","service":"financial-platform","timestamp":"2025-11-23T19:17:39.916Z"}
{"context":"RouterExplorer","level":"info","message":"Mapped {/api/auth/google/callback, GET} route","service":"financial-platform","timestamp":"2025-11-23T19:17:39.917Z"}
{"context":"RouterExplorer","level":"info","message":"Mapped {/api/auth/profile, GET} route","service":"financial-platform","timestamp":"2025-11-23T19:17:39.918Z"}
{"context":"RoutesResolver","level":"info","message":"UsersController {/api/users}:","service":"financial-platform","timestamp":"2025-11-23T19:17:39.918Z"}
{"context":"RouterExplorer","level":"info","message":"Mapped {/api/users, POST} route","service":"financial-platform","timestamp":"2025-11-23T19:17:39.919Z"}
{"context":"RouterExplorer","level":"info","message":"Mapped {/api/users, GET} route","service":"financial-platform","timestamp":"2025-11-23T19:17:39.920Z"}
{"context":"RouterExplorer","level":"info","message":"Mapped {/api/users/profile, GET} route","service":"financial-platform","timestamp":"2025-11-23T19:17:39.921Z"}
{"context":"RouterExplorer","level":"info","message":"Mapped {/api/users/:id, GET} route","service":"financial-platform","timestamp":"2025-11-23T19:17:39.921Z"}
{"context":"RouterExplorer","level":"info","message":"Mapped {/api/users/profile, PATCH} route","service":"financial-platform","timestamp":"2025-11-23T19:17:39.922Z"}
{"context":"RouterExplorer","level":"info","message":"Mapped {/api/users/:id, PATCH} route","service":"financial-platform","timestamp":"2025-11-23T19:17:39.922Z"}
{"context":"RouterExplorer","level":"info","message":"Mapped {/api/users/:id, DELETE} route","service":"financial-platform","timestamp":"2025-11-23T19:17:39.923Z"}
{"context":"RoutesResolver","level":"info","message":"AccountsController {/api/accounts}:","service":"financial-platform","timestamp":"2025-11-23T19:17:39.924Z"}
{"context":"RouterExplorer","level":"info","message":"Mapped {/api/accounts, GET} route","service":"financial-platform","timestamp":"2025-11-23T19:17:39.924Z"}
{"context":"RouterExplorer","level":"info","message":"Mapped {/api/accounts/:id, GET} route","service":"financial-platform","timestamp":"2025-11-23T19:17:39.925Z"}
{"context":"RouterExplorer","level":"info","message":"Mapped {/api/accounts/:id/balance, GET} route","service":"financial-platform","timestamp":"2025-11-23T19:17:39.925Z"}
{"context":"RouterExplorer","level":"info","message":"Mapped {/api/accounts, POST} route","service":"financial-platform","timestamp":"2025-11-23T19:17:39.925Z"}
{"context":"RouterExplorer","level":"info","message":"Mapped {/api/accounts/:id, PATCH} route","service":"financial-platform","timestamp":"2025-11-23T19:17:39.926Z"}
{"context":"RoutesResolver","level":"info","message":"TransactionsController {/api/transactions}:","service":"financial-platform","timestamp":"2025-11-23T19:17:39.926Z"}
{"context":"RouterExplorer","level":"info","message":"Mapped {/api/transactions/transfer, POST} route","service":"financial-platform","timestamp":"2025-11-23T19:17:39.926Z"}
{"context":"RouterExplorer","level":"info","message":"Mapped {/api/transactions/deposit, POST} route","service":"financial-platform","timestamp":"2025-11-23T19:17:39.927Z"}
{"context":"RouterExplorer","level":"info","message":"Mapped {/api/transactions/withdraw, POST} route","service":"financial-platform","timestamp":"2025-11-23T19:17:39.927Z"}
{"context":"RouterExplorer","level":"info","message":"Mapped {/api/transactions, GET} route","service":"financial-platform","timestamp":"2025-11-23T19:17:39.927Z"}
{"context":"RouterExplorer","level":"info","message":"Mapped {/api/transactions/pending, GET} route","service":"financial-platform","timestamp":"2025-11-23T19:17:39.928Z"}
{"context":"RouterExplorer","level":"info","message":"Mapped {/api/transactions/pending/:id, GET} route","service":"financial-platform","timestamp":"2025-11-23T19:17:39.928Z"}
{"context":"RouterExplorer","level":"info","message":"Mapped {/api/transactions/admin, POST} route","service":"financial-platform","timestamp":"2025-11-23T19:17:39.928Z"}
{"context":"RouterExplorer","level":"info","message":"Mapped {/api/transactions/:id/validate, PATCH} route","service":"financial-platform","timestamp":"2025-11-23T19:17:39.929Z"}
{"context":"RoutesResolver","level":"info","message":"KycController {/api/kyc}:","service":"financial-platform","timestamp":"2025-11-23T19:17:39.929Z"}
{"context":"RouterExplorer","level":"info","message":"Mapped {/api/kyc/documents, POST} route","service":"financial-platform","timestamp":"2025-11-23T19:17:39.929Z"}
{"context":"RouterExplorer","level":"info","message":"Mapped {/api/kyc/documents, GET} route","service":"financial-platform","timestamp":"2025-11-23T19:17:39.929Z"}
{"context":"RouterExplorer","level":"info","message":"Mapped {/api/kyc/documents/pending, GET} route","service":"financial-platform","timestamp":"2025-11-23T19:17:39.930Z"}
{"context":"RouterExplorer","level":"info","message":"Mapped {/api/kyc/documents/:id/review, PATCH} route","service":"financial-platform","timestamp":"2025-11-23T19:17:39.930Z"}
{"context":"RoutesResolver","level":"info","message":"AuditLogsController {/api/audit-logs}:","service":"financial-platform","timestamp":"2025-11-23T19:17:39.930Z"}
{"context":"RouterExplorer","level":"info","message":"Mapped {/api/audit-logs, GET} route","service":"financial-platform","timestamp":"2025-11-23T19:17:39.930Z"}
{"context":"RouterExplorer","level":"info","message":"Mapped {/api/audit-logs/me, GET} route","service":"financial-platform","timestamp":"2025-11-23T19:17:39.931Z"}
{"context":"RoutesResolver","level":"info","message":"LoansController {/api/loans}:","service":"financial-platform","timestamp":"2025-11-23T19:17:39.931Z"}
{"context":"RouterExplorer","level":"info","message":"Mapped {/api/loans, POST} route","service":"financial-platform","timestamp":"2025-11-23T19:17:39.931Z"}
{"context":"RouterExplorer","level":"info","message":"Mapped {/api/loans, GET} route","service":"financial-platform","timestamp":"2025-11-23T19:17:39.931Z"}
{"context":"RouterExplorer","level":"info","message":"Mapped {/api/loans/:id, GET} route","service":"financial-platform","timestamp":"2025-11-23T19:17:39.932Z"}
{"context":"RouterExplorer","level":"info","message":"Mapped {/api/loans/:id/repayments, GET} route","service":"financial-platform","timestamp":"2025-11-23T19:17:39.932Z"}
{"context":"RouterExplorer","level":"info","message":"Mapped {/api/loans/:id/repayments, POST} route","service":"financial-platform","timestamp":"2025-11-23T19:17:39.932Z"}
{"context":"RouterExplorer","level":"info","message":"Mapped {/api/loans/:id/approve, PATCH} route","service":"financial-platform","timestamp":"2025-11-23T19:17:39.933Z"}
{"context":"RouterExplorer","level":"info","message":"Mapped {/api/loans/:id/reject, PATCH} route","service":"financial-platform","timestamp":"2025-11-23T19:17:39.933Z"}
{"context":"NestApplication","level":"info","message":"Nest application successfully started","service":"financial-platform","timestamp":"2025-11-23T19:17:39.939Z"}
{"level":"info","message":"Application is running on: http://localhost:3000","service":"financial-platform","timestamp":"2025-11-23T19:17:39.944Z"}
{"context":"RoutesResolver","level":"info","message":"AuthController {/api/auth}:","service":"financial-platform","timestamp":"2025-11-23T19:53:04.885Z"}
{"context":"RouterExplorer","level":"info","message":"Mapped {/api/auth/register, POST} route","service":"financial-platform","timestamp":"2025-11-23T19:53:04.901Z"}
{"context":"RouterExplorer","level":"info","message":"Mapped {/api/auth/login, POST} route","service":"financial-platform","timestamp":"2025-11-23T19:53:04.903Z"}
{"context":"RouterExplorer","level":"info","message":"Mapped {/api/auth/refresh, POST} route","service":"financial-platform","timestamp":"2025-11-23T19:53:04.904Z"}
{"context":"RouterExplorer","level":"info","message":"Mapped {/api/auth/logout, POST} route","service":"financial-platform","timestamp":"2025-11-23T19:53:04.905Z"}
{"context":"RouterExplorer","level":"info","message":"Mapped {/api/auth/google, GET} route","service":"financial-platform","timestamp":"2025-11-23T19:53:04.906Z"}
{"context":"RouterExplorer","level":"info","message":"Mapped {/api/auth/google/callback, GET} route","service":"financial-platform","timestamp":"2025-11-23T19:53:04.907Z"}
{"context":"RouterExplorer","level":"info","message":"Mapped {/api/auth/profile, GET} route","service":"financial-platform","timestamp":"2025-11-23T19:53:04.908Z"}
{"context":"RoutesResolver","level":"info","message":"UsersController {/api/users}:","service":"financial-platform","timestamp":"2025-11-23T19:53:04.910Z"}
{"context":"RouterExplorer","level":"info","message":"Mapped {/api/users, POST} route","service":"financial-platform","timestamp":"2025-11-23T19:53:04.912Z"}
{"context":"RouterExplorer","level":"info","message":"Mapped {/api/users, GET} route","service":"financial-platform","timestamp":"2025-11-23T19:53:04.913Z"}
{"context":"RouterExplorer","level":"info","message":"Mapped {/api/users/profile, GET} route","service":"financial-platform","timestamp":"2025-11-23T19:53:04.915Z"}
{"context":"RouterExplorer","level":"info","message":"Mapped {/api/users/:id, GET} route","service":"financial-platform","timestamp":"2025-11-23T19:53:04.915Z"}
{"context":"RouterExplorer","level":"info","message":"Mapped {/api/users/profile, PATCH} route","service":"financial-platform","timestamp":"2025-11-23T19:53:04.916Z"}
{"context":"RouterExplorer","level":"info","message":"Mapped {/api/users/:id, PATCH} route","service":"financial-platform","timestamp":"2025-11-23T19:53:04.917Z"}
{"context":"RouterExplorer","level":"info","message":"Mapped {/api/users/:id, DELETE} route","service":"financial-platform","timestamp":"2025-11-23T19:53:04.918Z"}
{"context":"RoutesResolver","level":"info","message":"AccountsController {/api/accounts}:","service":"financial-platform","timestamp":"2025-11-23T19:53:04.919Z"}
{"context":"RouterExplorer","level":"info","message":"Mapped {/api/accounts, GET} route","service":"financial-platform","timestamp":"2025-11-23T19:53:04.919Z"}
{"context":"RouterExplorer","level":"info","message":"Mapped {/api/accounts/:id, GET} route","service":"financial-platform","timestamp":"2025-11-23T19:53:04.921Z"}
{"context":"RouterExplorer","level":"info","message":"Mapped {/api/accounts/:id/balance, GET} route","service":"financial-platform","timestamp":"2025-11-23T19:53:04.922Z"}
{"context":"RouterExplorer","level":"info","message":"Mapped {/api/accounts, POST} route","service":"financial-platform","timestamp":"2025-11-23T19:53:04.922Z"}
{"context":"RouterExplorer","level":"info","message":"Mapped {/api/accounts/:id, PATCH} route","service":"financial-platform","timestamp":"2025-11-23T19:53:04.923Z"}
{"context":"RoutesResolver","level":"info","message":"TransactionsController {/api/transactions}:","service":"financial-platform","timestamp":"2025-11-23T19:53:04.924Z"}
{"context":"RouterExplorer","level":"info","message":"Mapped {/api/transactions/transfer, POST} route","service":"financial-platform","timestamp":"2025-11-23T19:53:04.924Z"}
{"context":"RouterExplorer","level":"info","message":"Mapped {/api/transactions/deposit, POST} route","service":"financial-platform","timestamp":"2025-11-23T19:53:04.925Z"}
{"context":"RouterExplorer","level":"info","message":"Mapped {/api/transactions/withdraw, POST} route","service":"financial-platform","timestamp":"2025-11-23T19:53:04.926Z"}
{"context":"RouterExplorer","level":"info","message":"Mapped {/api/transactions, GET} route","service":"financial-platform","timestamp":"2025-11-23T19:53:04.927Z"}
{"context":"RouterExplorer","level":"info","message":"Mapped {/api/transactions/pending, GET} route","service":"financial-platform","timestamp":"2025-11-23T19:53:04.927Z"}
{"context":"RouterExplorer","level":"info","message":"Mapped {/api/transactions/pending/:id, GET} route","service":"financial-platform","timestamp":"2025-11-23T19:53:04.928Z"}
{"context":"RouterExplorer","level":"info","message":"Mapped {/api/transactions/admin, POST} route","service":"financial-platform","timestamp":"2025-11-23T19:53:04.928Z"}
{"context":"RouterExplorer","level":"info","message":"Mapped {/api/transactions/:id/validate, PATCH} route","service":"financial-platform","timestamp":"2025-11-23T19:53:04.929Z"}
{"context":"RoutesResolver","level":"info","message":"KycController {/api/kyc}:","service":"financial-platform","timestamp":"2025-11-23T19:53:04.929Z"}
{"context":"RouterExplorer","level":"info","message":"Mapped {/api/kyc/documents, POST} route","service":"financial-platform","timestamp":"2025-11-23T19:53:04.930Z"}
{"context":"RouterExplorer","level":"info","message":"Mapped {/api/kyc/documents, GET} route","service":"financial-platform","timestamp":"2025-11-23T19:53:04.930Z"}
{"context":"RouterExplorer","level":"info","message":"Mapped {/api/kyc/documents/pending, GET} route","service":"financial-platform","timestamp":"2025-11-23T19:53:04.931Z"}
{"context":"RouterExplorer","level":"info","message":"Mapped {/api/kyc/documents/:id/review, PATCH} route","service":"financial-platform","timestamp":"2025-11-23T19:53:04.932Z"}
{"context":"RoutesResolver","level":"info","message":"AuditLogsController {/api/audit-logs}:","service":"financial-platform","timestamp":"2025-11-23T19:53:04.932Z"}
{"context":"RouterExplorer","level":"info","message":"Mapped {/api/audit-logs, GET} route","service":"financial-platform","timestamp":"2025-11-23T19:53:04.932Z"}
{"context":"RouterExplorer","level":"info","message":"Mapped {/api/audit-logs/me, GET} route","service":"financial-platform","timestamp":"2025-11-23T19:53:04.933Z"}
{"context":"RoutesResolver","level":"info","message":"LoansController {/api/loans}:","service":"financial-platform","timestamp":"2025-11-23T19:53:04.933Z"}
{"context":"RouterExplorer","level":"info","message":"Mapped {/api/loans, POST} route","service":"financial-platform","timestamp":"2025-11-23T19:53:04.935Z"}
{"context":"RouterExplorer","level":"info","message":"Mapped {/api/loans, GET} route","service":"financial-platform","timestamp":"2025-11-23T19:53:04.935Z"}
{"context":"RouterExplorer","level":"info","message":"Mapped {/api/loans/:id, GET} route","service":"financial-platform","timestamp":"2025-11-23T19:53:04.936Z"}
{"context":"RouterExplorer","level":"info","message":"Mapped {/api/loans/:id/repayments, GET} route","service":"financial-platform","timestamp":"2025-11-23T19:53:04.936Z"}
{"context":"RouterExplorer","level":"info","message":"Mapped {/api/loans/:id/repayments, POST} route","service":"financial-platform","timestamp":"2025-11-23T19:53:04.937Z"}
{"context":"RouterExplorer","level":"info","message":"Mapped {/api/loans/:id/approve, PATCH} route","service":"financial-platform","timestamp":"2025-11-23T19:53:04.937Z"}
{"context":"RouterExplorer","level":"info","message":"Mapped {/api/loans/:id/reject, PATCH} route","service":"financial-platform","timestamp":"2025-11-23T19:53:04.938Z"}
{"context":"NestApplication","level":"info","message":"Nest application successfully started","service":"financial-platform","timestamp":"2025-11-23T19:53:04.949Z"}
{"level":"info","message":"Application is running on: http://localhost:3000","service":"financial-platform","timestamp":"2025-11-23T19:53:04.954Z"}
{"context":"RoutesResolver","level":"info","message":"AuthController {/api/auth}:","service":"financial-platform","timestamp":"2025-11-23T20:22:33.361Z"}
{"context":"RouterExplorer","level":"info","message":"Mapped {/api/auth/register, POST} route","service":"financial-platform","timestamp":"2025-11-23T20:22:33.369Z"}
{"context":"RouterExplorer","level":"info","message":"Mapped {/api/auth/login, POST} route","service":"financial-platform","timestamp":"2025-11-23T20:22:33.371Z"}
{"context":"RouterExplorer","level":"info","message":"Mapped {/api/auth/refresh, POST} route","service":"financial-platform","timestamp":"2025-11-23T20:22:33.373Z"}
{"context":"RouterExplorer","level":"info","message":"Mapped {/api/auth/logout, POST} route","service":"financial-platform","timestamp":"2025-11-23T20:22:33.374Z"}
{"context":"RouterExplorer","level":"info","message":"Mapped {/api/auth/google, GET} route","service":"financial-platform","timestamp":"2025-11-23T20:22:33.376Z"}
{"context":"RouterExplorer","level":"info","message":"Mapped {/api/auth/google/callback, GET} route","service":"financial-platform","timestamp":"2025-11-23T20:22:33.377Z"}
{"context":"RouterExplorer","level":"info","message":"Mapped {/api/auth/profile, GET} route","service":"financial-platform","timestamp":"2025-11-23T20:22:33.378Z"}
{"context":"RoutesResolver","level":"info","message":"UsersController {/api/users}:","service":"financial-platform","timestamp":"2025-11-23T20:22:33.379Z"}
{"context":"RouterExplorer","level":"info","message":"Mapped {/api/users, POST} route","service":"financial-platform","timestamp":"2025-11-23T20:22:33.381Z"}
{"context":"RouterExplorer","level":"info","message":"Mapped {/api/users, GET} route","service":"financial-platform","timestamp":"2025-11-23T20:22:33.383Z"}
{"context":"RouterExplorer","level":"info","message":"Mapped {/api/users/profile, GET} route","service":"financial-platform","timestamp":"2025-11-23T20:22:33.384Z"}
{"context":"RouterExplorer","level":"info","message":"Mapped {/api/users/:id, GET} route","service":"financial-platform","timestamp":"2025-11-23T20:22:33.385Z"}
{"context":"RouterExplorer","level":"info","message":"Mapped {/api/users/profile, PATCH} route","service":"financial-platform","timestamp":"2025-11-23T20:22:33.386Z"}
{"context":"RouterExplorer","level":"info","message":"Mapped {/api/users/:id, PATCH} route","service":"financial-platform","timestamp":"2025-11-23T20:22:33.387Z"}
{"context":"RouterExplorer","level":"info","message":"Mapped {/api/users/:id, DELETE} route","service":"financial-platform","timestamp":"2025-11-23T20:22:33.387Z"}
{"context":"RoutesResolver","level":"info","message":"AccountsController {/api/accounts}:","service":"financial-platform","timestamp":"2025-11-23T20:22:33.388Z"}
{"context":"RouterExplorer","level":"info","message":"Mapped {/api/accounts, GET} route","service":"financial-platform","timestamp":"2025-11-23T20:22:33.389Z"}
{"context":"RouterExplorer","level":"info","message":"Mapped {/api/accounts/:id, GET} route","service":"financial-platform","timestamp":"2025-11-23T20:22:33.390Z"}
{"context":"RouterExplorer","level":"info","message":"Mapped {/api/accounts/:id/balance, GET} route","service":"financial-platform","timestamp":"2025-11-23T20:22:33.391Z"}
{"context":"RouterExplorer","level":"info","message":"Mapped {/api/accounts, POST} route","service":"financial-platform","timestamp":"2025-11-23T20:22:33.392Z"}
{"context":"RouterExplorer","level":"info","message":"Mapped {/api/accounts/:id, PATCH} route","service":"financial-platform","timestamp":"2025-11-23T20:22:33.393Z"}
{"context":"RoutesResolver","level":"info","message":"TransactionsController {/api/transactions}:","service":"financial-platform","timestamp":"2025-11-23T20:22:33.393Z"}
{"context":"RouterExplorer","level":"info","message":"Mapped {/api/transactions/transfer, POST} route","service":"financial-platform","timestamp":"2025-11-23T20:22:33.394Z"}
{"context":"RouterExplorer","level":"info","message":"Mapped {/api/transactions/deposit, POST} route","service":"financial-platform","timestamp":"2025-11-23T20:22:33.395Z"}
{"context":"RouterExplorer","level":"info","message":"Mapped {/api/transactions/withdraw, POST} route","service":"financial-platform","timestamp":"2025-11-23T20:22:33.395Z"}
{"context":"RouterExplorer","level":"info","message":"Mapped {/api/transactions, GET} route","service":"financial-platform","timestamp":"2025-11-23T20:22:33.396Z"}
{"context":"RouterExplorer","level":"info","message":"Mapped {/api/transactions/pending, GET} route","service":"financial-platform","timestamp":"2025-11-23T20:22:33.396Z"}
{"context":"RouterExplorer","level":"info","message":"Mapped {/api/transactions/pending/:id, GET} route","service":"financial-platform","timestamp":"2025-11-23T20:22:33.397Z"}
{"context":"RouterExplorer","level":"info","message":"Mapped {/api/transactions/admin, POST} route","service":"financial-platform","timestamp":"2025-11-23T20:22:33.397Z"}
{"context":"RouterExplorer","level":"info","message":"Mapped {/api/transactions/:id/validate, PATCH} route","service":"financial-platform","timestamp":"2025-11-23T20:22:33.397Z"}
{"context":"RoutesResolver","level":"info","message":"KycController {/api/kyc}:","service":"financial-platform","timestamp":"2025-11-23T20:22:33.397Z"}
{"context":"RouterExplorer","level":"info","message":"Mapped {/api/kyc/documents, POST} route","service":"financial-platform","timestamp":"2025-11-23T20:22:33.398Z"}
{"context":"RouterExplorer","level":"info","message":"Mapped {/api/kyc/documents, GET} route","service":"financial-platform","timestamp":"2025-11-23T20:22:33.398Z"}
{"context":"RouterExplorer","level":"info","message":"Mapped {/api/kyc/documents/pending, GET} route","service":"financial-platform","timestamp":"2025-11-23T20:22:33.398Z"}
{"context":"RouterExplorer","level":"info","message":"Mapped {/api/kyc/documents/:id/review, PATCH} route","service":"financial-platform","timestamp":"2025-11-23T20:22:33.399Z"}
{"context":"RoutesResolver","level":"info","message":"AuditLogsController {/api/audit-logs}:","service":"financial-platform","timestamp":"2025-11-23T20:22:33.399Z"}
{"context":"RouterExplorer","level":"info","message":"Mapped {/api/audit-logs, GET} route","service":"financial-platform","timestamp":"2025-11-23T20:22:33.399Z"}
{"context":"RouterExplorer","level":"info","message":"Mapped {/api/audit-logs/me, GET} route","service":"financial-platform","timestamp":"2025-11-23T20:22:33.400Z"}
{"context":"RoutesResolver","level":"info","message":"LoansController {/api/loans}:","service":"financial-platform","timestamp":"2025-11-23T20:22:33.400Z"}
{"context":"RouterExplorer","level":"info","message":"Mapped {/api/loans, POST} route","service":"financial-platform","timestamp":"2025-11-23T20:22:33.400Z"}
{"context":"RouterExplorer","level":"info","message":"Mapped {/api/loans, GET} route","service":"financial-platform","timestamp":"2025-11-23T20:22:33.401Z"}
{"context":"RouterExplorer","level":"info","message":"Mapped {/api/loans/:id, GET} route","service":"financial-platform","timestamp":"2025-11-23T20:22:33.402Z"}
{"context":"RouterExplorer","level":"info","message":"Mapped {/api/loans/:id/repayments, GET} route","service":"financial-platform","timestamp":"2025-11-23T20:22:33.402Z"}
{"context":"RouterExplorer","level":"info","message":"Mapped {/api/loans/:id/repayments, POST} route","service":"financial-platform","timestamp":"2025-11-23T20:22:33.403Z"}
{"context":"RouterExplorer","level":"info","message":"Mapped {/api/loans/:id/approve, PATCH} route","service":"financial-platform","timestamp":"2025-11-23T20:22:33.403Z"}
{"context":"RouterExplorer","level":"info","message":"Mapped {/api/loans/:id/reject, PATCH} route","service":"financial-platform","timestamp":"2025-11-23T20:22:33.403Z"}
{"context":"NestApplication","level":"info","message":"Nest application successfully started","service":"financial-platform","timestamp":"2025-11-23T20:22:33.414Z"}
{"level":"info","message":"Application is running on: http://localhost:3000","service":"financial-platform","timestamp":"2025-11-23T20:22:33.420Z"}
{"context":"RoutesResolver","level":"info","message":"AuthController {/api/auth}:","service":"financial-platform","timestamp":"2025-11-23T21:17:11.579Z"}
{"context":"RouterExplorer","level":"info","message":"Mapped {/api/auth/register, POST} route","service":"financial-platform","timestamp":"2025-11-23T21:17:11.584Z"}
{"context":"RouterExplorer","level":"info","message":"Mapped {/api/auth/login, POST} route","service":"financial-platform","timestamp":"2025-11-23T21:17:11.585Z"}
{"context":"RouterExplorer","level":"info","message":"Mapped {/api/auth/refresh, POST} route","service":"financial-platform","timestamp":"2025-11-23T21:17:11.586Z"}
{"context":"RouterExplorer","level":"info","message":"Mapped {/api/auth/logout, POST} route","service":"financial-platform","timestamp":"2025-11-23T21:17:11.587Z"}
{"context":"RouterExplorer","level":"info","message":"Mapped {/api/auth/google, GET} route","service":"financial-platform","timestamp":"2025-11-23T21:17:11.588Z"}
{"context":"RouterExplorer","level":"info","message":"Mapped {/api/auth/google/callback, GET} route","service":"financial-platform","timestamp":"2025-11-23T21:17:11.589Z"}
{"context":"RouterExplorer","level":"info","message":"Mapped {/api/auth/profile, GET} route","service":"financial-platform","timestamp":"2025-11-23T21:17:11.590Z"}
{"context":"RoutesResolver","level":"info","message":"UsersController {/api/users}:","service":"financial-platform","timestamp":"2025-11-23T21:17:11.590Z"}
{"context":"RouterExplorer","level":"info","message":"Mapped {/api/users, POST} route","service":"financial-platform","timestamp":"2025-11-23T21:17:11.591Z"}
{"context":"RouterExplorer","level":"info","message":"Mapped {/api/users, GET} route","service":"financial-platform","timestamp":"2025-11-23T21:17:11.593Z"}
{"context":"RouterExplorer","level":"info","message":"Mapped {/api/users/profile, GET} route","service":"financial-platform","timestamp":"2025-11-23T21:17:11.594Z"}
{"context":"RouterExplorer","level":"info","message":"Mapped {/api/users/:id, GET} route","service":"financial-platform","timestamp":"2025-11-23T21:17:11.595Z"}
{"context":"RouterExplorer","level":"info","message":"Mapped {/api/users/profile, PATCH} route","service":"financial-platform","timestamp":"2025-11-23T21:17:11.595Z"}
{"context":"RouterExplorer","level":"info","message":"Mapped {/api/users/:id, PATCH} route","service":"financial-platform","timestamp":"2025-11-23T21:17:11.596Z"}
{"context":"RouterExplorer","level":"info","message":"Mapped {/api/users/:id, DELETE} route","service":"financial-platform","timestamp":"2025-11-23T21:17:11.597Z"}
{"context":"RoutesResolver","level":"info","message":"AccountsController {/api/accounts}:","service":"financial-platform","timestamp":"2025-11-23T21:17:11.598Z"}
{"context":"RouterExplorer","level":"info","message":"Mapped {/api/accounts, GET} route","service":"financial-platform","timestamp":"2025-11-23T21:17:11.599Z"}
{"context":"RouterExplorer","level":"info","message":"Mapped {/api/accounts/:id, GET} route","service":"financial-platform","timestamp":"2025-11-23T21:17:11.599Z"}
{"context":"RouterExplorer","level":"info","message":"Mapped {/api/accounts/:id/balance, GET} route","service":"financial-platform","timestamp":"2025-11-23T21:17:11.600Z"}
{"context":"RouterExplorer","level":"info","message":"Mapped {/api/accounts, POST} route","service":"financial-platform","timestamp":"2025-11-23T21:17:11.601Z"}
{"context":"RouterExplorer","level":"info","message":"Mapped {/api/accounts/:id, PATCH} route","service":"financial-platform","timestamp":"2025-11-23T21:17:11.601Z"}
{"context":"RoutesResolver","level":"info","message":"TransactionsController {/api/transactions}:","service":"financial-platform","timestamp":"2025-11-23T21:17:11.602Z"}
{"context":"RouterExplorer","level":"info","message":"Mapped {/api/transactions/transfer, POST} route","service":"financial-platform","timestamp":"2025-11-23T21:17:11.602Z"}
{"context":"RouterExplorer","level":"info","message":"Mapped {/api/transactions/deposit, POST} route","service":"financial-platform","timestamp":"2025-11-23T21:17:11.603Z"}
{"context":"RouterExplorer","level":"info","message":"Mapped {/api/transactions/withdraw, POST} route","service":"financial-platform","timestamp":"2025-11-23T21:17:11.604Z"}
{"context":"RouterExplorer","level":"info","message":"Mapped {/api/transactions, GET} route","service":"financial-platform","timestamp":"2025-11-23T21:17:11.604Z"}
{"context":"RouterExplorer","level":"info","message":"Mapped {/api/transactions/pending, GET} route","service":"financial-platform","timestamp":"2025-11-23T21:17:11.605Z"}
{"context":"RouterExplorer","level":"info","message":"Mapped {/api/transactions/pending/:id, GET} route","service":"financial-platform","timestamp":"2025-11-23T21:17:11.605Z"}
{"context":"RouterExplorer","level":"info","message":"Mapped {/api/transactions/admin, POST} route","service":"financial-platform","timestamp":"2025-11-23T21:17:11.606Z"}
{"context":"RouterExplorer","level":"info","message":"Mapped {/api/transactions/:id/validate, PATCH} route","service":"financial-platform","timestamp":"2025-11-23T21:17:11.606Z"}
{"context":"RoutesResolver","level":"info","message":"KycController {/api/kyc}:","service":"financial-platform","timestamp":"2025-11-23T21:17:11.606Z"}
{"context":"RouterExplorer","level":"info","message":"Mapped {/api/kyc/documents, POST} route","service":"financial-platform","timestamp":"2025-11-23T21:17:11.607Z"}
{"context":"RouterExplorer","level":"info","message":"Mapped {/api/kyc/documents, GET} route","service":"financial-platform","timestamp":"2025-11-23T21:17:11.607Z"}
{"context":"RouterExplorer","level":"info","message":"Mapped {/api/kyc/documents/pending, GET} route","service":"financial-platform","timestamp":"2025-11-23T21:17:11.608Z"}
{"context":"RouterExplorer","level":"info","message":"Mapped {/api/kyc/documents/:id/review, PATCH} route","service":"financial-platform","timestamp":"2025-11-23T21:17:11.608Z"}
{"context":"RoutesResolver","level":"info","message":"AuditLogsController {/api/audit-logs}:","service":"financial-platform","timestamp":"2025-11-23T21:17:11.609Z"}
{"context":"RouterExplorer","level":"info","message":"Mapped {/api/audit-logs, GET} route","service":"financial-platform","timestamp":"2025-11-23T21:17:11.609Z"}
{"context":"RouterExplorer","level":"info","message":"Mapped {/api/audit-logs/me, GET} route","service":"financial-platform","timestamp":"2025-11-23T21:17:11.610Z"}
{"context":"RoutesResolver","level":"info","message":"LoansController {/api/loans}:","service":"financial-platform","timestamp":"2025-11-23T21:17:11.610Z"}
{"context":"RouterExplorer","level":"info","message":"Mapped {/api/loans, POST} route","service":"financial-platform","timestamp":"2025-11-23T21:17:11.611Z"}
{"context":"RouterExplorer","level":"info","message":"Mapped {/api/loans, GET} route","service":"financial-platform","timestamp":"2025-11-23T21:17:11.611Z"}
{"context":"RouterExplorer","level":"info","message":"Mapped {/api/loans/:id, GET} route","service":"financial-platform","timestamp":"2025-11-23T21:17:11.612Z"}
{"context":"RouterExplorer","level":"info","message":"Mapped {/api/loans/:id/repayments, GET} route","service":"financial-platform","timestamp":"2025-11-23T21:17:11.612Z"}
{"context":"RouterExplorer","level":"info","message":"Mapped {/api/loans/:id/repayments, POST} route","service":"financial-platform","timestamp":"2025-11-23T21:17:11.613Z"}
{"context":"RouterExplorer","level":"info","message":"Mapped {/api/loans/:id/approve, PATCH} route","service":"financial-platform","timestamp":"2025-11-23T21:17:11.613Z"}
{"context":"RouterExplorer","level":"info","message":"Mapped {/api/loans/:id/reject, PATCH} route","service":"financial-platform","timestamp":"2025-11-23T21:17:11.614Z"}
{"context":"NestApplication","level":"info","message":"Nest application successfully started","service":"financial-platform","timestamp":"2025-11-23T21:17:11.623Z"}
{"level":"info","message":"Application is running on: http://localhost:3000","service":"financial-platform","timestamp":"2025-11-23T21:17:11.627Z"}
{"context":"NotificationsService","level":"info","message":"notification: {\"id\":\"04a57ada-f908-4ae2-9bfe-74e271f42291\",\"event\":\"transaction.updated\",\"createdAt\":\"2025-11-23T21:18:35.854Z\",\"userId\":\"b4868eb2-15d9-4c0e-aa30-af039df5dd82\"}","service":"financial-platform","timestamp":"2025-11-23T21:18:35.855Z"}
{"context":"EmailService","level":"info","message":"email: {\"to\":\"contenedoresblasco@gmail.com\",\"subject\":\"Transaction approuvée\",\"text\":\"Votre transaction DEPOSIT de 50 000,00 € a été approuvée.\"}","service":"financial-platform","timestamp":"2025-11-23T21:18:35.857Z"}
{"context":"EmailService","level":"error","message":"Failed to send email to contenedoresblasco@gmail.com: Invalid login: 535 Authentication failed: The provided authorization grant is invalid, expired, or revoked","service":"financial-platform","timestamp":"2025-11-23T21:18:37.136Z"}
{"context":"EmailService","level":"info","message":"email.error: {\"to\":\"contenedoresblasco@gmail.com\",\"subject\":\"Transaction approuvée\",\"error\":\"Invalid login: 535 Authentication failed: The provided authorization grant is invalid, expired, or revoked\"}","service":"financial-platform","timestamp":"2025-11-23T21:18:37.137Z"}
{"context":"NotificationsService","level":"info","message":"notification: {\"id\":\"5df0d433-4640-4a27-a33a-41925e933122\",\"event\":\"transaction.updated\",\"createdAt\":\"2025-11-23T21:18:45.277Z\",\"userId\":\"b4868eb2-15d9-4c0e-aa30-af039df5dd82\"}","service":"financial-platform","timestamp":"2025-11-23T21:18:45.277Z"}
{"context":"EmailService","level":"info","message":"email: {\"to\":\"contenedoresblasco@gmail.com\",\"subject\":\"Transaction approuvée\",\"text\":\"Votre transaction WITHDRAWAL de 34,99 € a été approuvée.\"}","service":"financial-platform","timestamp":"2025-11-23T21:18:45.279Z"}
{"context":"EmailService","level":"error","message":"Failed to send email to contenedoresblasco@gmail.com: Invalid login: 535 Authentication failed: The provided authorization grant is invalid, expired, or revoked","service":"financial-platform","timestamp":"2025-11-23T21:18:46.458Z"}
{"context":"EmailService","level":"info","message":"email.error: {\"to\":\"contenedoresblasco@gmail.com\",\"subject\":\"Transaction approuvée\",\"error\":\"Invalid login: 535 Authentication failed: The provided authorization grant is invalid, expired, or revoked\"}","service":"financial-platform","timestamp":"2025-11-23T21:18:46.459Z"}
{"context":"NotificationsGateway","level":"debug","message":"Client connected to notifications (user: b4868eb2-15d9-4c0e-aa30-af039df5dd82)","service":"financial-platform","timestamp":"2025-11-23T21:20:00.401Z"}
{"context":"NotificationsGateway","level":"debug","message":"Client disconnected from notifications (user: b4868eb2-15d9-4c0e-aa30-af039df5dd82)","service":"financial-platform","timestamp":"2025-11-23T21:21:22.624Z"}
{"context":"NotificationsGateway","level":"debug","message":"Client connected to notifications (user: b4868eb2-15d9-4c0e-aa30-af039df5dd82)","service":"financial-platform","timestamp":"2025-11-23T21:21:23.044Z"}
{"context":"NotificationsService","level":"info","message":"notification: {\"id\":\"eede1e49-00e8-4458-8a45-9368953ebb24\",\"event\":\"loan.approved\",\"createdAt\":\"2025-11-23T21:22:37.279Z\",\"userId\":\"b4868eb2-15d9-4c0e-aa30-af039df5dd82\"}","service":"financial-platform","timestamp":"2025-11-23T21:22:37.279Z"}
{"context":"EmailService","level":"info","message":"email: {\"to\":\"contenedoresblasco@gmail.com\",\"subject\":\"Votre prêt est approuvé\",\"text\":\"Votre prêt de 50 000,00 € a été approuvé. Mensualité: 4 349,42 €. Taux appliqué: 8.00%. Les fonds sont disponibles sur votre compte.\"}","service":"financial-platform","timestamp":"2025-11-23T21:22:37.280Z"}
{"context":"EmailService","level":"error","message":"Failed to send email to contenedoresblasco@gmail.com: Invalid login: 535 Authentication failed: The provided authorization grant is invalid, expired, or revoked","service":"financial-platform","timestamp":"2025-11-23T21:22:38.594Z"}
{"context":"EmailService","level":"info","message":"email.error: {\"to\":\"contenedoresblasco@gmail.com\",\"subject\":\"Votre prêt est approuvé\",\"error\":\"Invalid login: 535 Authentication failed: The provided authorization grant is invalid, expired, or revoked\"}","service":"financial-platform","timestamp":"2025-11-23T21:22:38.594Z"}
{"context":"NotificationsGateway","level":"debug","message":"Client connected to notifications (user: b4868eb2-15d9-4c0e-aa30-af039df5dd82)","service":"financial-platform","timestamp":"2025-11-23T22:10:27.044Z"}
{"context":"NotificationsGateway","level":"debug","message":"Client disconnected from notifications (user: b4868eb2-15d9-4c0e-aa30-af039df5dd82)","service":"financial-platform","timestamp":"2025-11-23T22:10:52.502Z"}
{"context":"NotificationsGateway","level":"debug","message":"Client disconnected from notifications (user: b4868eb2-15d9-4c0e-aa30-af039df5dd82)","service":"financial-platform","timestamp":"2025-11-23T22:10:53.399Z"}
{"context":"NotificationsGateway","level":"debug","message":"Client connected to notifications (user: b4868eb2-15d9-4c0e-aa30-af039df5dd82)","service":"financial-platform","timestamp":"2025-11-23T22:11:09.159Z"}
{"context":"NotificationsGateway","level":"debug","message":"Client connected to notifications (user: b4868eb2-15d9-4c0e-aa30-af039df5dd82)","service":"financial-platform","timestamp":"2025-11-23T22:11:11.490Z"}
{"context":"NotificationsGateway","level":"debug","message":"Client connected to notifications (user: b4868eb2-15d9-4c0e-aa30-af039df5dd82)","service":"financial-platform","timestamp":"2025-11-23T22:15:06.757Z"}
{"context":"NotificationsGateway","level":"debug","message":"Client connected to notifications (user: b4868eb2-15d9-4c0e-aa30-af039df5dd82)","service":"financial-platform","timestamp":"2025-11-23T22:15:26.243Z"}
{"context":"NotificationsGateway","level":"debug","message":"Client disconnected from notifications (user: b4868eb2-15d9-4c0e-aa30-af039df5dd82)","service":"financial-platform","timestamp":"2025-11-23T22:17:00.627Z"}
{"context":"NotificationsGateway","level":"debug","message":"Client disconnected from notifications (user: b4868eb2-15d9-4c0e-aa30-af039df5dd82)","service":"financial-platform","timestamp":"2025-11-23T22:17:00.630Z"}
{"context":"NotificationsGateway","level":"debug","message":"Client connected to notifications (user: b4868eb2-15d9-4c0e-aa30-af039df5dd82)","service":"financial-platform","timestamp":"2025-11-23T22:17:01.621Z"}
{"context":"NotificationsGateway","level":"debug","message":"Client connected to notifications (user: b4868eb2-15d9-4c0e-aa30-af039df5dd82)","service":"financial-platform","timestamp":"2025-11-23T22:17:02.161Z"}
{"context":"NotificationsGateway","level":"debug","message":"Client disconnected from notifications (user: b4868eb2-15d9-4c0e-aa30-af039df5dd82)","service":"financial-platform","timestamp":"2025-11-23T22:17:48.850Z"}
{"context":"NotificationsGateway","level":"debug","message":"Client connected to notifications (user: b4868eb2-15d9-4c0e-aa30-af039df5dd82)","service":"financial-platform","timestamp":"2025-11-23T22:18:53.659Z"}
{"context":"NotificationsGateway","level":"debug","message":"Client disconnected from notifications (user: b4868eb2-15d9-4c0e-aa30-af039df5dd82)","service":"financial-platform","timestamp":"2025-11-23T22:21:09.735Z"}
{"context":"NotificationsGateway","level":"debug","message":"Client connected to notifications (user: b4868eb2-15d9-4c0e-aa30-af039df5dd82)","service":"financial-platform","timestamp":"2025-11-23T22:21:14.688Z"}
{"context":"NotificationsGateway","level":"debug","message":"Client disconnected from notifications (user: b4868eb2-15d9-4c0e-aa30-af039df5dd82)","service":"financial-platform","timestamp":"2025-11-23T22:23:22.552Z"}
{"context":"NotificationsGateway","level":"debug","message":"Client disconnected from notifications (user: b4868eb2-15d9-4c0e-aa30-af039df5dd82)","service":"financial-platform","timestamp":"2025-11-23T22:23:22.554Z"}
{"context":"NotificationsGateway","level":"debug","message":"Client connected to notifications (user: b4868eb2-15d9-4c0e-aa30-af039df5dd82)","service":"financial-platform","timestamp":"2025-11-23T22:23:23.321Z"}
{"context":"NotificationsGateway","level":"debug","message":"Client connected to notifications (user: b4868eb2-15d9-4c0e-aa30-af039df5dd82)","service":"financial-platform","timestamp":"2025-11-23T22:23:23.730Z"}
{"context":"NotificationsGateway","level":"debug","message":"Client disconnected from notifications (user: b4868eb2-15d9-4c0e-aa30-af039df5dd82)","service":"financial-platform","timestamp":"2025-11-23T22:23:36.155Z"}
{"context":"NotificationsGateway","level":"debug","message":"Client disconnected from notifications (user: b4868eb2-15d9-4c0e-aa30-af039df5dd82)","service":"financial-platform","timestamp":"2025-11-23T22:23:36.161Z"}
{"context":"NotificationsGateway","level":"debug","message":"Client connected to notifications (user: b4868eb2-15d9-4c0e-aa30-af039df5dd82)","service":"financial-platform","timestamp":"2025-11-23T22:23:36.542Z"}
{"context":"NotificationsGateway","level":"debug","message":"Client connected to notifications (user: b4868eb2-15d9-4c0e-aa30-af039df5dd82)","service":"financial-platform","timestamp":"2025-11-23T22:23:37.297Z"}
{"context":"NotificationsGateway","level":"debug","message":"Client disconnected from notifications (user: b4868eb2-15d9-4c0e-aa30-af039df5dd82)","service":"financial-platform","timestamp":"2025-11-23T22:23:37.794Z"}
{"context":"NotificationsGateway","level":"debug","message":"Client disconnected from notifications (user: b4868eb2-15d9-4c0e-aa30-af039df5dd82)","service":"financial-platform","timestamp":"2025-11-23T22:24:10.618Z"}
{"context":"NotificationsGateway","level":"debug","message":"Client connected to notifications (user: b4868eb2-15d9-4c0e-aa30-af039df5dd82)","service":"financial-platform","timestamp":"2025-11-23T22:24:28.015Z"}
{"context":"NotificationsGateway","level":"debug","message":"Client connected to notifications (user: b4868eb2-15d9-4c0e-aa30-af039df5dd82)","service":"financial-platform","timestamp":"2025-11-23T22:24:28.385Z"}
{"context":"NotificationsGateway","level":"debug","message":"Client disconnected from notifications (user: b4868eb2-15d9-4c0e-aa30-af039df5dd82)","service":"financial-platform","timestamp":"2025-11-23T22:24:40.184Z"}
{"context":"NotificationsGateway","level":"debug","message":"Client disconnected from notifications (user: b4868eb2-15d9-4c0e-aa30-af039df5dd82)","service":"financial-platform","timestamp":"2025-11-23T22:24:47.511Z"}
{"context":"NotificationsGateway","level":"debug","message":"Client connected to notifications (user: b4868eb2-15d9-4c0e-aa30-af039df5dd82)","service":"financial-platform","timestamp":"2025-11-23T22:24:48.207Z"}
{"context":"NotificationsGateway","level":"debug","message":"Client connected to notifications (user: b4868eb2-15d9-4c0e-aa30-af039df5dd82)","service":"financial-platform","timestamp":"2025-11-23T22:24:48.544Z"}
{"context":"NotificationsGateway","level":"debug","message":"Client disconnected from notifications (user: b4868eb2-15d9-4c0e-aa30-af039df5dd82)","service":"financial-platform","timestamp":"2025-11-23T22:32:15.021Z"}
{"context":"NotificationsGateway","level":"debug","message":"Client disconnected from notifications (user: b4868eb2-15d9-4c0e-aa30-af039df5dd82)","service":"financial-platform","timestamp":"2025-11-23T22:32:37.015Z"}
{"context":"NotificationsGateway","level":"debug","message":"Client connected to notifications (user: b4868eb2-15d9-4c0e-aa30-af039df5dd82)","service":"financial-platform","timestamp":"2025-11-23T22:32:38.337Z"}
{"context":"NotificationsGateway","level":"debug","message":"Client connected to notifications (user: b4868eb2-15d9-4c0e-aa30-af039df5dd82)","service":"financial-platform","timestamp":"2025-11-23T22:32:39.234Z"}
{"context":"NotificationsGateway","level":"debug","message":"Client disconnected from notifications (user: b4868eb2-15d9-4c0e-aa30-af039df5dd82)","service":"financial-platform","timestamp":"2025-11-23T22:35:16.548Z"}
{"context":"NotificationsGateway","level":"debug","message":"Client disconnected from notifications (user: b4868eb2-15d9-4c0e-aa30-af039df5dd82)","service":"financial-platform","timestamp":"2025-11-23T22:35:16.554Z"}
{"context":"NotificationsGateway","level":"debug","message":"Client connected to notifications (user: b4868eb2-15d9-4c0e-aa30-af039df5dd82)","service":"financial-platform","timestamp":"2025-11-23T22:35:17.486Z"}
{"context":"NotificationsGateway","level":"debug","message":"Client connected to notifications (user: b4868eb2-15d9-4c0e-aa30-af039df5dd82)","service":"financial-platform","timestamp":"2025-11-23T22:35:17.916Z"}
{"context":"NotificationsService","level":"info","message":"notification: {\"id\":\"16c7eec7-5ee5-407f-85d6-6d815c40d2a0\",\"event\":\"transaction.created\",\"createdAt\":\"2025-11-23T22:35:53.901Z\",\"userId\":\"b4868eb2-15d9-4c0e-aa30-af039df5dd82\"}","service":"financial-platform","timestamp":"2025-11-23T22:35:53.901Z"}
{"context":"EmailService","level":"info","message":"email: {\"to\":\"contenedoresblasco@gmail.com\",\"subject\":\"Transaction en attente de validation\",\"text\":\"Bonjour GARCIA GONZALEZp ANGELES, votre transaction DEPOSIT de 100,00 € est en attente de validation.\"}","service":"financial-platform","timestamp":"2025-11-23T22:35:53.905Z"}
{"context":"EmailService","level":"error","message":"Failed to send email to contenedoresblasco@gmail.com: Invalid login: 535 Authentication failed: The provided authorization grant is invalid, expired, or revoked","service":"financial-platform","timestamp":"2025-11-23T22:35:55.219Z"}
{"context":"EmailService","level":"info","message":"email.error: {\"to\":\"contenedoresblasco@gmail.com\",\"subject\":\"Transaction en attente de validation\",\"error\":\"Invalid login: 535 Authentication failed: The provided authorization grant is invalid, expired, or revoked\"}","service":"financial-platform","timestamp":"2025-11-23T22:35:55.219Z"}
{"context":"NotificationsService","level":"info","message":"notification: {\"id\":\"e873b4ab-cc48-468f-9370-5a2fb4d054b1\",\"event\":\"transaction.created\",\"createdAt\":\"2025-11-23T22:36:21.665Z\",\"userId\":\"b4868eb2-15d9-4c0e-aa30-af039df5dd82\"}","service":"financial-platform","timestamp":"2025-11-23T22:36:21.665Z"}
{"context":"EmailService","level":"info","message":"email: {\"to\":\"contenedoresblasco@gmail.com\",\"subject\":\"Transaction en attente de validation\",\"text\":\"Bonjour GARCIA GONZALEZp ANGELES, votre transaction WITHDRAWAL de 1 000,00 € est en attente de validation.\"}","service":"financial-platform","timestamp":"2025-11-23T22:36:21.668Z"}
{"context":"EmailService","level":"error","message":"Failed to send email to contenedoresblasco@gmail.com: Invalid login: 535 Authentication failed: The provided authorization grant is invalid, expired, or revoked","service":"financial-platform","timestamp":"2025-11-23T22:36:22.845Z"}
{"context":"EmailService","level":"info","message":"email.error: {\"to\":\"contenedoresblasco@gmail.com\",\"subject\":\"Transaction en attente de validation\",\"error\":\"Invalid login: 535 Authentication failed: The provided authorization grant is invalid, expired, or revoked\"}","service":"financial-platform","timestamp":"2025-11-23T22:36:22.847Z"}
{"context":"NotificationsGateway","level":"debug","message":"Client disconnected from notifications (user: b4868eb2-15d9-4c0e-aa30-af039df5dd82)","service":"financial-platform","timestamp":"2025-11-23T22:36:34.080Z"}
{"context":"NotificationsGateway","level":"debug","message":"Client disconnected from notifications (user: b4868eb2-15d9-4c0e-aa30-af039df5dd82)","service":"financial-platform","timestamp":"2025-11-23T22:41:07.160Z"}
{"context":"NotificationsGateway","level":"debug","message":"Client connected to notifications (user: b4868eb2-15d9-4c0e-aa30-af039df5dd82)","service":"financial-platform","timestamp":"2025-11-23T22:41:07.837Z"}
{"context":"NotificationsGateway","level":"debug","message":"Client disconnected from notifications (user: b4868eb2-15d9-4c0e-aa30-af039df5dd82)","service":"financial-platform","timestamp":"2025-11-23T22:41:08.385Z"}
{"context":"NotificationsGateway","level":"debug","message":"Client connected to notifications (user: b4868eb2-15d9-4c0e-aa30-af039df5dd82)","service":"financial-platform","timestamp":"2025-11-23T22:41:08.640Z"}
{"context":"NotificationsGateway","level":"debug","message":"Client connected to notifications (user: b4868eb2-15d9-4c0e-aa30-af039df5dd82)","service":"financial-platform","timestamp":"2025-11-23T22:41:39.160Z"}
{"context":"RoutesResolver","level":"info","message":"AuthController {/api/auth}:","service":"financial-platform","timestamp":"2025-11-23T22:46:26.080Z"}
{"context":"RouterExplorer","level":"info","message":"Mapped {/api/auth/register, POST} route","service":"financial-platform","timestamp":"2025-11-23T22:46:26.092Z"}
{"context":"RouterExplorer","level":"info","message":"Mapped {/api/auth/login, POST} route","service":"financial-platform","timestamp":"2025-11-23T22:46:26.096Z"}
{"context":"RouterExplorer","level":"info","message":"Mapped {/api/auth/refresh, POST} route","service":"financial-platform","timestamp":"2025-11-23T22:46:26.097Z"}
{"context":"RouterExplorer","level":"info","message":"Mapped {/api/auth/logout, POST} route","service":"financial-platform","timestamp":"2025-11-23T22:46:26.099Z"}
{"context":"RouterExplorer","level":"info","message":"Mapped {/api/auth/google, GET} route","service":"financial-platform","timestamp":"2025-11-23T22:46:26.102Z"}
{"context":"RouterExplorer","level":"info","message":"Mapped {/api/auth/google/callback, GET} route","service":"financial-platform","timestamp":"2025-11-23T22:46:26.104Z"}
{"context":"RouterExplorer","level":"info","message":"Mapped {/api/auth/profile, GET} route","service":"financial-platform","timestamp":"2025-11-23T22:46:26.105Z"}
{"context":"RoutesResolver","level":"info","message":"UsersController {/api/users}:","service":"financial-platform","timestamp":"2025-11-23T22:46:26.107Z"}
{"context":"RouterExplorer","level":"info","message":"Mapped {/api/users, POST} route","service":"financial-platform","timestamp":"2025-11-23T22:46:26.109Z"}
{"context":"RouterExplorer","level":"info","message":"Mapped {/api/users, GET} route","service":"financial-platform","timestamp":"2025-11-23T22:46:26.111Z"}
{"context":"RouterExplorer","level":"info","message":"Mapped {/api/users/profile, GET} route","service":"financial-platform","timestamp":"2025-11-23T22:46:26.114Z"}
{"context":"RouterExplorer","level":"info","message":"Mapped {/api/users/:id, GET} route","service":"financial-platform","timestamp":"2025-11-23T22:46:26.115Z"}
{"context":"RouterExplorer","level":"info","message":"Mapped {/api/users/profile, PATCH} route","service":"financial-platform","timestamp":"2025-11-23T22:46:26.115Z"}
{"context":"RouterExplorer","level":"info","message":"Mapped {/api/users/:id, PATCH} route","service":"financial-platform","timestamp":"2025-11-23T22:46:26.116Z"}
{"context":"RouterExplorer","level":"info","message":"Mapped {/api/users/:id, DELETE} route","service":"financial-platform","timestamp":"2025-11-23T22:46:26.117Z"}
{"context":"RoutesResolver","level":"info","message":"AccountsController {/api/accounts}:","service":"financial-platform","timestamp":"2025-11-23T22:46:26.119Z"}
{"context":"RouterExplorer","level":"info","message":"Mapped {/api/accounts, GET} route","service":"financial-platform","timestamp":"2025-11-23T22:46:26.120Z"}
{"context":"RouterExplorer","level":"info","message":"Mapped {/api/accounts/:id, GET} route","service":"financial-platform","timestamp":"2025-11-23T22:46:26.121Z"}
{"context":"RouterExplorer","level":"info","message":"Mapped {/api/accounts/:id/balance, GET} route","service":"financial-platform","timestamp":"2025-11-23T22:46:26.121Z"}
{"context":"RouterExplorer","level":"info","message":"Mapped {/api/accounts, POST} route","service":"financial-platform","timestamp":"2025-11-23T22:46:26.122Z"}
{"context":"RouterExplorer","level":"info","message":"Mapped {/api/accounts/:id, PATCH} route","service":"financial-platform","timestamp":"2025-11-23T22:46:26.130Z"}
{"context":"RoutesResolver","level":"info","message":"TransactionsController {/api/transactions}:","service":"financial-platform","timestamp":"2025-11-23T22:46:26.132Z"}
{"context":"RouterExplorer","level":"info","message":"Mapped {/api/transactions/transfer, POST} route","service":"financial-platform","timestamp":"2025-11-23T22:46:26.134Z"}
{"context":"RouterExplorer","level":"info","message":"Mapped {/api/transactions/deposit, POST} route","service":"financial-platform","timestamp":"2025-11-23T22:46:26.136Z"}
{"context":"RouterExplorer","level":"info","message":"Mapped {/api/transactions/withdraw, POST} route","service":"financial-platform","timestamp":"2025-11-23T22:46:26.137Z"}
{"context":"RouterExplorer","level":"info","message":"Mapped {/api/transactions, GET} route","service":"financial-platform","timestamp":"2025-11-23T22:46:26.137Z"}
{"context":"RouterExplorer","level":"info","message":"Mapped {/api/transactions/pending, GET} route","service":"financial-platform","timestamp":"2025-11-23T22:46:26.140Z"}
{"context":"RouterExplorer","level":"info","message":"Mapped {/api/transactions/pending/:id, GET} route","service":"financial-platform","timestamp":"2025-11-23T22:46:26.141Z"}
{"context":"RouterExplorer","level":"info","message":"Mapped {/api/transactions/admin, POST} route","service":"financial-platform","timestamp":"2025-11-23T22:46:26.142Z"}
{"context":"RouterExplorer","level":"info","message":"Mapped {/api/transactions/:id/validate, PATCH} route","service":"financial-platform","timestamp":"2025-11-23T22:46:26.143Z"}
{"context":"RoutesResolver","level":"info","message":"KycController {/api/kyc}:","service":"financial-platform","timestamp":"2025-11-23T22:46:26.143Z"}
{"context":"RouterExplorer","level":"info","message":"Mapped {/api/kyc/documents, POST} route","service":"financial-platform","timestamp":"2025-11-23T22:46:26.144Z"}
{"context":"RouterExplorer","level":"info","message":"Mapped {/api/kyc/documents, GET} route","service":"financial-platform","timestamp":"2025-11-23T22:46:26.147Z"}
{"context":"RouterExplorer","level":"info","message":"Mapped {/api/kyc/documents/pending, GET} route","service":"financial-platform","timestamp":"2025-11-23T22:46:26.151Z"}
{"context":"RouterExplorer","level":"info","message":"Mapped {/api/kyc/documents/:id/review, PATCH} route","service":"financial-platform","timestamp":"2025-11-23T22:46:26.152Z"}
{"context":"RoutesResolver","level":"info","message":"AuditLogsController {/api/audit-logs}:","service":"financial-platform","timestamp":"2025-11-23T22:46:26.152Z"}
{"context":"RouterExplorer","level":"info","message":"Mapped {/api/audit-logs, GET} route","service":"financial-platform","timestamp":"2025-11-23T22:46:26.153Z"}
{"context":"RouterExplorer","level":"info","message":"Mapped {/api/audit-logs/me, GET} route","service":"financial-platform","timestamp":"2025-11-23T22:46:26.156Z"}
{"context":"RoutesResolver","level":"info","message":"LoansController {/api/loans}:","service":"financial-platform","timestamp":"2025-11-23T22:46:26.160Z"}
{"context":"RouterExplorer","level":"info","message":"Mapped {/api/loans, POST} route","service":"financial-platform","timestamp":"2025-11-23T22:46:26.161Z"}
{"context":"RouterExplorer","level":"info","message":"Mapped {/api/loans, GET} route","service":"financial-platform","timestamp":"2025-11-23T22:46:26.161Z"}
{"context":"RouterExplorer","level":"info","message":"Mapped {/api/loans/:id, GET} route","service":"financial-platform","timestamp":"2025-11-23T22:46:26.163Z"}
{"context":"RouterExplorer","level":"info","message":"Mapped {/api/loans/:id/repayments, GET} route","service":"financial-platform","timestamp":"2025-11-23T22:46:26.164Z"}
{"context":"RouterExplorer","level":"info","message":"Mapped {/api/loans/:id/repayments, POST} route","service":"financial-platform","timestamp":"2025-11-23T22:46:26.164Z"}
{"context":"RouterExplorer","level":"info","message":"Mapped {/api/loans/:id/approve, PATCH} route","service":"financial-platform","timestamp":"2025-11-23T22:46:26.165Z"}
{"context":"RouterExplorer","level":"info","message":"Mapped {/api/loans/:id/reject, PATCH} route","service":"financial-platform","timestamp":"2025-11-23T22:46:26.166Z"}
{"context":"NestApplication","level":"info","message":"Nest application successfully started","service":"financial-platform","timestamp":"2025-11-23T22:46:26.183Z"}
{"level":"info","message":"Application is running on: http://localhost:3000","service":"financial-platform","timestamp":"2025-11-23T22:46:26.188Z"}
{"context":"NotificationsGateway","level":"debug","message":"Client connected to notifications (user: b4868eb2-15d9-4c0e-aa30-af039df5dd82)","service":"financial-platform","timestamp":"2025-11-23T22:46:27.591Z"}
{"context":"NotificationsGateway","level":"warn","message":"Notifications WS connection rejected: jwt expired","service":"financial-platform","timestamp":"2025-11-23T22:46:28.363Z"}
{"context":"NotificationsGateway","level":"debug","message":"Client disconnected from notifications (user: unknown)","service":"financial-platform","timestamp":"2025-11-23T22:46:28.366Z"}
{"context":"NotificationsGateway","level":"debug","message":"Client connected to notifications (user: b4868eb2-15d9-4c0e-aa30-af039df5dd82)","service":"financial-platform","timestamp":"2025-11-23T22:46:29.283Z"}
{"context":"NotificationsGateway","level":"warn","message":"Notifications WS connection rejected: jwt expired","service":"financial-platform","timestamp":"2025-11-23T22:46:29.856Z"}
{"context":"NotificationsGateway","level":"debug","message":"Client disconnected from notifications (user: unknown)","service":"financial-platform","timestamp":"2025-11-23T22:46:29.858Z"}
{"context":"NotificationsGateway","level":"debug","message":"Client disconnected from notifications (user: b4868eb2-15d9-4c0e-aa30-af039df5dd82)","service":"financial-platform","timestamp":"2025-11-23T22:46:35.456Z"}
{"context":"NotificationsGateway","level":"debug","message":"Client disconnected from notifications (user: b4868eb2-15d9-4c0e-aa30-af039df5dd82)","service":"financial-platform","timestamp":"2025-11-23T22:46:35.474Z"}
{"context":"NotificationsGateway","level":"debug","message":"Client connected to notifications (user: b4868eb2-15d9-4c0e-aa30-af039df5dd82)","service":"financial-platform","timestamp":"2025-11-23T22:46:40.297Z"}
{"context":"NotificationsGateway","level":"debug","message":"Client connected to notifications (user: b4868eb2-15d9-4c0e-aa30-af039df5dd82)","service":"financial-platform","timestamp":"2025-11-23T22:46:40.368Z"}
{"context":"NotificationsGateway","level":"debug","message":"Client connected to notifications (user: b4868eb2-15d9-4c0e-aa30-af039df5dd82)","service":"financial-platform","timestamp":"2025-11-23T22:46:41.424Z"}
{"context":"NotificationsGateway","level":"debug","message":"Client connected to notifications (user: b4868eb2-15d9-4c0e-aa30-af039df5dd82)","service":"financial-platform","timestamp":"2025-11-23T22:46:41.537Z"}
{"context":"NotificationsGateway","level":"debug","message":"Client disconnected from notifications (user: b4868eb2-15d9-4c0e-aa30-af039df5dd82)","service":"financial-platform","timestamp":"2025-11-23T22:48:19.056Z"}
{"context":"NotificationsGateway","level":"debug","message":"Client disconnected from notifications (user: b4868eb2-15d9-4c0e-aa30-af039df5dd82)","service":"financial-platform","timestamp":"2025-11-23T22:48:19.060Z"}
{"context":"NotificationsGateway","level":"debug","message":"Client disconnected from notifications (user: b4868eb2-15d9-4c0e-aa30-af039df5dd82)","service":"financial-platform","timestamp":"2025-11-23T22:48:19.087Z"}
{"context":"NotificationsGateway","level":"debug","message":"Client disconnected from notifications (user: b4868eb2-15d9-4c0e-aa30-af039df5dd82)","service":"financial-platform","timestamp":"2025-11-23T22:48:19.102Z"}
{"context":"NotificationsGateway","level":"debug","message":"Client connected to notifications (user: b4868eb2-15d9-4c0e-aa30-af039df5dd82)","service":"financial-platform","timestamp":"2025-11-23T22:50:18.531Z"}
{"context":"NotificationsGateway","level":"debug","message":"Client connected to notifications (user: b4868eb2-15d9-4c0e-aa30-af039df5dd82)","service":"financial-platform","timestamp":"2025-11-23T22:50:18.560Z"}
{"context":"NotificationsGateway","level":"debug","message":"Client disconnected from notifications (user: b4868eb2-15d9-4c0e-aa30-af039df5dd82)","service":"financial-platform","timestamp":"2025-11-23T22:51:00.748Z"}
{"context":"NotificationsGateway","level":"debug","message":"Client disconnected from notifications (user: b4868eb2-15d9-4c0e-aa30-af039df5dd82)","service":"financial-platform","timestamp":"2025-11-23T22:51:00.757Z"}
{"context":"NotificationsGateway","level":"debug","message":"Client connected to notifications (user: b4868eb2-15d9-4c0e-aa30-af039df5dd82)","service":"financial-platform","timestamp":"2025-11-23T22:51:02.199Z"}
{"context":"NotificationsGateway","level":"debug","message":"Client connected to notifications (user: b4868eb2-15d9-4c0e-aa30-af039df5dd82)","service":"financial-platform","timestamp":"2025-11-23T22:51:02.622Z"}
{"context":"NotificationsGateway","level":"debug","message":"Client connected to notifications (user: b4868eb2-15d9-4c0e-aa30-af039df5dd82)","service":"financial-platform","timestamp":"2025-11-23T22:51:03.604Z"}
{"context":"NotificationsGateway","level":"debug","message":"Client connected to notifications (user: b4868eb2-15d9-4c0e-aa30-af039df5dd82)","service":"financial-platform","timestamp":"2025-11-23T22:51:03.626Z"}
{"context":"NotificationsGateway","level":"debug","message":"Client disconnected from notifications (user: b4868eb2-15d9-4c0e-aa30-af039df5dd82)","service":"financial-platform","timestamp":"2025-11-23T23:02:44.651Z"}
{"context":"NotificationsGateway","level":"debug","message":"Client connected to notifications (user: b4868eb2-15d9-4c0e-aa30-af039df5dd82)","service":"financial-platform","timestamp":"2025-11-23T23:02:46.036Z"}
{"context":"NotificationsGateway","level":"debug","message":"Client disconnected from notifications (user: b4868eb2-15d9-4c0e-aa30-af039df5dd82)","service":"financial-platform","timestamp":"2025-11-23T23:03:56.003Z"}
{"context":"NotificationsGateway","level":"debug","message":"Client disconnected from notifications (user: b4868eb2-15d9-4c0e-aa30-af039df5dd82)","service":"financial-platform","timestamp":"2025-11-23T23:03:57.160Z"}
{"context":"NotificationsGateway","level":"debug","message":"Client connected to notifications (user: b4868eb2-15d9-4c0e-aa30-af039df5dd82)","service":"financial-platform","timestamp":"2025-11-23T23:04:08.405Z"}
{"context":"NotificationsGateway","level":"debug","message":"Client connected to notifications (user: b4868eb2-15d9-4c0e-aa30-af039df5dd82)","service":"financial-platform","timestamp":"2025-11-23T23:04:09.693Z"}
{"context":"NotificationsGateway","level":"debug","message":"Client disconnected from notifications (user: b4868eb2-15d9-4c0e-aa30-af039df5dd82)","service":"financial-platform","timestamp":"2025-11-23T23:07:02.129Z"}
{"context":"NotificationsGateway","level":"debug","message":"Client connected to notifications (user: b4868eb2-15d9-4c0e-aa30-af039df5dd82)","service":"financial-platform","timestamp":"2025-11-23T23:07:03.474Z"}
{"context":"NotificationsService","level":"info","message":"notification: {\"id\":\"06d8ce90-11b4-4251-82ff-3eb2e881dd0a\",\"event\":\"loan.created\",\"createdAt\":\"2025-11-23T23:08:10.457Z\",\"userId\":\"b4868eb2-15d9-4c0e-aa30-af039df5dd82\"}","service":"financial-platform","timestamp":"2025-11-23T23:08:10.457Z"}
{"context":"EmailService","level":"info","message":"email: {\"to\":\"contenedoresblasco@gmail.com\",\"subject\":\"Votre demande de prêt est en cours d’analyse\",\"text\":\"Votre demande de prêt de 12 000,00 € sur 18 mois est en cours de revue. Mensualité estimée: 712,37 €.\"}","service":"financial-platform","timestamp":"2025-11-23T23:08:10.465Z"}
{"context":"EmailService","level":"error","message":"Failed to send email to contenedoresblasco@gmail.com: Invalid login: 535 Authentication failed: The provided authorization grant is invalid, expired, or revoked","service":"financial-platform","timestamp":"2025-11-23T23:08:11.701Z"}
{"context":"EmailService","level":"info","message":"email.error: {\"to\":\"contenedoresblasco@gmail.com\",\"subject\":\"Votre demande de prêt est en cours d’analyse\",\"error\":\"Invalid login: 535 Authentication failed: The provided authorization grant is invalid, expired, or revoked\"}","service":"financial-platform","timestamp":"2025-11-23T23:08:11.702Z"}
{"context":"NotificationsService","level":"info","message":"notification: {\"id\":\"9821e1ee-6283-42b6-8c24-81b8c9f6ab39\",\"event\":\"loan.created\",\"createdAt\":\"2025-11-23T23:10:26.856Z\",\"userId\":\"b4868eb2-15d9-4c0e-aa30-af039df5dd82\"}","service":"financial-platform","timestamp":"2025-11-23T23:10:26.856Z"}
{"context":"EmailService","level":"info","message":"email: {\"to\":\"contenedoresblasco@gmail.com\",\"subject\":\"Votre demande de prêt est en cours d’analyse\",\"text\":\"Votre demande de prêt de 30 000,00 € sur 18 mois est en cours de revue. Mensualité estimée: 1 778,18 €.\"}","service":"financial-platform","timestamp":"2025-11-23T23:10:26.862Z"}
{"context":"EmailService","level":"error","message":"Failed to send email to contenedoresblasco@gmail.com: Invalid login: 535 Authentication failed: The provided authorization grant is invalid, expired, or revoked","service":"financial-platform","timestamp":"2025-11-23T23:10:28.153Z"}
{"context":"EmailService","level":"info","message":"email.error: {\"to\":\"contenedoresblasco@gmail.com\",\"subject\":\"Votre demande de prêt est en cours d’analyse\",\"error\":\"Invalid login: 535 Authentication failed: The provided authorization grant is invalid, expired, or revoked\"}","service":"financial-platform","timestamp":"2025-11-23T23:10:28.155Z"}
{"context":"NotificationsGateway","level":"debug","message":"Client disconnected from notifications (user: b4868eb2-15d9-4c0e-aa30-af039df5dd82)","service":"financial-platform","timestamp":"2025-11-23T23:18:08.857Z"}
{"context":"NotificationsGateway","level":"debug","message":"Client disconnected from notifications (user: b4868eb2-15d9-4c0e-aa30-af039df5dd82)","service":"financial-platform","timestamp":"2025-11-23T23:18:08.883Z"}
{"context":"NotificationsGateway","level":"debug","message":"Client disconnected from notifications (user: b4868eb2-15d9-4c0e-aa30-af039df5dd82)","service":"financial-platform","timestamp":"2025-11-23T23:18:08.923Z"}
{"context":"NotificationsGateway","level":"debug","message":"Client disconnected from notifications (user: b4868eb2-15d9-4c0e-aa30-af039df5dd82)","service":"financial-platform","timestamp":"2025-11-23T23:18:09.144Z"}
{"context":"NotificationsGateway","level":"debug","message":"Client connected to notifications (user: b4868eb2-15d9-4c0e-aa30-af039df5dd82)","service":"financial-platform","timestamp":"2025-11-23T23:18:12.297Z"}
{"context":"NotificationsGateway","level":"debug","message":"Client connected to notifications (user: b4868eb2-15d9-4c0e-aa30-af039df5dd82)","service":"financial-platform","timestamp":"2025-11-23T23:18:13.661Z"}
{"context":"NotificationsGateway","level":"debug","message":"Client connected to notifications (user: b4868eb2-15d9-4c0e-aa30-af039df5dd82)","service":"financial-platform","timestamp":"2025-11-23T23:18:14.606Z"}
{"context":"NotificationsGateway","level":"debug","message":"Client connected to notifications (user: b4868eb2-15d9-4c0e-aa30-af039df5dd82)","service":"financial-platform","timestamp":"2025-11-23T23:18:14.757Z"}
{"context":"NotificationsGateway","level":"debug","message":"Client disconnected from notifications (user: b4868eb2-15d9-4c0e-aa30-af039df5dd82)","service":"financial-platform","timestamp":"2025-11-23T23:19:31.235Z"}
{"context":"NotificationsGateway","level":"debug","message":"Client disconnected from notifications (user: b4868eb2-15d9-4c0e-aa30-af039df5dd82)","service":"financial-platform","timestamp":"2025-11-23T23:19:31.241Z"}
{"context":"NotificationsGateway","level":"debug","message":"Client connected to notifications (user: b4868eb2-15d9-4c0e-aa30-af039df5dd82)","service":"financial-platform","timestamp":"2025-11-23T23:19:32.805Z"}
{"context":"NotificationsGateway","level":"debug","message":"Client connected to notifications (user: b4868eb2-15d9-4c0e-aa30-af039df5dd82)","service":"financial-platform","timestamp":"2025-11-23T23:19:33.681Z"}
{"context":"NotificationsService","level":"info","message":"notification: {\"id\":\"de845b32-570f-4640-960f-f16a5bf8f9e1\",\"event\":\"loan.created\",\"createdAt\":\"2025-11-23T23:20:18.270Z\",\"userId\":\"b4868eb2-15d9-4c0e-aa30-af039df5dd82\"}","service":"financial-platform","timestamp":"2025-11-23T23:20:18.270Z"}
{"context":"EmailService","level":"info","message":"email: {\"to\":\"contenedoresblasco@gmail.com\",\"subject\":\"Votre demande de prêt est en cours d’analyse\",\"text\":\"Votre demande de prêt de 20 000,00 € sur 12 mois est en cours de revue. Mensualité estimée: 1 745,14 €.\"}","service":"financial-platform","timestamp":"2025-11-23T23:20:18.276Z"}
{"context":"EmailService","level":"error","message":"Failed to send email to contenedoresblasco@gmail.com: Invalid login: 535 Authentication failed: The provided authorization grant is invalid, expired, or revoked","service":"financial-platform","timestamp":"2025-11-23T23:20:19.561Z"}
{"context":"EmailService","level":"info","message":"email.error: {\"to\":\"contenedoresblasco@gmail.com\",\"subject\":\"Votre demande de prêt est en cours d’analyse\",\"error\":\"Invalid login: 535 Authentication failed: The provided authorization grant is invalid, expired, or revoked\"}","service":"financial-platform","timestamp":"2025-11-23T23:20:19.561Z"}
{"context":"NotificationsGateway","level":"debug","message":"Client disconnected from notifications (user: b4868eb2-15d9-4c0e-aa30-af039df5dd82)","service":"financial-platform","timestamp":"2025-11-23T23:24:15.087Z"}
{"context":"NotificationsGateway","level":"debug","message":"Client disconnected from notifications (user: b4868eb2-15d9-4c0e-aa30-af039df5dd82)","service":"financial-platform","timestamp":"2025-11-23T23:24:15.106Z"}
{"context":"NotificationsGateway","level":"debug","message":"Client disconnected from notifications (user: b4868eb2-15d9-4c0e-aa30-af039df5dd82)","service":"financial-platform","timestamp":"2025-11-23T23:24:15.124Z"}
{"context":"NotificationsGateway","level":"debug","message":"Client disconnected from notifications (user: b4868eb2-15d9-4c0e-aa30-af039df5dd82)","service":"financial-platform","timestamp":"2025-11-23T23:24:15.132Z"}
{"context":"NotificationsGateway","level":"warn","message":"Notifications WS connection rejected: jwt expired","service":"financial-platform","timestamp":"2025-11-23T23:24:22.212Z"}
{"context":"NotificationsGateway","level":"debug","message":"Client disconnected from notifications (user: unknown)","service":"financial-platform","timestamp":"2025-11-23T23:24:22.214Z"}
{"context":"NotificationsGateway","level":"debug","message":"Client connected to notifications (user: b4868eb2-15d9-4c0e-aa30-af039df5dd82)","service":"financial-platform","timestamp":"2025-11-23T23:27:58.195Z"}
{"context":"NotificationsGateway","level":"debug","message":"Client disconnected from notifications (user: b4868eb2-15d9-4c0e-aa30-af039df5dd82)","service":"financial-platform","timestamp":"2025-11-23T23:31:13.888Z"}
{"context":"NotificationsGateway","level":"debug","message":"Client connected to notifications (user: b4868eb2-15d9-4c0e-aa30-af039df5dd82)","service":"financial-platform","timestamp":"2025-11-23T23:31:16.622Z"}
{"context":"NotificationsGateway","level":"debug","message":"Client connected to notifications (user: b4868eb2-15d9-4c0e-aa30-af039df5dd82)","service":"financial-platform","timestamp":"2025-11-23T23:31:17.530Z"}
{"context":"NotificationsGateway","level":"debug","message":"Client connected to notifications (user: b4868eb2-15d9-4c0e-aa30-af039df5dd82)","service":"financial-platform","timestamp":"2025-11-23T23:31:18.250Z"}
{"context":"NotificationsGateway","level":"debug","message":"Client disconnected from notifications (user: b4868eb2-15d9-4c0e-aa30-af039df5dd82)","service":"financial-platform","timestamp":"2025-11-23T23:31:18.367Z"}
{"context":"NotificationsGateway","level":"debug","message":"Client connected to notifications (user: b4868eb2-15d9-4c0e-aa30-af039df5dd82)","service":"financial-platform","timestamp":"2025-11-23T23:31:18.839Z"}
{"context":"NotificationsGateway","level":"debug","message":"Client disconnected from notifications (user: b4868eb2-15d9-4c0e-aa30-af039df5dd82)","service":"financial-platform","timestamp":"2025-11-23T23:33:15.839Z"}
{"context":"NotificationsGateway","level":"debug","message":"Client disconnected from notifications (user: b4868eb2-15d9-4c0e-aa30-af039df5dd82)","service":"financial-platform","timestamp":"2025-11-23T23:33:15.990Z"}
{"context":"NotificationsGateway","level":"debug","message":"Client disconnected from notifications (user: b4868eb2-15d9-4c0e-aa30-af039df5dd82)","service":"financial-platform","timestamp":"2025-11-23T23:33:16.285Z"}
{"context":"NotificationsGateway","level":"debug","message":"Client connected to notifications (user: b4868eb2-15d9-4c0e-aa30-af039df5dd82)","service":"financial-platform","timestamp":"2025-11-23T23:33:18.110Z"}
{"context":"NotificationsGateway","level":"debug","message":"Client connected to notifications (user: b4868eb2-15d9-4c0e-aa30-af039df5dd82)","service":"financial-platform","timestamp":"2025-11-23T23:33:18.772Z"}
{"context":"NotificationsGateway","level":"debug","message":"Client connected to notifications (user: b4868eb2-15d9-4c0e-aa30-af039df5dd82)","service":"financial-platform","timestamp":"2025-11-23T23:33:19.663Z"}
{"context":"NotificationsGateway","level":"debug","message":"Client connected to notifications (user: b4868eb2-15d9-4c0e-aa30-af039df5dd82)","service":"financial-platform","timestamp":"2025-11-23T23:33:20.487Z"}
{"context":"NotificationsGateway","level":"debug","message":"Client disconnected from notifications (user: b4868eb2-15d9-4c0e-aa30-af039df5dd82)","service":"financial-platform","timestamp":"2025-11-23T23:37:07.959Z"}
{"context":"NotificationsGateway","level":"debug","message":"Client disconnected from notifications (user: b4868eb2-15d9-4c0e-aa30-af039df5dd82)","service":"financial-platform","timestamp":"2025-11-23T23:37:08.941Z"}
{"context":"NotificationsGateway","level":"debug","message":"Client connected to notifications (user: b4868eb2-15d9-4c0e-aa30-af039df5dd82)","service":"financial-platform","timestamp":"2025-11-23T23:37:32.658Z"}
{"context":"NotificationsGateway","level":"debug","message":"Client connected to notifications (user: b4868eb2-15d9-4c0e-aa30-af039df5dd82)","service":"financial-platform","timestamp":"2025-11-23T23:37:32.669Z"}
{"context":"NotificationsGateway","level":"debug","message":"Client disconnected from notifications (user: b4868eb2-15d9-4c0e-aa30-af039df5dd82)","service":"financial-platform","timestamp":"2025-11-23T23:40:30.950Z"}
{"context":"NotificationsGateway","level":"debug","message":"Client connected to notifications (user: b4868eb2-15d9-4c0e-aa30-af039df5dd82)","service":"financial-platform","timestamp":"2025-11-23T23:40:34.547Z"}
{"context":"NotificationsGateway","level":"debug","message":"Client disconnected from notifications (user: b4868eb2-15d9-4c0e-aa30-af039df5dd82)","service":"financial-platform","timestamp":"2025-11-23T23:44:13.233Z"}
{"context":"NotificationsGateway","level":"debug","message":"Client connected to notifications (user: b4868eb2-15d9-4c0e-aa30-af039df5dd82)","service":"financial-platform","timestamp":"2025-11-23T23:44:14.047Z"}
{"context":"NotificationsGateway","level":"debug","message":"Client disconnected from notifications (user: b4868eb2-15d9-4c0e-aa30-af039df5dd82)","service":"financial-platform","timestamp":"2025-11-24T00:03:24.865Z"}
{"context":"NotificationsGateway","level":"debug","message":"Client disconnected from notifications (user: b4868eb2-15d9-4c0e-aa30-af039df5dd82)","service":"financial-platform","timestamp":"2025-11-24T00:03:24.877Z"}
{"context":"NotificationsGateway","level":"debug","message":"Client connected to notifications (user: b4868eb2-15d9-4c0e-aa30-af039df5dd82)","service":"financial-platform","timestamp":"2025-11-24T00:03:27.617Z"}
{"context":"NotificationsGateway","level":"debug","message":"Client connected to notifications (user: b4868eb2-15d9-4c0e-aa30-af039df5dd82)","service":"financial-platform","timestamp":"2025-11-24T00:03:31.299Z"}
{"context":"NotificationsGateway","level":"debug","message":"Client disconnected from notifications (user: b4868eb2-15d9-4c0e-aa30-af039df5dd82)","service":"financial-platform","timestamp":"2025-11-24T00:11:33.939Z"}
{"context":"NotificationsGateway","level":"debug","message":"Client connected to notifications (user: b4868eb2-15d9-4c0e-aa30-af039df5dd82)","service":"financial-platform","timestamp":"2025-11-24T00:11:35.398Z"}
{"context":"NotificationsGateway","level":"debug","message":"Client disconnected from notifications (user: b4868eb2-15d9-4c0e-aa30-af039df5dd82)","service":"financial-platform","timestamp":"2025-11-24T00:12:23.773Z"}
{"context":"NotificationsGateway","level":"debug","message":"Client connected to notifications (user: b4868eb2-15d9-4c0e-aa30-af039df5dd82)","service":"financial-platform","timestamp":"2025-11-24T00:12:24.760Z"}
{"context":"NotificationsGateway","level":"debug","message":"Client disconnected from notifications (user: b4868eb2-15d9-4c0e-aa30-af039df5dd82)","service":"financial-platform","timestamp":"2025-11-24T00:13:04.160Z"}
{"context":"NotificationsGateway","level":"debug","message":"Client disconnected from notifications (user: b4868eb2-15d9-4c0e-aa30-af039df5dd82)","service":"financial-platform","timestamp":"2025-11-24T00:13:04.166Z"}
{"context":"NotificationsGateway","level":"debug","message":"Client connected to notifications (user: b4868eb2-15d9-4c0e-aa30-af039df5dd82)","service":"financial-platform","timestamp":"2025-11-24T00:13:05.092Z"}
{"context":"NotificationsGateway","level":"debug","message":"Client disconnected from notifications (user: b4868eb2-15d9-4c0e-aa30-af039df5dd82)","service":"financial-platform","timestamp":"2025-11-24T00:15:42.136Z"}
{"context":"NotificationsGateway","level":"debug","message":"Client disconnected from notifications (user: b4868eb2-15d9-4c0e-aa30-af039df5dd82)","service":"financial-platform","timestamp":"2025-11-24T00:15:42.141Z"}
{"context":"NotificationsGateway","level":"debug","message":"Client disconnected from notifications (user: b4868eb2-15d9-4c0e-aa30-af039df5dd82)","service":"financial-platform","timestamp":"2025-11-24T00:15:42.819Z"}
{"context":"NotificationsGateway","level":"debug","message":"Client connected to notifications (user: b4868eb2-15d9-4c0e-aa30-af039df5dd82)","service":"financial-platform","timestamp":"2025-11-24T00:16:03.995Z"}
{"context":"NotificationsGateway","level":"debug","message":"Client connected to notifications (user: b4868eb2-15d9-4c0e-aa30-af039df5dd82)","service":"financial-platform","timestamp":"2025-11-24T00:16:04.001Z"}
{"context":"NotificationsGateway","level":"debug","message":"Client connected to notifications (user: b4868eb2-15d9-4c0e-aa30-af039df5dd82)","service":"financial-platform","timestamp":"2025-11-24T00:16:04.040Z"}
{"context":"NotificationsGateway","level":"debug","message":"Client connected to notifications (user: b4868eb2-15d9-4c0e-aa30-af039df5dd82)","service":"financial-platform","timestamp":"2025-11-24T00:16:57.142Z"}
{"context":"NotificationsGateway","level":"debug","message":"Client disconnected from notifications (user: b4868eb2-15d9-4c0e-aa30-af039df5dd82)","service":"financial-platform","timestamp":"2025-11-24T00:17:07.448Z"}
{"context":"NotificationsGateway","level":"debug","message":"Client connected to notifications (user: b4868eb2-15d9-4c0e-aa30-af039df5dd82)","service":"financial-platform","timestamp":"2025-11-24T00:17:08.342Z"}
{"context":"NotificationsGateway","level":"debug","message":"Client disconnected from notifications (user: b4868eb2-15d9-4c0e-aa30-af039df5dd82)","service":"financial-platform","timestamp":"2025-11-24T00:21:01.191Z"}
{"context":"NotificationsGateway","level":"debug","message":"Client connected to notifications (user: b4868eb2-15d9-4c0e-aa30-af039df5dd82)","service":"financial-platform","timestamp":"2025-11-24T00:22:43.711Z"}
{"context":"NotificationsGateway","level":"debug","message":"Client disconnected from notifications (user: b4868eb2-15d9-4c0e-aa30-af039df5dd82)","service":"financial-platform","timestamp":"2025-11-24T00:24:48.860Z"}
{"context":"NotificationsGateway","level":"debug","message":"Client connected to notifications (user: b4868eb2-15d9-4c0e-aa30-af039df5dd82)","service":"financial-platform","timestamp":"2025-11-24T00:24:50.526Z"}
{"context":"NotificationsGateway","level":"debug","message":"Client disconnected from notifications (user: b4868eb2-15d9-4c0e-aa30-af039df5dd82)","service":"financial-platform","timestamp":"2025-11-24T00:25:44.671Z"}
{"context":"NotificationsGateway","level":"debug","message":"Client connected to notifications (user: b4868eb2-15d9-4c0e-aa30-af039df5dd82)","service":"financial-platform","timestamp":"2025-11-24T00:25:45.751Z"}
{"context":"NotificationsGateway","level":"debug","message":"Client disconnected from notifications (user: b4868eb2-15d9-4c0e-aa30-af039df5dd82)","service":"financial-platform","timestamp":"2025-11-24T00:28:13.873Z"}
{"context":"NotificationsGateway","level":"debug","message":"Client disconnected from notifications (user: b4868eb2-15d9-4c0e-aa30-af039df5dd82)","service":"financial-platform","timestamp":"2025-11-24T00:28:13.936Z"}
{"context":"NotificationsGateway","level":"debug","message":"Client connected to notifications (user: b4868eb2-15d9-4c0e-aa30-af039df5dd82)","service":"financial-platform","timestamp":"2025-11-24T00:30:26.643Z"}
{"context":"NotificationsGateway","level":"debug","message":"Client disconnected from notifications (user: b4868eb2-15d9-4c0e-aa30-af039df5dd82)","service":"financial-platform","timestamp":"2025-11-24T00:32:08.790Z"}
{"context":"NotificationsGateway","level":"debug","message":"Client disconnected from notifications (user: b4868eb2-15d9-4c0e-aa30-af039df5dd82)","service":"financial-platform","timestamp":"2025-11-24T00:32:08.829Z"}
{"context":"NotificationsGateway","level":"debug","message":"Client disconnected from notifications (user: b4868eb2-15d9-4c0e-aa30-af039df5dd82)","service":"financial-platform","timestamp":"2025-11-24T00:32:08.933Z"}
{"context":"NotificationsGateway","level":"debug","message":"Client connected to notifications (user: b4868eb2-15d9-4c0e-aa30-af039df5dd82)","service":"financial-platform","timestamp":"2025-11-24T00:32:12.779Z"}
{"context":"NotificationsGateway","level":"debug","message":"Client connected to notifications (user: b4868eb2-15d9-4c0e-aa30-af039df5dd82)","service":"financial-platform","timestamp":"2025-11-24T00:32:14.787Z"}
{"context":"NotificationsGateway","level":"debug","message":"Client connected to notifications (user: b4868eb2-15d9-4c0e-aa30-af039df5dd82)","service":"financial-platform","timestamp":"2025-11-24T00:32:16.116Z"}
{"context":"NotificationsGateway","level":"debug","message":"Client connected to notifications (user: b4868eb2-15d9-4c0e-aa30-af039df5dd82)","service":"financial-platform","timestamp":"2025-11-24T00:32:17.566Z"}
{"context":"NotificationsGateway","level":"debug","message":"Client disconnected from notifications (user: b4868eb2-15d9-4c0e-aa30-af039df5dd82)","service":"financial-platform","timestamp":"2025-11-24T00:33:41.235Z"}
{"context":"NotificationsGateway","level":"debug","message":"Client disconnected from notifications (user: b4868eb2-15d9-4c0e-aa30-af039df5dd82)","service":"financial-platform","timestamp":"2025-11-24T00:33:57.131Z"}
{"context":"NotificationsGateway","level":"debug","message":"Client connected to notifications (user: b4868eb2-15d9-4c0e-aa30-af039df5dd82)","service":"financial-platform","timestamp":"2025-11-24T00:33:58.637Z"}
{"context":"NotificationsGateway","level":"debug","message":"Client connected to notifications (user: b4868eb2-15d9-4c0e-aa30-af039df5dd82)","service":"financial-platform","timestamp":"2025-11-24T00:33:59.619Z"}
{"context":"RoutesResolver","level":"info","message":"AuthController {/api/auth}:","service":"financial-platform","timestamp":"2025-11-24T01:34:11.256Z"}
{"context":"RouterExplorer","level":"info","message":"Mapped {/api/auth/register, POST} route","service":"financial-platform","timestamp":"2025-11-24T01:34:11.282Z"}
{"context":"RouterExplorer","level":"info","message":"Mapped {/api/auth/login, POST} route","service":"financial-platform","timestamp":"2025-11-24T01:34:11.287Z"}
{"context":"RouterExplorer","level":"info","message":"Mapped {/api/auth/refresh, POST} route","service":"financial-platform","timestamp":"2025-11-24T01:34:11.291Z"}
{"context":"RouterExplorer","level":"info","message":"Mapped {/api/auth/logout, POST} route","service":"financial-platform","timestamp":"2025-11-24T01:34:11.294Z"}
{"context":"RouterExplorer","level":"info","message":"Mapped {/api/auth/google, GET} route","service":"financial-platform","timestamp":"2025-11-24T01:34:11.298Z"}
{"context":"RouterExplorer","level":"info","message":"Mapped {/api/auth/google/callback, GET} route","service":"financial-platform","timestamp":"2025-11-24T01:34:11.301Z"}
{"context":"RouterExplorer","level":"info","message":"Mapped {/api/auth/profile, GET} route","service":"financial-platform","timestamp":"2025-11-24T01:34:11.302Z"}
{"context":"RoutesResolver","level":"info","message":"UsersController {/api/users}:","service":"financial-platform","timestamp":"2025-11-24T01:34:11.304Z"}
{"context":"RouterExplorer","level":"info","message":"Mapped {/api/users, POST} route","service":"financial-platform","timestamp":"2025-11-24T01:34:11.307Z"}
{"context":"RouterExplorer","level":"info","message":"Mapped {/api/users, GET} route","service":"financial-platform","timestamp":"2025-11-24T01:34:11.309Z"}
{"context":"RouterExplorer","level":"info","message":"Mapped {/api/users/profile, GET} route","service":"financial-platform","timestamp":"2025-11-24T01:34:11.311Z"}
{"context":"RouterExplorer","level":"info","message":"Mapped {/api/users/:id, GET} route","service":"financial-platform","timestamp":"2025-11-24T01:34:11.312Z"}
{"context":"RouterExplorer","level":"info","message":"Mapped {/api/users/profile, PATCH} route","service":"financial-platform","timestamp":"2025-11-24T01:34:11.313Z"}
{"context":"RouterExplorer","level":"info","message":"Mapped {/api/users/:id, PATCH} route","service":"financial-platform","timestamp":"2025-11-24T01:34:11.314Z"}
{"context":"RouterExplorer","level":"info","message":"Mapped {/api/users/:id, DELETE} route","service":"financial-platform","timestamp":"2025-11-24T01:34:11.315Z"}
{"context":"RoutesResolver","level":"info","message":"AccountsController {/api/accounts}:","service":"financial-platform","timestamp":"2025-11-24T01:34:11.317Z"}
{"context":"RouterExplorer","level":"info","message":"Mapped {/api/accounts, GET} route","service":"financial-platform","timestamp":"2025-11-24T01:34:11.318Z"}
{"context":"RouterExplorer","level":"info","message":"Mapped {/api/accounts/:id, GET} route","service":"financial-platform","timestamp":"2025-11-24T01:34:11.319Z"}
{"context":"RouterExplorer","level":"info","message":"Mapped {/api/accounts/:id/balance, GET} route","service":"financial-platform","timestamp":"2025-11-24T01:34:11.320Z"}
{"context":"RouterExplorer","level":"info","message":"Mapped {/api/accounts, POST} route","service":"financial-platform","timestamp":"2025-11-24T01:34:11.321Z"}
{"context":"RouterExplorer","level":"info","message":"Mapped {/api/accounts/:id, PATCH} route","service":"financial-platform","timestamp":"2025-11-24T01:34:11.322Z"}
{"context":"RoutesResolver","level":"info","message":"TransactionsController {/api/transactions}:","service":"financial-platform","timestamp":"2025-11-24T01:34:11.322Z"}
{"context":"RouterExplorer","level":"info","message":"Mapped {/api/transactions/transfer, POST} route","service":"financial-platform","timestamp":"2025-11-24T01:34:11.323Z"}
{"context":"RouterExplorer","level":"info","message":"Mapped {/api/transactions/deposit, POST} route","service":"financial-platform","timestamp":"2025-11-24T01:34:11.324Z"}
{"context":"RouterExplorer","level":"info","message":"Mapped {/api/transactions/withdraw, POST} route","service":"financial-platform","timestamp":"2025-11-24T01:34:11.325Z"}
{"context":"RouterExplorer","level":"info","message":"Mapped {/api/transactions, GET} route","service":"financial-platform","timestamp":"2025-11-24T01:34:11.326Z"}
{"context":"RouterExplorer","level":"info","message":"Mapped {/api/transactions/pending, GET} route","service":"financial-platform","timestamp":"2025-11-24T01:34:11.326Z"}
{"context":"RouterExplorer","level":"info","message":"Mapped {/api/transactions/pending/:id, GET} route","service":"financial-platform","timestamp":"2025-11-24T01:34:11.327Z"}
{"context":"RouterExplorer","level":"info","message":"Mapped {/api/transactions/admin, POST} route","service":"financial-platform","timestamp":"2025-11-24T01:34:11.328Z"}
{"context":"RouterExplorer","level":"info","message":"Mapped {/api/transactions/:id/validate, PATCH} route","service":"financial-platform","timestamp":"2025-11-24T01:34:11.328Z"}
{"context":"RoutesResolver","level":"info","message":"KycController {/api/kyc}:","service":"financial-platform","timestamp":"2025-11-24T01:34:11.329Z"}
{"context":"RouterExplorer","level":"info","message":"Mapped {/api/kyc/documents, POST} route","service":"financial-platform","timestamp":"2025-11-24T01:34:11.329Z"}
{"context":"RouterExplorer","level":"info","message":"Mapped {/api/kyc/documents, GET} route","service":"financial-platform","timestamp":"2025-11-24T01:34:11.330Z"}
{"context":"RouterExplorer","level":"info","message":"Mapped {/api/kyc/documents/pending, GET} route","service":"financial-platform","timestamp":"2025-11-24T01:34:11.331Z"}
{"context":"RouterExplorer","level":"info","message":"Mapped {/api/kyc/documents/:id/review, PATCH} route","service":"financial-platform","timestamp":"2025-11-24T01:34:11.331Z"}
{"context":"RoutesResolver","level":"info","message":"AuditLogsController {/api/audit-logs}:","service":"financial-platform","timestamp":"2025-11-24T01:34:11.332Z"}
{"context":"RouterExplorer","level":"info","message":"Mapped {/api/audit-logs, GET} route","service":"financial-platform","timestamp":"2025-11-24T01:34:11.332Z"}
{"context":"RouterExplorer","level":"info","message":"Mapped {/api/audit-logs/me, GET} route","service":"financial-platform","timestamp":"2025-11-24T01:34:11.333Z"}
{"context":"RoutesResolver","level":"info","message":"LoansController {/api/loans}:","service":"financial-platform","timestamp":"2025-11-24T01:34:11.333Z"}
{"context":"RouterExplorer","level":"info","message":"Mapped {/api/loans, POST} route","service":"financial-platform","timestamp":"2025-11-24T01:34:11.334Z"}
{"context":"RouterExplorer","level":"info","message":"Mapped {/api/loans, GET} route","service":"financial-platform","timestamp":"2025-11-24T01:34:11.335Z"}
{"context":"RouterExplorer","level":"info","message":"Mapped {/api/loans/:id, GET} route","service":"financial-platform","timestamp":"2025-11-24T01:34:11.335Z"}
{"context":"RouterExplorer","level":"info","message":"Mapped {/api/loans/:id/repayments, GET} route","service":"financial-platform","timestamp":"2025-11-24T01:34:11.336Z"}
{"context":"RouterExplorer","level":"info","message":"Mapped {/api/loans/:id/repayments, POST} route","service":"financial-platform","timestamp":"2025-11-24T01:34:11.337Z"}
{"context":"RouterExplorer","level":"info","message":"Mapped {/api/loans/:id/approve, PATCH} route","service":"financial-platform","timestamp":"2025-11-24T01:34:11.337Z"}
{"context":"RouterExplorer","level":"info","message":"Mapped {/api/loans/:id/reject, PATCH} route","service":"financial-platform","timestamp":"2025-11-24T01:34:11.338Z"}
{"context":"NestApplication","level":"info","message":"Nest application successfully started","service":"financial-platform","timestamp":"2025-11-24T01:34:11.347Z"}
{"level":"info","message":"Application is running on: http://localhost:3000","service":"financial-platform","timestamp":"2025-11-24T01:34:11.351Z"}
{"context":"NotificationsGateway","level":"warn","message":"Notifications WS connection rejected: jwt expired","service":"financial-platform","timestamp":"2025-11-24T01:34:12.985Z"}
{"context":"NotificationsGateway","level":"debug","message":"Client disconnected from notifications (user: unknown)","service":"financial-platform","timestamp":"2025-11-24T01:34:12.988Z"}
{"context":"NotificationsGateway","level":"warn","message":"Notifications WS connection rejected: jwt expired","service":"financial-platform","timestamp":"2025-11-24T01:34:15.798Z"}
{"context":"NotificationsGateway","level":"debug","message":"Client disconnected from notifications (user: unknown)","service":"financial-platform","timestamp":"2025-11-24T01:34:15.801Z"}
{"context":"NotificationsGateway","level":"debug","message":"Client connected to notifications (user: b4868eb2-15d9-4c0e-aa30-af039df5dd82)","service":"financial-platform","timestamp":"2025-11-24T01:34:37.880Z"}
{"context":"NotificationsGateway","level":"debug","message":"Client disconnected from notifications (user: b4868eb2-15d9-4c0e-aa30-af039df5dd82)","service":"financial-platform","timestamp":"2025-11-24T01:39:42.318Z"}
{"context":"NotificationsGateway","level":"debug","message":"Client connected to notifications (user: b4868eb2-15d9-4c0e-aa30-af039df5dd82)","service":"financial-platform","timestamp":"2025-11-24T01:39:48.428Z"}
{"context":"NotificationsGateway","level":"debug","message":"Client disconnected from notifications (user: b4868eb2-15d9-4c0e-aa30-af039df5dd82)","service":"financial-platform","timestamp":"2025-11-24T01:41:13.923Z"}
{"context":"NotificationsGateway","level":"debug","message":"Client connected to notifications (user: b4868eb2-15d9-4c0e-aa30-af039df5dd82)","service":"financial-platform","timestamp":"2025-11-24T01:41:14.828Z"}
{"context":"NotificationsGateway","level":"debug","message":"Client disconnected from notifications (user: b4868eb2-15d9-4c0e-aa30-af039df5dd82)","service":"financial-platform","timestamp":"2025-11-24T01:41:17.317Z"}
{"context":"NotificationsGateway","level":"debug","message":"Client connected to notifications (user: b4868eb2-15d9-4c0e-aa30-af039df5dd82)","service":"financial-platform","timestamp":"2025-11-24T01:41:19.568Z"}
{"context":"NotificationsGateway","level":"debug","message":"Client connected to notifications (user: b4868eb2-15d9-4c0e-aa30-af039df5dd82)","service":"financial-platform","timestamp":"2025-11-24T01:41:26.673Z"}
{"context":"NotificationsGateway","level":"debug","message":"Client disconnected from notifications (user: b4868eb2-15d9-4c0e-aa30-af039df5dd82)","service":"financial-platform","timestamp":"2025-11-24T01:45:50.178Z"}
{"context":"NotificationsGateway","level":"debug","message":"Client connected to notifications (user: b4868eb2-15d9-4c0e-aa30-af039df5dd82)","service":"financial-platform","timestamp":"2025-11-24T01:45:52.443Z"}
{"context":"RoutesResolver","level":"info","message":"AuthController {/api/auth}:","service":"financial-platform","timestamp":"2025-11-24T01:57:39.416Z"}
{"context":"RouterExplorer","level":"info","message":"Mapped {/api/auth/register, POST} route","service":"financial-platform","timestamp":"2025-11-24T01:57:39.427Z"}
{"context":"RouterExplorer","level":"info","message":"Mapped {/api/auth/login, POST} route","service":"financial-platform","timestamp":"2025-11-24T01:57:39.429Z"}
{"context":"RouterExplorer","level":"info","message":"Mapped {/api/auth/refresh, POST} route","service":"financial-platform","timestamp":"2025-11-24T01:57:39.430Z"}
{"context":"RouterExplorer","level":"info","message":"Mapped {/api/auth/logout, POST} route","service":"financial-platform","timestamp":"2025-11-24T01:57:39.432Z"}
{"context":"RouterExplorer","level":"info","message":"Mapped {/api/auth/google, GET} route","service":"financial-platform","timestamp":"2025-11-24T01:57:39.434Z"}
{"context":"RouterExplorer","level":"info","message":"Mapped {/api/auth/google/callback, GET} route","service":"financial-platform","timestamp":"2025-11-24T01:57:39.436Z"}
{"context":"RouterExplorer","level":"info","message":"Mapped {/api/auth/profile, GET} route","service":"financial-platform","timestamp":"2025-11-24T01:57:39.437Z"}
{"context":"RoutesResolver","level":"info","message":"UsersController {/api/users}:","service":"financial-platform","timestamp":"2025-11-24T01:57:39.438Z"}
{"context":"RouterExplorer","level":"info","message":"Mapped {/api/users, POST} route","service":"financial-platform","timestamp":"2025-11-24T01:57:39.440Z"}
{"context":"RouterExplorer","level":"info","message":"Mapped {/api/users, GET} route","service":"financial-platform","timestamp":"2025-11-24T01:57:39.442Z"}
{"context":"RouterExplorer","level":"info","message":"Mapped {/api/users/profile, GET} route","service":"financial-platform","timestamp":"2025-11-24T01:57:39.444Z"}
{"context":"RouterExplorer","level":"info","message":"Mapped {/api/users/:id, GET} route","service":"financial-platform","timestamp":"2025-11-24T01:57:39.445Z"}
{"context":"RouterExplorer","level":"info","message":"Mapped {/api/users/profile, PATCH} route","service":"financial-platform","timestamp":"2025-11-24T01:57:39.447Z"}
{"context":"RouterExplorer","level":"info","message":"Mapped {/api/users/:id, PATCH} route","service":"financial-platform","timestamp":"2025-11-24T01:57:39.448Z"}
{"context":"RouterExplorer","level":"info","message":"Mapped {/api/users/:id, DELETE} route","service":"financial-platform","timestamp":"2025-11-24T01:57:39.449Z"}
{"context":"RoutesResolver","level":"info","message":"AccountsController {/api/accounts}:","service":"financial-platform","timestamp":"2025-11-24T01:57:39.450Z"}
{"context":"RouterExplorer","level":"info","message":"Mapped {/api/accounts, GET} route","service":"financial-platform","timestamp":"2025-11-24T01:57:39.451Z"}
{"context":"RouterExplorer","level":"info","message":"Mapped {/api/accounts/:id, GET} route","service":"financial-platform","timestamp":"2025-11-24T01:57:39.453Z"}
{"context":"RouterExplorer","level":"info","message":"Mapped {/api/accounts/:id/balance, GET} route","service":"financial-platform","timestamp":"2025-11-24T01:57:39.454Z"}
{"context":"RouterExplorer","level":"info","message":"Mapped {/api/accounts, POST} route","service":"financial-platform","timestamp":"2025-11-24T01:57:39.455Z"}
{"context":"RouterExplorer","level":"info","message":"Mapped {/api/accounts/:id, PATCH} route","service":"financial-platform","timestamp":"2025-11-24T01:57:39.456Z"}
{"context":"RoutesResolver","level":"info","message":"TransactionsController {/api/transactions}:","service":"financial-platform","timestamp":"2025-11-24T01:57:39.457Z"}
{"context":"RouterExplorer","level":"info","message":"Mapped {/api/transactions/transfer, POST} route","service":"financial-platform","timestamp":"2025-11-24T01:57:39.458Z"}
{"context":"RouterExplorer","level":"info","message":"Mapped {/api/transactions/deposit, POST} route","service":"financial-platform","timestamp":"2025-11-24T01:57:39.459Z"}
{"context":"RouterExplorer","level":"info","message":"Mapped {/api/transactions/withdraw, POST} route","service":"financial-platform","timestamp":"2025-11-24T01:57:39.460Z"}
{"context":"RouterExplorer","level":"info","message":"Mapped {/api/transactions, GET} route","service":"financial-platform","timestamp":"2025-11-24T01:57:39.461Z"}
{"context":"RouterExplorer","level":"info","message":"Mapped {/api/transactions/pending, GET} route","service":"financial-platform","timestamp":"2025-11-24T01:57:39.462Z"}
{"context":"RouterExplorer","level":"info","message":"Mapped {/api/transactions/pending/:id, GET} route","service":"financial-platform","timestamp":"2025-11-24T01:57:39.463Z"}
{"context":"RouterExplorer","level":"info","message":"Mapped {/api/transactions/admin, POST} route","service":"financial-platform","timestamp":"2025-11-24T01:57:39.463Z"}
{"context":"RouterExplorer","level":"info","message":"Mapped {/api/transactions/:id/validate, PATCH} route","service":"financial-platform","timestamp":"2025-11-24T01:57:39.464Z"}
{"context":"RoutesResolver","level":"info","message":"KycController {/api/kyc}:","service":"financial-platform","timestamp":"2025-11-24T01:57:39.465Z"}
{"context":"RouterExplorer","level":"info","message":"Mapped {/api/kyc/documents, POST} route","service":"financial-platform","timestamp":"2025-11-24T01:57:39.466Z"}
{"context":"RouterExplorer","level":"info","message":"Mapped {/api/kyc/documents, GET} route","service":"financial-platform","timestamp":"2025-11-24T01:57:39.467Z"}
{"context":"RouterExplorer","level":"info","message":"Mapped {/api/kyc/documents/pending, GET} route","service":"financial-platform","timestamp":"2025-11-24T01:57:39.468Z"}
{"context":"RouterExplorer","level":"info","message":"Mapped {/api/kyc/documents/:id/review, PATCH} route","service":"financial-platform","timestamp":"2025-11-24T01:57:39.469Z"}
{"context":"RoutesResolver","level":"info","message":"AuditLogsController {/api/audit-logs}:","service":"financial-platform","timestamp":"2025-11-24T01:57:39.470Z"}
{"context":"RouterExplorer","level":"info","message":"Mapped {/api/audit-logs, GET} route","service":"financial-platform","timestamp":"2025-11-24T01:57:39.471Z"}
{"context":"RouterExplorer","level":"info","message":"Mapped {/api/audit-logs/me, GET} route","service":"financial-platform","timestamp":"2025-11-24T01:57:39.472Z"}
{"context":"RoutesResolver","level":"info","message":"LoansController {/api/loans}:","service":"financial-platform","timestamp":"2025-11-24T01:57:39.473Z"}
{"context":"RouterExplorer","level":"info","message":"Mapped {/api/loans, POST} route","service":"financial-platform","timestamp":"2025-11-24T01:57:39.474Z"}
{"context":"RouterExplorer","level":"info","message":"Mapped {/api/loans, GET} route","service":"financial-platform","timestamp":"2025-11-24T01:57:39.474Z"}
{"context":"RouterExplorer","level":"info","message":"Mapped {/api/loans/:id, GET} route","service":"financial-platform","timestamp":"2025-11-24T01:57:39.475Z"}
{"context":"RouterExplorer","level":"info","message":"Mapped {/api/loans/:id/repayments, GET} route","service":"financial-platform","timestamp":"2025-11-24T01:57:39.476Z"}
{"context":"RouterExplorer","level":"info","message":"Mapped {/api/loans/:id/repayments, POST} route","service":"financial-platform","timestamp":"2025-11-24T01:57:39.477Z"}
{"context":"RouterExplorer","level":"info","message":"Mapped {/api/loans/:id/approve, PATCH} route","service":"financial-platform","timestamp":"2025-11-24T01:57:39.478Z"}
{"context":"RouterExplorer","level":"info","message":"Mapped {/api/loans/:id/reject, PATCH} route","service":"financial-platform","timestamp":"2025-11-24T01:57:39.480Z"}
{"context":"NestApplication","level":"info","message":"Nest application successfully started","service":"financial-platform","timestamp":"2025-11-24T01:57:39.495Z"}
{"level":"info","message":"Application is running on: http://localhost:3000","service":"financial-platform","timestamp":"2025-11-24T01:57:39.499Z"}
{"context":"NotificationsGateway","level":"debug","message":"Client connected to notifications (user: b4868eb2-15d9-4c0e-aa30-af039df5dd82)","service":"financial-platform","timestamp":"2025-11-24T01:57:43.237Z"}
{"context":"NotificationsGateway","level":"debug","message":"Client connected to notifications (user: b4868eb2-15d9-4c0e-aa30-af039df5dd82)","service":"financial-platform","timestamp":"2025-11-24T01:57:45.992Z"}
{"context":"RoutesResolver","level":"info","message":"AuthController {/api/auth}:","service":"financial-platform","timestamp":"2025-11-24T01:58:34.694Z"}
{"context":"RouterExplorer","level":"info","message":"Mapped {/api/auth/register, POST} route","service":"financial-platform","timestamp":"2025-11-24T01:58:34.702Z"}
{"context":"RouterExplorer","level":"info","message":"Mapped {/api/auth/login, POST} route","service":"financial-platform","timestamp":"2025-11-24T01:58:34.704Z"}
{"context":"RouterExplorer","level":"info","message":"Mapped {/api/auth/refresh, POST} route","service":"financial-platform","timestamp":"2025-11-24T01:58:34.706Z"}
{"context":"RouterExplorer","level":"info","message":"Mapped {/api/auth/logout, POST} route","service":"financial-platform","timestamp":"2025-11-24T01:58:34.707Z"}
{"context":"RouterExplorer","level":"info","message":"Mapped {/api/auth/google, GET} route","service":"financial-platform","timestamp":"2025-11-24T01:58:34.708Z"}
{"context":"RouterExplorer","level":"info","message":"Mapped {/api/auth/google/callback, GET} route","service":"financial-platform","timestamp":"2025-11-24T01:58:34.709Z"}
{"context":"RouterExplorer","level":"info","message":"Mapped {/api/auth/profile, GET} route","service":"financial-platform","timestamp":"2025-11-24T01:58:34.709Z"}
{"context":"RoutesResolver","level":"info","message":"UsersController {/api/users}:","service":"financial-platform","timestamp":"2025-11-24T01:58:34.710Z"}
{"context":"RouterExplorer","level":"info","message":"Mapped {/api/users, POST} route","service":"financial-platform","timestamp":"2025-11-24T01:58:34.711Z"}
{"context":"RouterExplorer","level":"info","message":"Mapped {/api/users, GET} route","service":"financial-platform","timestamp":"2025-11-24T01:58:34.712Z"}
{"context":"RouterExplorer","level":"info","message":"Mapped {/api/users/profile, GET} route","service":"financial-platform","timestamp":"2025-11-24T01:58:34.713Z"}
{"context":"RouterExplorer","level":"info","message":"Mapped {/api/users/:id, GET} route","service":"financial-platform","timestamp":"2025-11-24T01:58:34.714Z"}
{"context":"RouterExplorer","level":"info","message":"Mapped {/api/users/profile, PATCH} route","service":"financial-platform","timestamp":"2025-11-24T01:58:34.715Z"}
{"context":"RouterExplorer","level":"info","message":"Mapped {/api/users/:id, PATCH} route","service":"financial-platform","timestamp":"2025-11-24T01:58:34.716Z"}
{"context":"RouterExplorer","level":"info","message":"Mapped {/api/users/:id, DELETE} route","service":"financial-platform","timestamp":"2025-11-24T01:58:34.716Z"}
{"context":"RoutesResolver","level":"info","message":"AccountsController {/api/accounts}:","service":"financial-platform","timestamp":"2025-11-24T01:58:34.717Z"}
{"context":"RouterExplorer","level":"info","message":"Mapped {/api/accounts, GET} route","service":"financial-platform","timestamp":"2025-11-24T01:58:34.718Z"}
{"context":"RouterExplorer","level":"info","message":"Mapped {/api/accounts/:id, GET} route","service":"financial-platform","timestamp":"2025-11-24T01:58:34.719Z"}
{"context":"RouterExplorer","level":"info","message":"Mapped {/api/accounts/:id/balance, GET} route","service":"financial-platform","timestamp":"2025-11-24T01:58:34.719Z"}
{"context":"RouterExplorer","level":"info","message":"Mapped {/api/accounts, POST} route","service":"financial-platform","timestamp":"2025-11-24T01:58:34.720Z"}
{"context":"RouterExplorer","level":"info","message":"Mapped {/api/accounts/:id, PATCH} route","service":"financial-platform","timestamp":"2025-11-24T01:58:34.721Z"}
{"context":"RoutesResolver","level":"info","message":"TransactionsController {/api/transactions}:","service":"financial-platform","timestamp":"2025-11-24T01:58:34.721Z"}
{"context":"RouterExplorer","level":"info","message":"Mapped {/api/transactions/transfer, POST} route","service":"financial-platform","timestamp":"2025-11-24T01:58:34.721Z"}
{"context":"RouterExplorer","level":"info","message":"Mapped {/api/transactions/deposit, POST} route","service":"financial-platform","timestamp":"2025-11-24T01:58:34.722Z"}
{"context":"RouterExplorer","level":"info","message":"Mapped {/api/transactions/withdraw, POST} route","service":"financial-platform","timestamp":"2025-11-24T01:58:34.722Z"}
{"context":"RouterExplorer","level":"info","message":"Mapped {/api/transactions, GET} route","service":"financial-platform","timestamp":"2025-11-24T01:58:34.723Z"}
{"context":"RouterExplorer","level":"info","message":"Mapped {/api/transactions/pending, GET} route","service":"financial-platform","timestamp":"2025-11-24T01:58:34.723Z"}
{"context":"RouterExplorer","level":"info","message":"Mapped {/api/transactions/pending/:id, GET} route","service":"financial-platform","timestamp":"2025-11-24T01:58:34.724Z"}
{"context":"RouterExplorer","level":"info","message":"Mapped {/api/transactions/admin, POST} route","service":"financial-platform","timestamp":"2025-11-24T01:58:34.724Z"}
{"context":"RouterExplorer","level":"info","message":"Mapped {/api/transactions/:id/validate, PATCH} route","service":"financial-platform","timestamp":"2025-11-24T01:58:34.725Z"}
{"context":"RoutesResolver","level":"info","message":"KycController {/api/kyc}:","service":"financial-platform","timestamp":"2025-11-24T01:58:34.725Z"}
{"context":"RouterExplorer","level":"info","message":"Mapped {/api/kyc/documents, POST} route","service":"financial-platform","timestamp":"2025-11-24T01:58:34.725Z"}
{"context":"RouterExplorer","level":"info","message":"Mapped {/api/kyc/documents, GET} route","service":"financial-platform","timestamp":"2025-11-24T01:58:34.726Z"}
{"context":"RouterExplorer","level":"info","message":"Mapped {/api/kyc/documents/pending, GET} route","service":"financial-platform","timestamp":"2025-11-24T01:58:34.726Z"}
{"context":"RouterExplorer","level":"info","message":"Mapped {/api/kyc/documents/:id/review, PATCH} route","service":"financial-platform","timestamp":"2025-11-24T01:58:34.727Z"}
{"context":"RoutesResolver","level":"info","message":"AuditLogsController {/api/audit-logs}:","service":"financial-platform","timestamp":"2025-11-24T01:58:34.727Z"}
{"context":"RouterExplorer","level":"info","message":"Mapped {/api/audit-logs, GET} route","service":"financial-platform","timestamp":"2025-11-24T01:58:34.727Z"}
{"context":"RouterExplorer","level":"info","message":"Mapped {/api/audit-logs/me, GET} route","service":"financial-platform","timestamp":"2025-11-24T01:58:34.728Z"}
{"context":"RoutesResolver","level":"info","message":"LoansController {/api/loans}:","service":"financial-platform","timestamp":"2025-11-24T01:58:34.728Z"}
{"context":"RouterExplorer","level":"info","message":"Mapped {/api/loans, POST} route","service":"financial-platform","timestamp":"2025-11-24T01:58:34.728Z"}
{"context":"RouterExplorer","level":"info","message":"Mapped {/api/loans, GET} route","service":"financial-platform","timestamp":"2025-11-24T01:58:34.729Z"}
{"context":"RouterExplorer","level":"info","message":"Mapped {/api/loans/:id, GET} route","service":"financial-platform","timestamp":"2025-11-24T01:58:34.730Z"}
{"context":"RouterExplorer","level":"info","message":"Mapped {/api/loans/:id/repayments, GET} route","service":"financial-platform","timestamp":"2025-11-24T01:58:34.730Z"}
{"context":"RouterExplorer","level":"info","message":"Mapped {/api/loans/:id/repayments, POST} route","service":"financial-platform","timestamp":"2025-11-24T01:58:34.731Z"}
{"context":"RouterExplorer","level":"info","message":"Mapped {/api/loans/:id/approve, PATCH} route","service":"financial-platform","timestamp":"2025-11-24T01:58:34.731Z"}
{"context":"RouterExplorer","level":"info","message":"Mapped {/api/loans/:id/reject, PATCH} route","service":"financial-platform","timestamp":"2025-11-24T01:58:34.732Z"}
{"context":"NestApplication","level":"info","message":"Nest application successfully started","service":"financial-platform","timestamp":"2025-11-24T01:58:34.741Z"}
{"level":"info","message":"Application is running on: http://localhost:3000","service":"financial-platform","timestamp":"2025-11-24T01:58:34.745Z"}
{"context":"NotificationsGateway","level":"debug","message":"Client connected to notifications (user: b4868eb2-15d9-4c0e-aa30-af039df5dd82)","service":"financial-platform","timestamp":"2025-11-24T01:58:35.267Z"}
{"context":"NotificationsGateway","level":"debug","message":"Client connected to notifications (user: b4868eb2-15d9-4c0e-aa30-af039df5dd82)","service":"financial-platform","timestamp":"2025-11-24T01:58:35.305Z"}
{"context":"RoutesResolver","level":"info","message":"AuthController {/api/auth}:","service":"financial-platform","timestamp":"2025-11-24T02:02:42.080Z"}
{"context":"RouterExplorer","level":"info","message":"Mapped {/api/auth/register, POST} route","service":"financial-platform","timestamp":"2025-11-24T02:02:42.096Z"}
{"context":"RouterExplorer","level":"info","message":"Mapped {/api/auth/login, POST} route","service":"financial-platform","timestamp":"2025-11-24T02:02:42.097Z"}
{"context":"RouterExplorer","level":"info","message":"Mapped {/api/auth/refresh, POST} route","service":"financial-platform","timestamp":"2025-11-24T02:02:42.109Z"}
{"context":"RouterExplorer","level":"info","message":"Mapped {/api/auth/logout, POST} route","service":"financial-platform","timestamp":"2025-11-24T02:02:42.110Z"}
{"context":"RouterExplorer","level":"info","message":"Mapped {/api/auth/google, GET} route","service":"financial-platform","timestamp":"2025-11-24T02:02:42.111Z"}
{"context":"RouterExplorer","level":"info","message":"Mapped {/api/auth/google/callback, GET} route","service":"financial-platform","timestamp":"2025-11-24T02:02:42.112Z"}
{"context":"RouterExplorer","level":"info","message":"Mapped {/api/auth/profile, GET} route","service":"financial-platform","timestamp":"2025-11-24T02:02:42.113Z"}
{"context":"RoutesResolver","level":"info","message":"UsersController {/api/users}:","service":"financial-platform","timestamp":"2025-11-24T02:02:42.114Z"}
{"context":"RouterExplorer","level":"info","message":"Mapped {/api/users, POST} route","service":"financial-platform","timestamp":"2025-11-24T02:02:42.115Z"}
{"context":"RouterExplorer","level":"info","message":"Mapped {/api/users, GET} route","service":"financial-platform","timestamp":"2025-11-24T02:02:42.116Z"}
{"context":"RouterExplorer","level":"info","message":"Mapped {/api/users/profile, GET} route","service":"financial-platform","timestamp":"2025-11-24T02:02:42.124Z"}
{"context":"RouterExplorer","level":"info","message":"Mapped {/api/users/:id, GET} route","service":"financial-platform","timestamp":"2025-11-24T02:02:42.127Z"}
{"context":"RouterExplorer","level":"info","message":"Mapped {/api/users/profile, PATCH} route","service":"financial-platform","timestamp":"2025-11-24T02:02:42.128Z"}
{"context":"RouterExplorer","level":"info","message":"Mapped {/api/users/:id, PATCH} route","service":"financial-platform","timestamp":"2025-11-24T02:02:42.129Z"}
{"context":"RouterExplorer","level":"info","message":"Mapped {/api/users/:id, DELETE} route","service":"financial-platform","timestamp":"2025-11-24T02:02:42.129Z"}
{"context":"RoutesResolver","level":"info","message":"AccountsController {/api/accounts}:","service":"financial-platform","timestamp":"2025-11-24T02:02:42.130Z"}
{"context":"RouterExplorer","level":"info","message":"Mapped {/api/accounts, GET} route","service":"financial-platform","timestamp":"2025-11-24T02:02:42.131Z"}
{"context":"RouterExplorer","level":"info","message":"Mapped {/api/accounts/:id, GET} route","service":"financial-platform","timestamp":"2025-11-24T02:02:42.132Z"}
{"context":"RouterExplorer","level":"info","message":"Mapped {/api/accounts/:id/balance, GET} route","service":"financial-platform","timestamp":"2025-11-24T02:02:42.134Z"}
{"context":"RouterExplorer","level":"info","message":"Mapped {/api/accounts, POST} route","service":"financial-platform","timestamp":"2025-11-24T02:02:42.134Z"}
{"context":"RouterExplorer","level":"info","message":"Mapped {/api/accounts/:id, PATCH} route","service":"financial-platform","timestamp":"2025-11-24T02:02:42.135Z"}
{"context":"RoutesResolver","level":"info","message":"TransactionsController {/api/transactions}:","service":"financial-platform","timestamp":"2025-11-24T02:02:42.137Z"}
{"context":"RouterExplorer","level":"info","message":"Mapped {/api/transactions/transfer, POST} route","service":"financial-platform","timestamp":"2025-11-24T02:02:42.138Z"}
{"context":"RouterExplorer","level":"info","message":"Mapped {/api/transactions/deposit, POST} route","service":"financial-platform","timestamp":"2025-11-24T02:02:42.141Z"}
{"context":"RouterExplorer","level":"info","message":"Mapped {/api/transactions/withdraw, POST} route","service":"financial-platform","timestamp":"2025-11-24T02:02:42.141Z"}
{"context":"RouterExplorer","level":"info","message":"Mapped {/api/transactions, GET} route","service":"financial-platform","timestamp":"2025-11-24T02:02:42.146Z"}
{"context":"RouterExplorer","level":"info","message":"Mapped {/api/transactions/pending, GET} route","service":"financial-platform","timestamp":"2025-11-24T02:02:42.146Z"}
{"context":"RouterExplorer","level":"info","message":"Mapped {/api/transactions/pending/:id, GET} route","service":"financial-platform","timestamp":"2025-11-24T02:02:42.147Z"}
{"context":"RouterExplorer","level":"info","message":"Mapped {/api/transactions/admin, POST} route","service":"financial-platform","timestamp":"2025-11-24T02:02:42.147Z"}
{"context":"RouterExplorer","level":"info","message":"Mapped {/api/transactions/:id/validate, PATCH} route","service":"financial-platform","timestamp":"2025-11-24T02:02:42.147Z"}
{"context":"RoutesResolver","level":"info","message":"KycController {/api/kyc}:","service":"financial-platform","timestamp":"2025-11-24T02:02:42.148Z"}
{"context":"RouterExplorer","level":"info","message":"Mapped {/api/kyc/documents, POST} route","service":"financial-platform","timestamp":"2025-11-24T02:02:42.152Z"}
{"context":"RouterExplorer","level":"info","message":"Mapped {/api/kyc/documents, GET} route","service":"financial-platform","timestamp":"2025-11-24T02:02:42.153Z"}
{"context":"RouterExplorer","level":"info","message":"Mapped {/api/kyc/documents/pending, GET} route","service":"financial-platform","timestamp":"2025-11-24T02:02:42.154Z"}
{"context":"RouterExplorer","level":"info","message":"Mapped {/api/kyc/documents/:id/review, PATCH} route","service":"financial-platform","timestamp":"2025-11-24T02:02:42.154Z"}
{"context":"RoutesResolver","level":"info","message":"AuditLogsController {/api/audit-logs}:","service":"financial-platform","timestamp":"2025-11-24T02:02:42.155Z"}
{"context":"RouterExplorer","level":"info","message":"Mapped {/api/audit-logs, GET} route","service":"financial-platform","timestamp":"2025-11-24T02:02:42.159Z"}
{"context":"RouterExplorer","level":"info","message":"Mapped {/api/audit-logs/me, GET} route","service":"financial-platform","timestamp":"2025-11-24T02:02:42.160Z"}
{"context":"RoutesResolver","level":"info","message":"LoansController {/api/loans}:","service":"financial-platform","timestamp":"2025-11-24T02:02:42.160Z"}
{"context":"RouterExplorer","level":"info","message":"Mapped {/api/loans, POST} route","service":"financial-platform","timestamp":"2025-11-24T02:02:42.161Z"}
{"context":"RouterExplorer","level":"info","message":"Mapped {/api/loans, GET} route","service":"financial-platform","timestamp":"2025-11-24T02:02:42.162Z"}
{"context":"RouterExplorer","level":"info","message":"Mapped {/api/loans/:id, GET} route","service":"financial-platform","timestamp":"2025-11-24T02:02:42.162Z"}
{"context":"RouterExplorer","level":"info","message":"Mapped {/api/loans/:id/repayments, GET} route","service":"financial-platform","timestamp":"2025-11-24T02:02:42.162Z"}
{"context":"RouterExplorer","level":"info","message":"Mapped {/api/loans/:id/repayments, POST} route","service":"financial-platform","timestamp":"2025-11-24T02:02:42.163Z"}
{"context":"RouterExplorer","level":"info","message":"Mapped {/api/loans/:id/approve, PATCH} route","service":"financial-platform","timestamp":"2025-11-24T02:02:42.164Z"}
{"context":"RouterExplorer","level":"info","message":"Mapped {/api/loans/:id/reject, PATCH} route","service":"financial-platform","timestamp":"2025-11-24T02:02:42.164Z"}
{"context":"NestApplication","level":"info","message":"Nest application successfully started","service":"financial-platform","timestamp":"2025-11-24T02:02:42.196Z"}
{"level":"info","message":"Application is running on: http://localhost:3000","service":"financial-platform","timestamp":"2025-11-24T02:02:42.210Z"}
{"context":"RoutesResolver","level":"info","message":"AuthController {/api/auth}:","service":"financial-platform","timestamp":"2025-11-24T02:02:45.258Z"}
{"context":"RouterExplorer","level":"info","message":"Mapped {/api/auth/register, POST} route","service":"financial-platform","timestamp":"2025-11-24T02:02:45.273Z"}
{"context":"RouterExplorer","level":"info","message":"Mapped {/api/auth/login, POST} route","service":"financial-platform","timestamp":"2025-11-24T02:02:45.275Z"}
{"context":"RouterExplorer","level":"info","message":"Mapped {/api/auth/refresh, POST} route","service":"financial-platform","timestamp":"2025-11-24T02:02:45.278Z"}
{"context":"RouterExplorer","level":"info","message":"Mapped {/api/auth/logout, POST} route","service":"financial-platform","timestamp":"2025-11-24T02:02:45.279Z"}
{"context":"RouterExplorer","level":"info","message":"Mapped {/api/auth/google, GET} route","service":"financial-platform","timestamp":"2025-11-24T02:02:45.283Z"}
{"context":"RouterExplorer","level":"info","message":"Mapped {/api/auth/google/callback, GET} route","service":"financial-platform","timestamp":"2025-11-24T02:02:45.289Z"}
{"context":"RouterExplorer","level":"info","message":"Mapped {/api/auth/profile, GET} route","service":"financial-platform","timestamp":"2025-11-24T02:02:45.290Z"}
{"context":"RoutesResolver","level":"info","message":"UsersController {/api/users}:","service":"financial-platform","timestamp":"2025-11-24T02:02:45.293Z"}
{"context":"RouterExplorer","level":"info","message":"Mapped {/api/users, POST} route","service":"financial-platform","timestamp":"2025-11-24T02:02:45.295Z"}
{"context":"RouterExplorer","level":"info","message":"Mapped {/api/users, GET} route","service":"financial-platform","timestamp":"2025-11-24T02:02:45.301Z"}
{"context":"RouterExplorer","level":"info","message":"Mapped {/api/users/profile, GET} route","service":"financial-platform","timestamp":"2025-11-24T02:02:45.303Z"}
{"context":"RouterExplorer","level":"info","message":"Mapped {/api/users/:id, GET} route","service":"financial-platform","timestamp":"2025-11-24T02:02:45.304Z"}
{"context":"RouterExplorer","level":"info","message":"Mapped {/api/users/profile, PATCH} route","service":"financial-platform","timestamp":"2025-11-24T02:02:45.309Z"}
{"context":"RouterExplorer","level":"info","message":"Mapped {/api/users/:id, PATCH} route","service":"financial-platform","timestamp":"2025-11-24T02:02:45.310Z"}
{"context":"RouterExplorer","level":"info","message":"Mapped {/api/users/:id, DELETE} route","service":"financial-platform","timestamp":"2025-11-24T02:02:45.310Z"}
{"context":"RoutesResolver","level":"info","message":"AccountsController {/api/accounts}:","service":"financial-platform","timestamp":"2025-11-24T02:02:45.311Z"}
{"context":"RouterExplorer","level":"info","message":"Mapped {/api/accounts, GET} route","service":"financial-platform","timestamp":"2025-11-24T02:02:45.313Z"}
{"context":"RouterExplorer","level":"info","message":"Mapped {/api/accounts/:id, GET} route","service":"financial-platform","timestamp":"2025-11-24T02:02:45.314Z"}
{"context":"RouterExplorer","level":"info","message":"Mapped {/api/accounts/:id/balance, GET} route","service":"financial-platform","timestamp":"2025-11-24T02:02:45.315Z"}
{"context":"RouterExplorer","level":"info","message":"Mapped {/api/accounts, POST} route","service":"financial-platform","timestamp":"2025-11-24T02:02:45.317Z"}
{"context":"RouterExplorer","level":"info","message":"Mapped {/api/accounts/:id, PATCH} route","service":"financial-platform","timestamp":"2025-11-24T02:02:45.318Z"}
{"context":"RoutesResolver","level":"info","message":"TransactionsController {/api/transactions}:","service":"financial-platform","timestamp":"2025-11-24T02:02:45.318Z"}
{"context":"RouterExplorer","level":"info","message":"Mapped {/api/transactions/transfer, POST} route","service":"financial-platform","timestamp":"2025-11-24T02:02:45.319Z"}
{"context":"RouterExplorer","level":"info","message":"Mapped {/api/transactions/deposit, POST} route","service":"financial-platform","timestamp":"2025-11-24T02:02:45.320Z"}
{"context":"RouterExplorer","level":"info","message":"Mapped {/api/transactions/withdraw, POST} route","service":"financial-platform","timestamp":"2025-11-24T02:02:45.321Z"}
{"context":"RouterExplorer","level":"info","message":"Mapped {/api/transactions, GET} route","service":"financial-platform","timestamp":"2025-11-24T02:02:45.326Z"}
{"context":"RouterExplorer","level":"info","message":"Mapped {/api/transactions/pending, GET} route","service":"financial-platform","timestamp":"2025-11-24T02:02:45.327Z"}
{"context":"RouterExplorer","level":"info","message":"Mapped {/api/transactions/pending/:id, GET} route","service":"financial-platform","timestamp":"2025-11-24T02:02:45.327Z"}
{"context":"RouterExplorer","level":"info","message":"Mapped {/api/transactions/admin, POST} route","service":"financial-platform","timestamp":"2025-11-24T02:02:45.328Z"}
{"context":"RouterExplorer","level":"info","message":"Mapped {/api/transactions/:id/validate, PATCH} route","service":"financial-platform","timestamp":"2025-11-24T02:02:45.330Z"}
{"context":"RoutesResolver","level":"info","message":"KycController {/api/kyc}:","service":"financial-platform","timestamp":"2025-11-24T02:02:45.331Z"}
{"context":"RouterExplorer","level":"info","message":"Mapped {/api/kyc/documents, POST} route","service":"financial-platform","timestamp":"2025-11-24T02:02:45.331Z"}
{"context":"RouterExplorer","level":"info","message":"Mapped {/api/kyc/documents, GET} route","service":"financial-platform","timestamp":"2025-11-24T02:02:45.332Z"}
{"context":"RouterExplorer","level":"info","message":"Mapped {/api/kyc/documents/pending, GET} route","service":"financial-platform","timestamp":"2025-11-24T02:02:45.333Z"}
{"context":"RouterExplorer","level":"info","message":"Mapped {/api/kyc/documents/:id/review, PATCH} route","service":"financial-platform","timestamp":"2025-11-24T02:02:45.335Z"}
{"context":"RoutesResolver","level":"info","message":"AuditLogsController {/api/audit-logs}:","service":"financial-platform","timestamp":"2025-11-24T02:02:45.336Z"}
{"context":"RouterExplorer","level":"info","message":"Mapped {/api/audit-logs, GET} route","service":"financial-platform","timestamp":"2025-11-24T02:02:45.337Z"}
{"context":"RouterExplorer","level":"info","message":"Mapped {/api/audit-logs/me, GET} route","service":"financial-platform","timestamp":"2025-11-24T02:02:45.338Z"}
{"context":"RoutesResolver","level":"info","message":"LoansController {/api/loans}:","service":"financial-platform","timestamp":"2025-11-24T02:02:45.339Z"}
{"context":"RouterExplorer","level":"info","message":"Mapped {/api/loans, POST} route","service":"financial-platform","timestamp":"2025-11-24T02:02:45.340Z"}
{"context":"RouterExplorer","level":"info","message":"Mapped {/api/loans, GET} route","service":"financial-platform","timestamp":"2025-11-24T02:02:45.340Z"}
{"context":"RouterExplorer","level":"info","message":"Mapped {/api/loans/:id, GET} route","service":"financial-platform","timestamp":"2025-11-24T02:02:45.341Z"}
{"context":"RouterExplorer","level":"info","message":"Mapped {/api/loans/:id/repayments, GET} route","service":"financial-platform","timestamp":"2025-11-24T02:02:45.342Z"}
{"context":"RouterExplorer","level":"info","message":"Mapped {/api/loans/:id/repayments, POST} route","service":"financial-platform","timestamp":"2025-11-24T02:02:45.343Z"}
{"context":"RouterExplorer","level":"info","message":"Mapped {/api/loans/:id/approve, PATCH} route","service":"financial-platform","timestamp":"2025-11-24T02:02:45.344Z"}
{"context":"RouterExplorer","level":"info","message":"Mapped {/api/loans/:id/reject, PATCH} route","service":"financial-platform","timestamp":"2025-11-24T02:02:45.345Z"}
{"context":"NestApplication","level":"info","message":"Nest application successfully started","service":"financial-platform","timestamp":"2025-11-24T02:02:45.357Z"}
{"level":"info","message":"Application is running on: http://localhost:3000","service":"financial-platform","timestamp":"2025-11-24T02:02:45.363Z"}
{"context":"NotificationsGateway","level":"debug","message":"Client connected to notifications (user: b4868eb2-15d9-4c0e-aa30-af039df5dd82)","service":"financial-platform","timestamp":"2025-11-24T02:02:48.453Z"}
{"context":"NotificationsGateway","level":"debug","message":"Client connected to notifications (user: b4868eb2-15d9-4c0e-aa30-af039df5dd82)","service":"financial-platform","timestamp":"2025-11-24T02:02:48.464Z"}
{"context":"NotificationsGateway","level":"debug","message":"Client disconnected from notifications (user: b4868eb2-15d9-4c0e-aa30-af039df5dd82)","service":"financial-platform","timestamp":"2025-11-24T02:21:46.235Z"}
{"context":"NotificationsGateway","level":"debug","message":"Client connected to notifications (user: b4868eb2-15d9-4c0e-aa30-af039df5dd82)","service":"financial-platform","timestamp":"2025-11-24T02:23:49.839Z"}
{"context":"NotificationsGateway","level":"debug","message":"Client disconnected from notifications (user: b4868eb2-15d9-4c0e-aa30-af039df5dd82)","service":"financial-platform","timestamp":"2025-11-24T02:24:38.865Z"}
{"context":"NotificationsGateway","level":"debug","message":"Client connected to notifications (user: b4868eb2-15d9-4c0e-aa30-af039df5dd82)","service":"financial-platform","timestamp":"2025-11-24T02:25:07.901Z"}
{"context":"NotificationsGateway","level":"debug","message":"Client disconnected from notifications (user: b4868eb2-15d9-4c0e-aa30-af039df5dd82)","service":"financial-platform","timestamp":"2025-11-24T02:26:11.830Z"}
{"context":"NotificationsGateway","level":"debug","message":"Client disconnected from notifications (user: b4868eb2-15d9-4c0e-aa30-af039df5dd82)","service":"financial-platform","timestamp":"2025-11-24T02:26:14.480Z"}
{"context":"NotificationsGateway","level":"debug","message":"Client connected to notifications (user: b4868eb2-15d9-4c0e-aa30-af039df5dd82)","service":"financial-platform","timestamp":"2025-11-24T02:26:49.477Z"}
{"context":"NotificationsGateway","level":"debug","message":"Client connected to notifications (user: b4868eb2-15d9-4c0e-aa30-af039df5dd82)","service":"financial-platform","timestamp":"2025-11-24T02:26:58.018Z"}
{"context":"RoutesResolver","level":"info","message":"AuthController {/api/auth}:","service":"financial-platform","timestamp":"2025-12-03T12:16:44.881Z"}
{"context":"RouterExplorer","level":"info","message":"Mapped {/api/auth/register, POST} route","service":"financial-platform","timestamp":"2025-12-03T12:16:44.889Z"}
{"context":"RouterExplorer","level":"info","message":"Mapped {/api/auth/login, POST} route","service":"financial-platform","timestamp":"2025-12-03T12:16:44.890Z"}
{"context":"RouterExplorer","level":"info","message":"Mapped {/api/auth/refresh, POST} route","service":"financial-platform","timestamp":"2025-12-03T12:16:44.891Z"}
{"context":"RouterExplorer","level":"info","message":"Mapped {/api/auth/logout, POST} route","service":"financial-platform","timestamp":"2025-12-03T12:16:44.892Z"}
{"context":"RouterExplorer","level":"info","message":"Mapped {/api/auth/google, GET} route","service":"financial-platform","timestamp":"2025-12-03T12:16:44.893Z"}
{"context":"RouterExplorer","level":"info","message":"Mapped {/api/auth/google/callback, GET} route","service":"financial-platform","timestamp":"2025-12-03T12:16:44.894Z"}
{"context":"RouterExplorer","level":"info","message":"Mapped {/api/auth/profile, GET} route","service":"financial-platform","timestamp":"2025-12-03T12:16:44.895Z"}
{"context":"RoutesResolver","level":"info","message":"UsersController {/api/users}:","service":"financial-platform","timestamp":"2025-12-03T12:16:44.895Z"}
{"context":"RouterExplorer","level":"info","message":"Mapped {/api/users, POST} route","service":"financial-platform","timestamp":"2025-12-03T12:16:44.896Z"}
{"context":"RouterExplorer","level":"info","message":"Mapped {/api/users, GET} route","service":"financial-platform","timestamp":"2025-12-03T12:16:44.897Z"}
{"context":"RouterExplorer","level":"info","message":"Mapped {/api/users/profile, GET} route","service":"financial-platform","timestamp":"2025-12-03T12:16:44.898Z"}
{"context":"RouterExplorer","level":"info","message":"Mapped {/api/users/:id, GET} route","service":"financial-platform","timestamp":"2025-12-03T12:16:44.899Z"}
{"context":"RouterExplorer","level":"info","message":"Mapped {/api/users/profile, PATCH} route","service":"financial-platform","timestamp":"2025-12-03T12:16:44.899Z"}
{"context":"RouterExplorer","level":"info","message":"Mapped {/api/users/:id, PATCH} route","service":"financial-platform","timestamp":"2025-12-03T12:16:44.900Z"}
{"context":"RouterExplorer","level":"info","message":"Mapped {/api/users/:id, DELETE} route","service":"financial-platform","timestamp":"2025-12-03T12:16:44.901Z"}
{"context":"RoutesResolver","level":"info","message":"AccountsController {/api/accounts}:","service":"financial-platform","timestamp":"2025-12-03T12:16:44.901Z"}
{"context":"RouterExplorer","level":"info","message":"Mapped {/api/accounts, GET} route","service":"financial-platform","timestamp":"2025-12-03T12:16:44.902Z"}
{"context":"RouterExplorer","level":"info","message":"Mapped {/api/accounts/:id, GET} route","service":"financial-platform","timestamp":"2025-12-03T12:16:44.902Z"}
{"context":"RouterExplorer","level":"info","message":"Mapped {/api/accounts/:id/balance, GET} route","service":"financial-platform","timestamp":"2025-12-03T12:16:44.903Z"}
{"context":"RouterExplorer","level":"info","message":"Mapped {/api/accounts, POST} route","service":"financial-platform","timestamp":"2025-12-03T12:16:44.903Z"}
{"context":"RouterExplorer","level":"info","message":"Mapped {/api/accounts/:id, PATCH} route","service":"financial-platform","timestamp":"2025-12-03T12:16:44.904Z"}
{"context":"RoutesResolver","level":"info","message":"TransactionsController {/api/transactions}:","service":"financial-platform","timestamp":"2025-12-03T12:16:44.904Z"}
{"context":"RouterExplorer","level":"info","message":"Mapped {/api/transactions/transfer, POST} route","service":"financial-platform","timestamp":"2025-12-03T12:16:44.904Z"}
{"context":"RouterExplorer","level":"info","message":"Mapped {/api/transactions/deposit, POST} route","service":"financial-platform","timestamp":"2025-12-03T12:16:44.905Z"}
{"context":"RouterExplorer","level":"info","message":"Mapped {/api/transactions/withdraw, POST} route","service":"financial-platform","timestamp":"2025-12-03T12:16:44.905Z"}
{"context":"RouterExplorer","level":"info","message":"Mapped {/api/transactions, GET} route","service":"financial-platform","timestamp":"2025-12-03T12:16:44.906Z"}
{"context":"RouterExplorer","level":"info","message":"Mapped {/api/transactions/pending, GET} route","service":"financial-platform","timestamp":"2025-12-03T12:16:44.906Z"}
{"context":"RouterExplorer","level":"info","message":"Mapped {/api/transactions/pending/:id, GET} route","service":"financial-platform","timestamp":"2025-12-03T12:16:44.907Z"}
{"context":"RouterExplorer","level":"info","message":"Mapped {/api/transactions/admin, POST} route","service":"financial-platform","timestamp":"2025-12-03T12:16:44.907Z"}
{"context":"RouterExplorer","level":"info","message":"Mapped {/api/transactions/:id/validate, PATCH} route","service":"financial-platform","timestamp":"2025-12-03T12:16:44.907Z"}
{"context":"RoutesResolver","level":"info","message":"KycController {/api/kyc}:","service":"financial-platform","timestamp":"2025-12-03T12:16:44.908Z"}
{"context":"RouterExplorer","level":"info","message":"Mapped {/api/kyc/documents, POST} route","service":"financial-platform","timestamp":"2025-12-03T12:16:44.908Z"}
{"context":"RouterExplorer","level":"info","message":"Mapped {/api/kyc/documents, GET} route","service":"financial-platform","timestamp":"2025-12-03T12:16:44.908Z"}
{"context":"RouterExplorer","level":"info","message":"Mapped {/api/kyc/documents/pending, GET} route","service":"financial-platform","timestamp":"2025-12-03T12:16:44.909Z"}
{"context":"RouterExplorer","level":"info","message":"Mapped {/api/kyc/documents/:id/review, PATCH} route","service":"financial-platform","timestamp":"2025-12-03T12:16:44.909Z"}
{"context":"RoutesResolver","level":"info","message":"AuditLogsController {/api/audit-logs}:","service":"financial-platform","timestamp":"2025-12-03T12:16:44.909Z"}
{"context":"RouterExplorer","level":"info","message":"Mapped {/api/audit-logs, GET} route","service":"financial-platform","timestamp":"2025-12-03T12:16:44.910Z"}
{"context":"RouterExplorer","level":"info","message":"Mapped {/api/audit-logs/me, GET} route","service":"financial-platform","timestamp":"2025-12-03T12:16:44.910Z"}
{"context":"RoutesResolver","level":"info","message":"LoansController {/api/loans}:","service":"financial-platform","timestamp":"2025-12-03T12:16:44.910Z"}
{"context":"RouterExplorer","level":"info","message":"Mapped {/api/loans, POST} route","service":"financial-platform","timestamp":"2025-12-03T12:16:44.911Z"}
{"context":"RouterExplorer","level":"info","message":"Mapped {/api/loans, GET} route","service":"financial-platform","timestamp":"2025-12-03T12:16:44.911Z"}
{"context":"RouterExplorer","level":"info","message":"Mapped {/api/loans/:id, GET} route","service":"financial-platform","timestamp":"2025-12-03T12:16:44.912Z"}
{"context":"RouterExplorer","level":"info","message":"Mapped {/api/loans/:id/repayments, GET} route","service":"financial-platform","timestamp":"2025-12-03T12:16:44.912Z"}
{"context":"RouterExplorer","level":"info","message":"Mapped {/api/loans/:id/repayments, POST} route","service":"financial-platform","timestamp":"2025-12-03T12:16:44.912Z"}
{"context":"RouterExplorer","level":"info","message":"Mapped {/api/loans/:id/approve, PATCH} route","service":"financial-platform","timestamp":"2025-12-03T12:16:44.913Z"}
{"context":"RouterExplorer","level":"info","message":"Mapped {/api/loans/:id/reject, PATCH} route","service":"financial-platform","timestamp":"2025-12-03T12:16:44.913Z"}
{"context":"RoutesResolver","level":"info","message":"ExchangeController {/api/exchange}:","service":"financial-platform","timestamp":"2025-12-03T12:16:44.913Z"}
{"context":"RouterExplorer","level":"info","message":"Mapped {/api/exchange/convert, GET} route","service":"financial-platform","timestamp":"2025-12-03T12:16:44.914Z"}
{"context":"NestApplication","level":"info","message":"Nest application successfully started","service":"financial-platform","timestamp":"2025-12-03T12:16:44.922Z"}
{"level":"info","message":"Application is running on: http://localhost:3000","service":"financial-platform","timestamp":"2025-12-03T12:16:44.925Z"}
{"context":"RoutesResolver","level":"info","message":"AuthController {/api/auth}:","service":"financial-platform","timestamp":"2025-12-03T12:36:03.382Z"}
{"context":"RouterExplorer","level":"info","message":"Mapped {/api/auth/register, POST} route","service":"financial-platform","timestamp":"2025-12-03T12:36:03.390Z"}
{"context":"RouterExplorer","level":"info","message":"Mapped {/api/auth/login, POST} route","service":"financial-platform","timestamp":"2025-12-03T12:36:03.391Z"}
{"context":"RouterExplorer","level":"info","message":"Mapped {/api/auth/refresh, POST} route","service":"financial-platform","timestamp":"2025-12-03T12:36:03.392Z"}
{"context":"RouterExplorer","level":"info","message":"Mapped {/api/auth/logout, POST} route","service":"financial-platform","timestamp":"2025-12-03T12:36:03.393Z"}
{"context":"RouterExplorer","level":"info","message":"Mapped {/api/auth/google, GET} route","service":"financial-platform","timestamp":"2025-12-03T12:36:03.394Z"}
{"context":"RouterExplorer","level":"info","message":"Mapped {/api/auth/google/callback, GET} route","service":"financial-platform","timestamp":"2025-12-03T12:36:03.395Z"}
{"context":"RouterExplorer","level":"info","message":"Mapped {/api/auth/profile, GET} route","service":"financial-platform","timestamp":"2025-12-03T12:36:03.395Z"}
{"context":"RoutesResolver","level":"info","message":"UsersController {/api/users}:","service":"financial-platform","timestamp":"2025-12-03T12:36:03.396Z"}
{"context":"RouterExplorer","level":"info","message":"Mapped {/api/users, POST} route","service":"financial-platform","timestamp":"2025-12-03T12:36:03.397Z"}
{"context":"RouterExplorer","level":"info","message":"Mapped {/api/users, GET} route","service":"financial-platform","timestamp":"2025-12-03T12:36:03.398Z"}
{"context":"RouterExplorer","level":"info","message":"Mapped {/api/users/profile, GET} route","service":"financial-platform","timestamp":"2025-12-03T12:36:03.398Z"}
{"context":"RouterExplorer","level":"info","message":"Mapped {/api/users/:id, GET} route","service":"financial-platform","timestamp":"2025-12-03T12:36:03.399Z"}
{"context":"RouterExplorer","level":"info","message":"Mapped {/api/users/profile, PATCH} route","service":"financial-platform","timestamp":"2025-12-03T12:36:03.400Z"}
{"context":"RouterExplorer","level":"info","message":"Mapped {/api/users/:id, PATCH} route","service":"financial-platform","timestamp":"2025-12-03T12:36:03.400Z"}
{"context":"RouterExplorer","level":"info","message":"Mapped {/api/users/:id, DELETE} route","service":"financial-platform","timestamp":"2025-12-03T12:36:03.401Z"}
{"context":"RoutesResolver","level":"info","message":"AccountsController {/api/accounts}:","service":"financial-platform","timestamp":"2025-12-03T12:36:03.401Z"}
{"context":"RouterExplorer","level":"info","message":"Mapped {/api/accounts, GET} route","service":"financial-platform","timestamp":"2025-12-03T12:36:03.401Z"}
{"context":"RouterExplorer","level":"info","message":"Mapped {/api/accounts/:id, GET} route","service":"financial-platform","timestamp":"2025-12-03T12:36:03.402Z"}
{"context":"RouterExplorer","level":"info","message":"Mapped {/api/accounts/:id/balance, GET} route","service":"financial-platform","timestamp":"2025-12-03T12:36:03.402Z"}
{"context":"RouterExplorer","level":"info","message":"Mapped {/api/accounts, POST} route","service":"financial-platform","timestamp":"2025-12-03T12:36:03.403Z"}
{"context":"RouterExplorer","level":"info","message":"Mapped {/api/accounts/:id, PATCH} route","service":"financial-platform","timestamp":"2025-12-03T12:36:03.403Z"}
{"context":"RoutesResolver","level":"info","message":"TransactionsController {/api/transactions}:","service":"financial-platform","timestamp":"2025-12-03T12:36:03.403Z"}
{"context":"RouterExplorer","level":"info","message":"Mapped {/api/transactions/transfer, POST} route","service":"financial-platform","timestamp":"2025-12-03T12:36:03.404Z"}
{"context":"RouterExplorer","level":"info","message":"Mapped {/api/transactions/deposit, POST} route","service":"financial-platform","timestamp":"2025-12-03T12:36:03.404Z"}
{"context":"RouterExplorer","level":"info","message":"Mapped {/api/transactions/withdraw, POST} route","service":"financial-platform","timestamp":"2025-12-03T12:36:03.404Z"}
{"context":"RouterExplorer","level":"info","message":"Mapped {/api/transactions, GET} route","service":"financial-platform","timestamp":"2025-12-03T12:36:03.405Z"}
{"context":"RouterExplorer","level":"info","message":"Mapped {/api/transactions/pending, GET} route","service":"financial-platform","timestamp":"2025-12-03T12:36:03.405Z"}
{"context":"RouterExplorer","level":"info","message":"Mapped {/api/transactions/pending/:id, GET} route","service":"financial-platform","timestamp":"2025-12-03T12:36:03.405Z"}
{"context":"RouterExplorer","level":"info","message":"Mapped {/api/transactions/admin, POST} route","service":"financial-platform","timestamp":"2025-12-03T12:36:03.406Z"}
{"context":"RouterExplorer","level":"info","message":"Mapped {/api/transactions/:id/validate, PATCH} route","service":"financial-platform","timestamp":"2025-12-03T12:36:03.406Z"}
{"context":"RoutesResolver","level":"info","message":"KycController {/api/kyc}:","service":"financial-platform","timestamp":"2025-12-03T12:36:03.406Z"}
{"context":"RouterExplorer","level":"info","message":"Mapped {/api/kyc/documents, POST} route","service":"financial-platform","timestamp":"2025-12-03T12:36:03.407Z"}
{"context":"RouterExplorer","level":"info","message":"Mapped {/api/kyc/documents, GET} route","service":"financial-platform","timestamp":"2025-12-03T12:36:03.407Z"}
{"context":"RouterExplorer","level":"info","message":"Mapped {/api/kyc/documents/pending, GET} route","service":"financial-platform","timestamp":"2025-12-03T12:36:03.408Z"}
{"context":"RouterExplorer","level":"info","message":"Mapped {/api/kyc/documents/:id/review, PATCH} route","service":"financial-platform","timestamp":"2025-12-03T12:36:03.408Z"}
{"context":"RoutesResolver","level":"info","message":"AuditLogsController {/api/audit-logs}:","service":"financial-platform","timestamp":"2025-12-03T12:36:03.408Z"}
{"context":"RouterExplorer","level":"info","message":"Mapped {/api/audit-logs, GET} route","service":"financial-platform","timestamp":"2025-12-03T12:36:03.409Z"}
{"context":"RouterExplorer","level":"info","message":"Mapped {/api/audit-logs/me, GET} route","service":"financial-platform","timestamp":"2025-12-03T12:36:03.409Z"}
{"context":"RoutesResolver","level":"info","message":"LoansController {/api/loans}:","service":"financial-platform","timestamp":"2025-12-03T12:36:03.409Z"}
{"context":"RouterExplorer","level":"info","message":"Mapped {/api/loans, POST} route","service":"financial-platform","timestamp":"2025-12-03T12:36:03.410Z"}
{"context":"RouterExplorer","level":"info","message":"Mapped {/api/loans, GET} route","service":"financial-platform","timestamp":"2025-12-03T12:36:03.410Z"}
{"context":"RouterExplorer","level":"info","message":"Mapped {/api/loans/:id, GET} route","service":"financial-platform","timestamp":"2025-12-03T12:36:03.410Z"}
{"context":"RouterExplorer","level":"info","message":"Mapped {/api/loans/:id/repayments, GET} route","service":"financial-platform","timestamp":"2025-12-03T12:36:03.410Z"}
{"context":"RouterExplorer","level":"info","message":"Mapped {/api/loans/:id/repayments, POST} route","service":"financial-platform","timestamp":"2025-12-03T12:36:03.411Z"}
{"context":"RouterExplorer","level":"info","message":"Mapped {/api/loans/:id/approve, PATCH} route","service":"financial-platform","timestamp":"2025-12-03T12:36:03.411Z"}
{"context":"RouterExplorer","level":"info","message":"Mapped {/api/loans/:id/reject, PATCH} route","service":"financial-platform","timestamp":"2025-12-03T12:36:03.411Z"}
{"context":"RoutesResolver","level":"info","message":"ExchangeController {/api/exchange}:","service":"financial-platform","timestamp":"2025-12-03T12:36:03.412Z"}
{"context":"RouterExplorer","level":"info","message":"Mapped {/api/exchange/convert, GET} route","service":"financial-platform","timestamp":"2025-12-03T12:36:03.412Z"}
{"context":"NestApplication","level":"info","message":"Nest application successfully started","service":"financial-platform","timestamp":"2025-12-03T12:36:03.419Z"}
{"level":"info","message":"Application is running on: http://localhost:3000","service":"financial-platform","timestamp":"2025-12-03T12:36:03.422Z"}
{"context":"RoutesResolver","level":"info","message":"AuthController {/api/auth}:","service":"financial-platform","timestamp":"2025-12-03T12:39:26.668Z"}
{"context":"RouterExplorer","level":"info","message":"Mapped {/api/auth/register, POST} route","service":"financial-platform","timestamp":"2025-12-03T12:39:26.676Z"}
{"context":"RouterExplorer","level":"info","message":"Mapped {/api/auth/login, POST} route","service":"financial-platform","timestamp":"2025-12-03T12:39:26.677Z"}
{"context":"RouterExplorer","level":"info","message":"Mapped {/api/auth/refresh, POST} route","service":"financial-platform","timestamp":"2025-12-03T12:39:26.678Z"}
{"context":"RouterExplorer","level":"info","message":"Mapped {/api/auth/logout, POST} route","service":"financial-platform","timestamp":"2025-12-03T12:39:26.679Z"}
{"context":"RouterExplorer","level":"info","message":"Mapped {/api/auth/google, GET} route","service":"financial-platform","timestamp":"2025-12-03T12:39:26.681Z"}
{"context":"RouterExplorer","level":"info","message":"Mapped {/api/auth/google/callback, GET} route","service":"financial-platform","timestamp":"2025-12-03T12:39:26.682Z"}
{"context":"RouterExplorer","level":"info","message":"Mapped {/api/auth/profile, GET} route","service":"financial-platform","timestamp":"2025-12-03T12:39:26.683Z"}
{"context":"RoutesResolver","level":"info","message":"UsersController {/api/users}:","service":"financial-platform","timestamp":"2025-12-03T12:39:26.684Z"}
{"context":"RouterExplorer","level":"info","message":"Mapped {/api/users, POST} route","service":"financial-platform","timestamp":"2025-12-03T12:39:26.685Z"}
{"context":"RouterExplorer","level":"info","message":"Mapped {/api/users, GET} route","service":"financial-platform","timestamp":"2025-12-03T12:39:26.687Z"}
{"context":"RouterExplorer","level":"info","message":"Mapped {/api/users/profile, GET} route","service":"financial-platform","timestamp":"2025-12-03T12:39:26.688Z"}
{"context":"RouterExplorer","level":"info","message":"Mapped {/api/users/:id, GET} route","service":"financial-platform","timestamp":"2025-12-03T12:39:26.688Z"}
{"context":"RouterExplorer","level":"info","message":"Mapped {/api/users/profile, PATCH} route","service":"financial-platform","timestamp":"2025-12-03T12:39:26.689Z"}
{"context":"RouterExplorer","level":"info","message":"Mapped {/api/users/:id, PATCH} route","service":"financial-platform","timestamp":"2025-12-03T12:39:26.690Z"}
{"context":"RouterExplorer","level":"info","message":"Mapped {/api/users/:id, DELETE} route","service":"financial-platform","timestamp":"2025-12-03T12:39:26.691Z"}
{"context":"RoutesResolver","level":"info","message":"AccountsController {/api/accounts}:","service":"financial-platform","timestamp":"2025-12-03T12:39:26.691Z"}
{"context":"RouterExplorer","level":"info","message":"Mapped {/api/accounts, GET} route","service":"financial-platform","timestamp":"2025-12-03T12:39:26.692Z"}
{"context":"RouterExplorer","level":"info","message":"Mapped {/api/accounts/:id, GET} route","service":"financial-platform","timestamp":"2025-12-03T12:39:26.692Z"}
{"context":"RouterExplorer","level":"info","message":"Mapped {/api/accounts/:id/balance, GET} route","service":"financial-platform","timestamp":"2025-12-03T12:39:26.693Z"}
{"context":"RouterExplorer","level":"info","message":"Mapped {/api/accounts, POST} route","service":"financial-platform","timestamp":"2025-12-03T12:39:26.694Z"}
{"context":"RouterExplorer","level":"info","message":"Mapped {/api/accounts/:id, PATCH} route","service":"financial-platform","timestamp":"2025-12-03T12:39:26.694Z"}
{"context":"RoutesResolver","level":"info","message":"TransactionsController {/api/transactions}:","service":"financial-platform","timestamp":"2025-12-03T12:39:26.695Z"}
{"context":"RouterExplorer","level":"info","message":"Mapped {/api/transactions/transfer, POST} route","service":"financial-platform","timestamp":"2025-12-03T12:39:26.695Z"}
{"context":"RouterExplorer","level":"info","message":"Mapped {/api/transactions/deposit, POST} route","service":"financial-platform","timestamp":"2025-12-03T12:39:26.696Z"}
{"context":"RouterExplorer","level":"info","message":"Mapped {/api/transactions/withdraw, POST} route","service":"financial-platform","timestamp":"2025-12-03T12:39:26.696Z"}
{"context":"RouterExplorer","level":"info","message":"Mapped {/api/transactions, GET} route","service":"financial-platform","timestamp":"2025-12-03T12:39:26.697Z"}
{"context":"RouterExplorer","level":"info","message":"Mapped {/api/transactions/pending, GET} route","service":"financial-platform","timestamp":"2025-12-03T12:39:26.698Z"}
{"context":"RouterExplorer","level":"info","message":"Mapped {/api/transactions/pending/:id, GET} route","service":"financial-platform","timestamp":"2025-12-03T12:39:26.699Z"}
{"context":"RouterExplorer","level":"info","message":"Mapped {/api/transactions/admin, POST} route","service":"financial-platform","timestamp":"2025-12-03T12:39:26.701Z"}
{"context":"RouterExplorer","level":"info","message":"Mapped {/api/transactions/:id/validate, PATCH} route","service":"financial-platform","timestamp":"2025-12-03T12:39:26.701Z"}
{"context":"RoutesResolver","level":"info","message":"KycController {/api/kyc}:","service":"financial-platform","timestamp":"2025-12-03T12:39:26.702Z"}
{"context":"RouterExplorer","level":"info","message":"Mapped {/api/kyc/documents, POST} route","service":"financial-platform","timestamp":"2025-12-03T12:39:26.703Z"}
{"context":"RouterExplorer","level":"info","message":"Mapped {/api/kyc/documents, GET} route","service":"financial-platform","timestamp":"2025-12-03T12:39:26.703Z"}
{"context":"RouterExplorer","level":"info","message":"Mapped {/api/kyc/documents/pending, GET} route","service":"financial-platform","timestamp":"2025-12-03T12:39:26.704Z"}
{"context":"RouterExplorer","level":"info","message":"Mapped {/api/kyc/documents/:id/review, PATCH} route","service":"financial-platform","timestamp":"2025-12-03T12:39:26.705Z"}
{"context":"RoutesResolver","level":"info","message":"AuditLogsController {/api/audit-logs}:","service":"financial-platform","timestamp":"2025-12-03T12:39:26.705Z"}
{"context":"RouterExplorer","level":"info","message":"Mapped {/api/audit-logs, GET} route","service":"financial-platform","timestamp":"2025-12-03T12:39:26.706Z"}
{"context":"RouterExplorer","level":"info","message":"Mapped {/api/audit-logs/me, GET} route","service":"financial-platform","timestamp":"2025-12-03T12:39:26.707Z"}
{"context":"RoutesResolver","level":"info","message":"LoansController {/api/loans}:","service":"financial-platform","timestamp":"2025-12-03T12:39:26.707Z"}
{"context":"RouterExplorer","level":"info","message":"Mapped {/api/loans, POST} route","service":"financial-platform","timestamp":"2025-12-03T12:39:26.707Z"}
{"context":"RouterExplorer","level":"info","message":"Mapped {/api/loans, GET} route","service":"financial-platform","timestamp":"2025-12-03T12:39:26.708Z"}
{"context":"RouterExplorer","level":"info","message":"Mapped {/api/loans/:id, GET} route","service":"financial-platform","timestamp":"2025-12-03T12:39:26.708Z"}
{"context":"RouterExplorer","level":"info","message":"Mapped {/api/loans/:id/repayments, GET} route","service":"financial-platform","timestamp":"2025-12-03T12:39:26.709Z"}
{"context":"RouterExplorer","level":"info","message":"Mapped {/api/loans/:id/repayments, POST} route","service":"financial-platform","timestamp":"2025-12-03T12:39:26.709Z"}
{"context":"RouterExplorer","level":"info","message":"Mapped {/api/loans/:id/approve, PATCH} route","service":"financial-platform","timestamp":"2025-12-03T12:39:26.710Z"}
{"context":"RouterExplorer","level":"info","message":"Mapped {/api/loans/:id/reject, PATCH} route","service":"financial-platform","timestamp":"2025-12-03T12:39:26.710Z"}
{"context":"RoutesResolver","level":"info","message":"ExchangeController {/api/exchange}:","service":"financial-platform","timestamp":"2025-12-03T12:39:26.710Z"}
{"context":"RouterExplorer","level":"info","message":"Mapped {/api/exchange/convert, GET} route","service":"financial-platform","timestamp":"2025-12-03T12:39:26.711Z"}
{"context":"NestApplication","level":"info","message":"Nest application successfully started","service":"financial-platform","timestamp":"2025-12-03T12:39:26.720Z"}
{"level":"info","message":"Application is running on: http://localhost:3000","service":"financial-platform","timestamp":"2025-12-03T12:39:26.725Z"}
{"context":"RoutesResolver","level":"info","message":"AuthController {/api/auth}:","service":"financial-platform","timestamp":"2025-12-03T12:39:28.133Z"}
{"context":"RouterExplorer","level":"info","message":"Mapped {/api/auth/register, POST} route","service":"financial-platform","timestamp":"2025-12-03T12:39:28.138Z"}
{"context":"RouterExplorer","level":"info","message":"Mapped {/api/auth/login, POST} route","service":"financial-platform","timestamp":"2025-12-03T12:39:28.139Z"}
{"context":"RouterExplorer","level":"info","message":"Mapped {/api/auth/refresh, POST} route","service":"financial-platform","timestamp":"2025-12-03T12:39:28.140Z"}
{"context":"RouterExplorer","level":"info","message":"Mapped {/api/auth/logout, POST} route","service":"financial-platform","timestamp":"2025-12-03T12:39:28.141Z"}
{"context":"RouterExplorer","level":"info","message":"Mapped {/api/auth/google, GET} route","service":"financial-platform","timestamp":"2025-12-03T12:39:28.142Z"}
{"context":"RouterExplorer","level":"info","message":"Mapped {/api/auth/google/callback, GET} route","service":"financial-platform","timestamp":"2025-12-03T12:39:28.143Z"}
{"context":"RouterExplorer","level":"info","message":"Mapped {/api/auth/profile, GET} route","service":"financial-platform","timestamp":"2025-12-03T12:39:28.144Z"}
{"context":"RoutesResolver","level":"info","message":"UsersController {/api/users}:","service":"financial-platform","timestamp":"2025-12-03T12:39:28.144Z"}
{"context":"RouterExplorer","level":"info","message":"Mapped {/api/users, POST} route","service":"financial-platform","timestamp":"2025-12-03T12:39:28.145Z"}
{"context":"RouterExplorer","level":"info","message":"Mapped {/api/users, GET} route","service":"financial-platform","timestamp":"2025-12-03T12:39:28.146Z"}
{"context":"RouterExplorer","level":"info","message":"Mapped {/api/users/profile, GET} route","service":"financial-platform","timestamp":"2025-12-03T12:39:28.147Z"}
{"context":"RouterExplorer","level":"info","message":"Mapped {/api/users/:id, GET} route","service":"financial-platform","timestamp":"2025-12-03T12:39:28.148Z"}
{"context":"RouterExplorer","level":"info","message":"Mapped {/api/users/profile, PATCH} route","service":"financial-platform","timestamp":"2025-12-03T12:39:28.148Z"}
{"context":"RouterExplorer","level":"info","message":"Mapped {/api/users/:id, PATCH} route","service":"financial-platform","timestamp":"2025-12-03T12:39:28.149Z"}
{"context":"RouterExplorer","level":"info","message":"Mapped {/api/users/:id, DELETE} route","service":"financial-platform","timestamp":"2025-12-03T12:39:28.150Z"}
{"context":"RoutesResolver","level":"info","message":"AccountsController {/api/accounts}:","service":"financial-platform","timestamp":"2025-12-03T12:39:28.151Z"}
{"context":"RouterExplorer","level":"info","message":"Mapped {/api/accounts, GET} route","service":"financial-platform","timestamp":"2025-12-03T12:39:28.151Z"}
{"context":"RouterExplorer","level":"info","message":"Mapped {/api/accounts/:id, GET} route","service":"financial-platform","timestamp":"2025-12-03T12:39:28.153Z"}
{"context":"RouterExplorer","level":"info","message":"Mapped {/api/accounts/:id/balance, GET} route","service":"financial-platform","timestamp":"2025-12-03T12:39:28.153Z"}
{"context":"RouterExplorer","level":"info","message":"Mapped {/api/accounts, POST} route","service":"financial-platform","timestamp":"2025-12-03T12:39:28.154Z"}
{"context":"RouterExplorer","level":"info","message":"Mapped {/api/accounts/:id, PATCH} route","service":"financial-platform","timestamp":"2025-12-03T12:39:28.155Z"}
{"context":"RoutesResolver","level":"info","message":"TransactionsController {/api/transactions}:","service":"financial-platform","timestamp":"2025-12-03T12:39:28.156Z"}
{"context":"RouterExplorer","level":"info","message":"Mapped {/api/transactions/transfer, POST} route","service":"financial-platform","timestamp":"2025-12-03T12:39:28.156Z"}
{"context":"RouterExplorer","level":"info","message":"Mapped {/api/transactions/deposit, POST} route","service":"financial-platform","timestamp":"2025-12-03T12:39:28.157Z"}
{"context":"RouterExplorer","level":"info","message":"Mapped {/api/transactions/withdraw, POST} route","service":"financial-platform","timestamp":"2025-12-03T12:39:28.157Z"}
{"context":"RouterExplorer","level":"info","message":"Mapped {/api/transactions, GET} route","service":"financial-platform","timestamp":"2025-12-03T12:39:28.158Z"}
{"context":"RouterExplorer","level":"info","message":"Mapped {/api/transactions/pending, GET} route","service":"financial-platform","timestamp":"2025-12-03T12:39:28.158Z"}
{"context":"RouterExplorer","level":"info","message":"Mapped {/api/transactions/pending/:id, GET} route","service":"financial-platform","timestamp":"2025-12-03T12:39:28.159Z"}
{"context":"RouterExplorer","level":"info","message":"Mapped {/api/transactions/admin, POST} route","service":"financial-platform","timestamp":"2025-12-03T12:39:28.159Z"}
{"context":"RouterExplorer","level":"info","message":"Mapped {/api/transactions/:id/validate, PATCH} route","service":"financial-platform","timestamp":"2025-12-03T12:39:28.160Z"}
{"context":"RoutesResolver","level":"info","message":"KycController {/api/kyc}:","service":"financial-platform","timestamp":"2025-12-03T12:39:28.160Z"}
{"context":"RouterExplorer","level":"info","message":"Mapped {/api/kyc/documents, POST} route","service":"financial-platform","timestamp":"2025-12-03T12:39:28.160Z"}
{"context":"RouterExplorer","level":"info","message":"Mapped {/api/kyc/documents, GET} route","service":"financial-platform","timestamp":"2025-12-03T12:39:28.161Z"}
{"context":"RouterExplorer","level":"info","message":"Mapped {/api/kyc/documents/pending, GET} route","service":"financial-platform","timestamp":"2025-12-03T12:39:28.161Z"}
{"context":"RouterExplorer","level":"info","message":"Mapped {/api/kyc/documents/:id/review, PATCH} route","service":"financial-platform","timestamp":"2025-12-03T12:39:28.162Z"}
{"context":"RoutesResolver","level":"info","message":"AuditLogsController {/api/audit-logs}:","service":"financial-platform","timestamp":"2025-12-03T12:39:28.162Z"}
{"context":"RouterExplorer","level":"info","message":"Mapped {/api/audit-logs, GET} route","service":"financial-platform","timestamp":"2025-12-03T12:39:28.162Z"}
{"context":"RouterExplorer","level":"info","message":"Mapped {/api/audit-logs/me, GET} route","service":"financial-platform","timestamp":"2025-12-03T12:39:28.162Z"}
{"context":"RoutesResolver","level":"info","message":"LoansController {/api/loans}:","service":"financial-platform","timestamp":"2025-12-03T12:39:28.163Z"}
{"context":"RouterExplorer","level":"info","message":"Mapped {/api/loans, POST} route","service":"financial-platform","timestamp":"2025-12-03T12:39:28.163Z"}
{"context":"RouterExplorer","level":"info","message":"Mapped {/api/loans, GET} route","service":"financial-platform","timestamp":"2025-12-03T12:39:28.164Z"}
{"context":"RouterExplorer","level":"info","message":"Mapped {/api/loans/:id, GET} route","service":"financial-platform","timestamp":"2025-12-03T12:39:28.164Z"}
{"context":"RouterExplorer","level":"info","message":"Mapped {/api/loans/:id/repayments, GET} route","service":"financial-platform","timestamp":"2025-12-03T12:39:28.165Z"}
{"context":"RouterExplorer","level":"info","message":"Mapped {/api/loans/:id/repayments, POST} route","service":"financial-platform","timestamp":"2025-12-03T12:39:28.166Z"}
{"context":"RouterExplorer","level":"info","message":"Mapped {/api/loans/:id/approve, PATCH} route","service":"financial-platform","timestamp":"2025-12-03T12:39:28.166Z"}
{"context":"RouterExplorer","level":"info","message":"Mapped {/api/loans/:id/reject, PATCH} route","service":"financial-platform","timestamp":"2025-12-03T12:39:28.167Z"}
{"context":"RoutesResolver","level":"info","message":"ExchangeController {/api/exchange}:","service":"financial-platform","timestamp":"2025-12-03T12:39:28.167Z"}
{"context":"RouterExplorer","level":"info","message":"Mapped {/api/exchange/convert, GET} route","service":"financial-platform","timestamp":"2025-12-03T12:39:28.168Z"}
{"context":"NestApplication","level":"info","message":"Nest application successfully started","service":"financial-platform","timestamp":"2025-12-03T12:39:28.176Z"}
{"level":"info","message":"Application is running on: http://localhost:3000","service":"financial-platform","timestamp":"2025-12-03T12:39:28.180Z"}
{"context":"RoutesResolver","level":"info","message":"AuthController {/api/auth}:","service":"financial-platform","timestamp":"2025-12-03T12:39:32.145Z"}
{"context":"RouterExplorer","level":"info","message":"Mapped {/api/auth/register, POST} route","service":"financial-platform","timestamp":"2025-12-03T12:39:32.153Z"}
{"context":"RouterExplorer","level":"info","message":"Mapped {/api/auth/login, POST} route","service":"financial-platform","timestamp":"2025-12-03T12:39:32.155Z"}
{"context":"RouterExplorer","level":"info","message":"Mapped {/api/auth/refresh, POST} route","service":"financial-platform","timestamp":"2025-12-03T12:39:32.156Z"}
{"context":"RouterExplorer","level":"info","message":"Mapped {/api/auth/logout, POST} route","service":"financial-platform","timestamp":"2025-12-03T12:39:32.156Z"}
{"context":"RouterExplorer","level":"info","message":"Mapped {/api/auth/google, GET} route","service":"financial-platform","timestamp":"2025-12-03T12:39:32.157Z"}
{"context":"RouterExplorer","level":"info","message":"Mapped {/api/auth/google/callback, GET} route","service":"financial-platform","timestamp":"2025-12-03T12:39:32.158Z"}
{"context":"RouterExplorer","level":"info","message":"Mapped {/api/auth/profile, GET} route","service":"financial-platform","timestamp":"2025-12-03T12:39:32.159Z"}
{"context":"RoutesResolver","level":"info","message":"UsersController {/api/users}:","service":"financial-platform","timestamp":"2025-12-03T12:39:32.159Z"}
{"context":"RouterExplorer","level":"info","message":"Mapped {/api/users, POST} route","service":"financial-platform","timestamp":"2025-12-03T12:39:32.160Z"}
{"context":"RouterExplorer","level":"info","message":"Mapped {/api/users, GET} route","service":"financial-platform","timestamp":"2025-12-03T12:39:32.161Z"}
{"context":"RouterExplorer","level":"info","message":"Mapped {/api/users/profile, GET} route","service":"financial-platform","timestamp":"2025-12-03T12:39:32.162Z"}
{"context":"RouterExplorer","level":"info","message":"Mapped {/api/users/:id, GET} route","service":"financial-platform","timestamp":"2025-12-03T12:39:32.163Z"}
{"context":"RouterExplorer","level":"info","message":"Mapped {/api/users/profile, PATCH} route","service":"financial-platform","timestamp":"2025-12-03T12:39:32.163Z"}
{"context":"RouterExplorer","level":"info","message":"Mapped {/api/users/:id, PATCH} route","service":"financial-platform","timestamp":"2025-12-03T12:39:32.164Z"}
{"context":"RouterExplorer","level":"info","message":"Mapped {/api/users/:id, DELETE} route","service":"financial-platform","timestamp":"2025-12-03T12:39:32.165Z"}
{"context":"RoutesResolver","level":"info","message":"AccountsController {/api/accounts}:","service":"financial-platform","timestamp":"2025-12-03T12:39:32.165Z"}
{"context":"RouterExplorer","level":"info","message":"Mapped {/api/accounts, GET} route","service":"financial-platform","timestamp":"2025-12-03T12:39:32.166Z"}
{"context":"RouterExplorer","level":"info","message":"Mapped {/api/accounts/:id, GET} route","service":"financial-platform","timestamp":"2025-12-03T12:39:32.167Z"}
{"context":"RouterExplorer","level":"info","message":"Mapped {/api/accounts/:id/balance, GET} route","service":"financial-platform","timestamp":"2025-12-03T12:39:32.167Z"}
{"context":"RouterExplorer","level":"info","message":"Mapped {/api/accounts, POST} route","service":"financial-platform","timestamp":"2025-12-03T12:39:32.168Z"}
{"context":"RouterExplorer","level":"info","message":"Mapped {/api/accounts/:id, PATCH} route","service":"financial-platform","timestamp":"2025-12-03T12:39:32.168Z"}
{"context":"RoutesResolver","level":"info","message":"TransactionsController {/api/transactions}:","service":"financial-platform","timestamp":"2025-12-03T12:39:32.169Z"}
{"context":"RouterExplorer","level":"info","message":"Mapped {/api/transactions/transfer, POST} route","service":"financial-platform","timestamp":"2025-12-03T12:39:32.169Z"}
{"context":"RouterExplorer","level":"info","message":"Mapped {/api/transactions/deposit, POST} route","service":"financial-platform","timestamp":"2025-12-03T12:39:32.170Z"}
{"context":"RouterExplorer","level":"info","message":"Mapped {/api/transactions/withdraw, POST} route","service":"financial-platform","timestamp":"2025-12-03T12:39:32.170Z"}
{"context":"RouterExplorer","level":"info","message":"Mapped {/api/transactions, GET} route","service":"financial-platform","timestamp":"2025-12-03T12:39:32.171Z"}
{"context":"RouterExplorer","level":"info","message":"Mapped {/api/transactions/pending, GET} route","service":"financial-platform","timestamp":"2025-12-03T12:39:32.172Z"}
{"context":"RouterExplorer","level":"info","message":"Mapped {/api/transactions/pending/:id, GET} route","service":"financial-platform","timestamp":"2025-12-03T12:39:32.172Z"}
{"context":"RouterExplorer","level":"info","message":"Mapped {/api/transactions/admin, POST} route","service":"financial-platform","timestamp":"2025-12-03T12:39:32.173Z"}
{"context":"RouterExplorer","level":"info","message":"Mapped {/api/transactions/:id/validate, PATCH} route","service":"financial-platform","timestamp":"2025-12-03T12:39:32.173Z"}
{"context":"RoutesResolver","level":"info","message":"KycController {/api/kyc}:","service":"financial-platform","timestamp":"2025-12-03T12:39:32.174Z"}
{"context":"RouterExplorer","level":"info","message":"Mapped {/api/kyc/documents, POST} route","service":"financial-platform","timestamp":"2025-12-03T12:39:32.174Z"}
{"context":"RouterExplorer","level":"info","message":"Mapped {/api/kyc/documents, GET} route","service":"financial-platform","timestamp":"2025-12-03T12:39:32.175Z"}
{"context":"RouterExplorer","level":"info","message":"Mapped {/api/kyc/documents/pending, GET} route","service":"financial-platform","timestamp":"2025-12-03T12:39:32.175Z"}
{"context":"RouterExplorer","level":"info","message":"Mapped {/api/kyc/documents/:id/review, PATCH} route","service":"financial-platform","timestamp":"2025-12-03T12:39:32.176Z"}
{"context":"RoutesResolver","level":"info","message":"AuditLogsController {/api/audit-logs}:","service":"financial-platform","timestamp":"2025-12-03T12:39:32.176Z"}
{"context":"RouterExplorer","level":"info","message":"Mapped {/api/audit-logs, GET} route","service":"financial-platform","timestamp":"2025-12-03T12:39:32.177Z"}
{"context":"RouterExplorer","level":"info","message":"Mapped {/api/audit-logs/me, GET} route","service":"financial-platform","timestamp":"2025-12-03T12:39:32.177Z"}
{"context":"RoutesResolver","level":"info","message":"LoansController {/api/loans}:","service":"financial-platform","timestamp":"2025-12-03T12:39:32.177Z"}
{"context":"RouterExplorer","level":"info","message":"Mapped {/api/loans, POST} route","service":"financial-platform","timestamp":"2025-12-03T12:39:32.178Z"}
{"context":"RouterExplorer","level":"info","message":"Mapped {/api/loans, GET} route","service":"financial-platform","timestamp":"2025-12-03T12:39:32.179Z"}
{"context":"RouterExplorer","level":"info","message":"Mapped {/api/loans/:id, GET} route","service":"financial-platform","timestamp":"2025-12-03T12:39:32.179Z"}
{"context":"RouterExplorer","level":"info","message":"Mapped {/api/loans/:id/repayments, GET} route","service":"financial-platform","timestamp":"2025-12-03T12:39:32.180Z"}
{"context":"RouterExplorer","level":"info","message":"Mapped {/api/loans/:id/repayments, POST} route","service":"financial-platform","timestamp":"2025-12-03T12:39:32.181Z"}
{"context":"RouterExplorer","level":"info","message":"Mapped {/api/loans/:id/approve, PATCH} route","service":"financial-platform","timestamp":"2025-12-03T12:39:32.181Z"}
{"context":"RouterExplorer","level":"info","message":"Mapped {/api/loans/:id/reject, PATCH} route","service":"financial-platform","timestamp":"2025-12-03T12:39:32.182Z"}
{"context":"RoutesResolver","level":"info","message":"ExchangeController {/api/exchange}:","service":"financial-platform","timestamp":"2025-12-03T12:39:32.183Z"}
{"context":"RouterExplorer","level":"info","message":"Mapped {/api/exchange/convert, GET} route","service":"financial-platform","timestamp":"2025-12-03T12:39:32.183Z"}
{"context":"NestApplication","level":"info","message":"Nest application successfully started","service":"financial-platform","timestamp":"2025-12-03T12:39:32.192Z"}
{"level":"info","message":"Application is running on: http://localhost:3000","service":"financial-platform","timestamp":"2025-12-03T12:39:32.198Z"}
{"context":"RoutesResolver","level":"info","message":"AuthController {/api/auth}:","service":"financial-platform","timestamp":"2025-12-03T12:42:08.832Z"}
{"context":"RouterExplorer","level":"info","message":"Mapped {/api/auth/register, POST} route","service":"financial-platform","timestamp":"2025-12-03T12:42:08.841Z"}
{"context":"RouterExplorer","level":"info","message":"Mapped {/api/auth/login, POST} route","service":"financial-platform","timestamp":"2025-12-03T12:42:08.843Z"}
{"context":"RouterExplorer","level":"info","message":"Mapped {/api/auth/refresh, POST} route","service":"financial-platform","timestamp":"2025-12-03T12:42:08.844Z"}
{"context":"RouterExplorer","level":"info","message":"Mapped {/api/auth/logout, POST} route","service":"financial-platform","timestamp":"2025-12-03T12:42:08.845Z"}
{"context":"RouterExplorer","level":"info","message":"Mapped {/api/auth/google, GET} route","service":"financial-platform","timestamp":"2025-12-03T12:42:08.846Z"}
{"context":"RouterExplorer","level":"info","message":"Mapped {/api/auth/google/callback, GET} route","service":"financial-platform","timestamp":"2025-12-03T12:42:08.847Z"}
{"context":"RouterExplorer","level":"info","message":"Mapped {/api/auth/profile, GET} route","service":"financial-platform","timestamp":"2025-12-03T12:42:08.848Z"}
{"context":"RoutesResolver","level":"info","message":"UsersController {/api/users}:","service":"financial-platform","timestamp":"2025-12-03T12:42:08.849Z"}
{"context":"RouterExplorer","level":"info","message":"Mapped {/api/users, POST} route","service":"financial-platform","timestamp":"2025-12-03T12:42:08.850Z"}
{"context":"RouterExplorer","level":"info","message":"Mapped {/api/users, GET} route","service":"financial-platform","timestamp":"2025-12-03T12:42:08.851Z"}
{"context":"RouterExplorer","level":"info","message":"Mapped {/api/users/profile, GET} route","service":"financial-platform","timestamp":"2025-12-03T12:42:08.852Z"}
{"context":"RouterExplorer","level":"info","message":"Mapped {/api/users/:id, GET} route","service":"financial-platform","timestamp":"2025-12-03T12:42:08.853Z"}
{"context":"RouterExplorer","level":"info","message":"Mapped {/api/users/profile, PATCH} route","service":"financial-platform","timestamp":"2025-12-03T12:42:08.853Z"}
{"context":"RouterExplorer","level":"info","message":"Mapped {/api/users/:id, PATCH} route","service":"financial-platform","timestamp":"2025-12-03T12:42:08.854Z"}
{"context":"RouterExplorer","level":"info","message":"Mapped {/api/users/:id, DELETE} route","service":"financial-platform","timestamp":"2025-12-03T12:42:08.855Z"}
{"context":"RoutesResolver","level":"info","message":"AccountsController {/api/accounts}:","service":"financial-platform","timestamp":"2025-12-03T12:42:08.856Z"}
{"context":"RouterExplorer","level":"info","message":"Mapped {/api/accounts, GET} route","service":"financial-platform","timestamp":"2025-12-03T12:42:08.856Z"}
{"context":"RouterExplorer","level":"info","message":"Mapped {/api/accounts/:id, GET} route","service":"financial-platform","timestamp":"2025-12-03T12:42:08.857Z"}
{"context":"RouterExplorer","level":"info","message":"Mapped {/api/accounts/:id/balance, GET} route","service":"financial-platform","timestamp":"2025-12-03T12:42:08.858Z"}
{"context":"RouterExplorer","level":"info","message":"Mapped {/api/accounts, POST} route","service":"financial-platform","timestamp":"2025-12-03T12:42:08.859Z"}
{"context":"RouterExplorer","level":"info","message":"Mapped {/api/accounts/:id, PATCH} route","service":"financial-platform","timestamp":"2025-12-03T12:42:08.859Z"}
{"context":"RoutesResolver","level":"info","message":"TransactionsController {/api/transactions}:","service":"financial-platform","timestamp":"2025-12-03T12:42:08.860Z"}
{"context":"RouterExplorer","level":"info","message":"Mapped {/api/transactions/transfer, POST} route","service":"financial-platform","timestamp":"2025-12-03T12:42:08.860Z"}
{"context":"RouterExplorer","level":"info","message":"Mapped {/api/transactions/deposit, POST} route","service":"financial-platform","timestamp":"2025-12-03T12:42:08.861Z"}
{"context":"RouterExplorer","level":"info","message":"Mapped {/api/transactions/withdraw, POST} route","service":"financial-platform","timestamp":"2025-12-03T12:42:08.862Z"}
{"context":"RouterExplorer","level":"info","message":"Mapped {/api/transactions, GET} route","service":"financial-platform","timestamp":"2025-12-03T12:42:08.862Z"}
{"context":"RouterExplorer","level":"info","message":"Mapped {/api/transactions/pending, GET} route","service":"financial-platform","timestamp":"2025-12-03T12:42:08.863Z"}
{"context":"RouterExplorer","level":"info","message":"Mapped {/api/transactions/pending/:id, GET} route","service":"financial-platform","timestamp":"2025-12-03T12:42:08.864Z"}
{"context":"RouterExplorer","level":"info","message":"Mapped {/api/transactions/admin, POST} route","service":"financial-platform","timestamp":"2025-12-03T12:42:08.864Z"}
{"context":"RouterExplorer","level":"info","message":"Mapped {/api/transactions/:id/validate, PATCH} route","service":"financial-platform","timestamp":"2025-12-03T12:42:08.865Z"}
{"context":"RoutesResolver","level":"info","message":"KycController {/api/kyc}:","service":"financial-platform","timestamp":"2025-12-03T12:42:08.866Z"}
{"context":"RouterExplorer","level":"info","message":"Mapped {/api/kyc/documents, POST} route","service":"financial-platform","timestamp":"2025-12-03T12:42:08.867Z"}
{"context":"RouterExplorer","level":"info","message":"Mapped {/api/kyc/documents, GET} route","service":"financial-platform","timestamp":"2025-12-03T12:42:08.867Z"}
{"context":"RouterExplorer","level":"info","message":"Mapped {/api/kyc/documents/pending, GET} route","service":"financial-platform","timestamp":"2025-12-03T12:42:08.868Z"}
{"context":"RouterExplorer","level":"info","message":"Mapped {/api/kyc/documents/:id/review, PATCH} route","service":"financial-platform","timestamp":"2025-12-03T12:42:08.869Z"}
{"context":"RoutesResolver","level":"info","message":"AuditLogsController {/api/audit-logs}:","service":"financial-platform","timestamp":"2025-12-03T12:42:08.869Z"}
{"context":"RouterExplorer","level":"info","message":"Mapped {/api/audit-logs, GET} route","service":"financial-platform","timestamp":"2025-12-03T12:42:08.869Z"}
{"context":"RouterExplorer","level":"info","message":"Mapped {/api/audit-logs/me, GET} route","service":"financial-platform","timestamp":"2025-12-03T12:42:08.871Z"}
{"context":"RoutesResolver","level":"info","message":"LoansController {/api/loans}:","service":"financial-platform","timestamp":"2025-12-03T12:42:08.872Z"}
{"context":"RouterExplorer","level":"info","message":"Mapped {/api/loans, POST} route","service":"financial-platform","timestamp":"2025-12-03T12:42:08.873Z"}
{"context":"RouterExplorer","level":"info","message":"Mapped {/api/loans, GET} route","service":"financial-platform","timestamp":"2025-12-03T12:42:08.873Z"}
{"context":"RouterExplorer","level":"info","message":"Mapped {/api/loans/:id, GET} route","service":"financial-platform","timestamp":"2025-12-03T12:42:08.874Z"}
{"context":"RouterExplorer","level":"info","message":"Mapped {/api/loans/:id/repayments, GET} route","service":"financial-platform","timestamp":"2025-12-03T12:42:08.874Z"}
{"context":"RouterExplorer","level":"info","message":"Mapped {/api/loans/:id/repayments, POST} route","service":"financial-platform","timestamp":"2025-12-03T12:42:08.875Z"}
{"context":"RouterExplorer","level":"info","message":"Mapped {/api/loans/:id/approve, PATCH} route","service":"financial-platform","timestamp":"2025-12-03T12:42:08.876Z"}
{"context":"RouterExplorer","level":"info","message":"Mapped {/api/loans/:id/reject, PATCH} route","service":"financial-platform","timestamp":"2025-12-03T12:42:08.876Z"}
{"context":"RoutesResolver","level":"info","message":"ExchangeController {/api/exchange}:","service":"financial-platform","timestamp":"2025-12-03T12:42:08.876Z"}
{"context":"RouterExplorer","level":"info","message":"Mapped {/api/exchange/convert, GET} route","service":"financial-platform","timestamp":"2025-12-03T12:42:08.877Z"}
{"context":"NestApplication","level":"info","message":"Nest application successfully started","service":"financial-platform","timestamp":"2025-12-03T12:42:08.887Z"}
{"level":"info","message":"Application is running on: http://localhost:3000","service":"financial-platform","timestamp":"2025-12-03T12:42:08.893Z"}
{"context":"RoutesResolver","level":"info","message":"AuthController {/api/auth}:","service":"financial-platform","timestamp":"2025-12-03T12:42:21.377Z"}
{"context":"RouterExplorer","level":"info","message":"Mapped {/api/auth/register, POST} route","service":"financial-platform","timestamp":"2025-12-03T12:42:21.382Z"}
{"context":"RouterExplorer","level":"info","message":"Mapped {/api/auth/login, POST} route","service":"financial-platform","timestamp":"2025-12-03T12:42:21.383Z"}
{"context":"RouterExplorer","level":"info","message":"Mapped {/api/auth/refresh, POST} route","service":"financial-platform","timestamp":"2025-12-03T12:42:21.384Z"}
{"context":"RouterExplorer","level":"info","message":"Mapped {/api/auth/logout, POST} route","service":"financial-platform","timestamp":"2025-12-03T12:42:21.385Z"}
{"context":"RouterExplorer","level":"info","message":"Mapped {/api/auth/google, GET} route","service":"financial-platform","timestamp":"2025-12-03T12:42:21.386Z"}
{"context":"RouterExplorer","level":"info","message":"Mapped {/api/auth/google/callback, GET} route","service":"financial-platform","timestamp":"2025-12-03T12:42:21.387Z"}
{"context":"RouterExplorer","level":"info","message":"Mapped {/api/auth/profile, GET} route","service":"financial-platform","timestamp":"2025-12-03T12:42:21.387Z"}
{"context":"RoutesResolver","level":"info","message":"UsersController {/api/users}:","service":"financial-platform","timestamp":"2025-12-03T12:42:21.388Z"}
{"context":"RouterExplorer","level":"info","message":"Mapped {/api/users, POST} route","service":"financial-platform","timestamp":"2025-12-03T12:42:21.389Z"}
{"context":"RouterExplorer","level":"info","message":"Mapped {/api/users, GET} route","service":"financial-platform","timestamp":"2025-12-03T12:42:21.390Z"}
{"context":"RouterExplorer","level":"info","message":"Mapped {/api/users/profile, GET} route","service":"financial-platform","timestamp":"2025-12-03T12:42:21.391Z"}
{"context":"RouterExplorer","level":"info","message":"Mapped {/api/users/:id, GET} route","service":"financial-platform","timestamp":"2025-12-03T12:42:21.391Z"}
{"context":"RouterExplorer","level":"info","message":"Mapped {/api/users/profile, PATCH} route","service":"financial-platform","timestamp":"2025-12-03T12:42:21.392Z"}
{"context":"RouterExplorer","level":"info","message":"Mapped {/api/users/:id, PATCH} route","service":"financial-platform","timestamp":"2025-12-03T12:42:21.392Z"}
{"context":"RouterExplorer","level":"info","message":"Mapped {/api/users/:id, DELETE} route","service":"financial-platform","timestamp":"2025-12-03T12:42:21.393Z"}
{"context":"RoutesResolver","level":"info","message":"AccountsController {/api/accounts}:","service":"financial-platform","timestamp":"2025-12-03T12:42:21.393Z"}
{"context":"RouterExplorer","level":"info","message":"Mapped {/api/accounts, GET} route","service":"financial-platform","timestamp":"2025-12-03T12:42:21.394Z"}
{"context":"RouterExplorer","level":"info","message":"Mapped {/api/accounts/:id, GET} route","service":"financial-platform","timestamp":"2025-12-03T12:42:21.394Z"}
{"context":"RouterExplorer","level":"info","message":"Mapped {/api/accounts/:id/balance, GET} route","service":"financial-platform","timestamp":"2025-12-03T12:42:21.395Z"}
{"context":"RouterExplorer","level":"info","message":"Mapped {/api/accounts, POST} route","service":"financial-platform","timestamp":"2025-12-03T12:42:21.395Z"}
{"context":"RouterExplorer","level":"info","message":"Mapped {/api/accounts/:id, PATCH} route","service":"financial-platform","timestamp":"2025-12-03T12:42:21.396Z"}
{"context":"RoutesResolver","level":"info","message":"TransactionsController {/api/transactions}:","service":"financial-platform","timestamp":"2025-12-03T12:42:21.396Z"}
{"context":"RouterExplorer","level":"info","message":"Mapped {/api/transactions/transfer, POST} route","service":"financial-platform","timestamp":"2025-12-03T12:42:21.397Z"}
{"context":"RouterExplorer","level":"info","message":"Mapped {/api/transactions/deposit, POST} route","service":"financial-platform","timestamp":"2025-12-03T12:42:21.397Z"}
{"context":"RouterExplorer","level":"info","message":"Mapped {/api/transactions/withdraw, POST} route","service":"financial-platform","timestamp":"2025-12-03T12:42:21.398Z"}
{"context":"RouterExplorer","level":"info","message":"Mapped {/api/transactions, GET} route","service":"financial-platform","timestamp":"2025-12-03T12:42:21.398Z"}
{"context":"RouterExplorer","level":"info","message":"Mapped {/api/transactions/pending, GET} route","service":"financial-platform","timestamp":"2025-12-03T12:42:21.398Z"}
{"context":"RouterExplorer","level":"info","message":"Mapped {/api/transactions/pending/:id, GET} route","service":"financial-platform","timestamp":"2025-12-03T12:42:21.399Z"}
{"context":"RouterExplorer","level":"info","message":"Mapped {/api/transactions/admin, POST} route","service":"financial-platform","timestamp":"2025-12-03T12:42:21.399Z"}
{"context":"RouterExplorer","level":"info","message":"Mapped {/api/transactions/:id/validate, PATCH} route","service":"financial-platform","timestamp":"2025-12-03T12:42:21.400Z"}
{"context":"RoutesResolver","level":"info","message":"KycController {/api/kyc}:","service":"financial-platform","timestamp":"2025-12-03T12:42:21.400Z"}
{"context":"RouterExplorer","level":"info","message":"Mapped {/api/kyc/documents, POST} route","service":"financial-platform","timestamp":"2025-12-03T12:42:21.400Z"}
{"context":"RouterExplorer","level":"info","message":"Mapped {/api/kyc/documents, GET} route","service":"financial-platform","timestamp":"2025-12-03T12:42:21.401Z"}
{"context":"RouterExplorer","level":"info","message":"Mapped {/api/kyc/documents/pending, GET} route","service":"financial-platform","timestamp":"2025-12-03T12:42:21.402Z"}
{"context":"RouterExplorer","level":"info","message":"Mapped {/api/kyc/documents/:id/review, PATCH} route","service":"financial-platform","timestamp":"2025-12-03T12:42:21.402Z"}
{"context":"RoutesResolver","level":"info","message":"AuditLogsController {/api/audit-logs}:","service":"financial-platform","timestamp":"2025-12-03T12:42:21.402Z"}
{"context":"RouterExplorer","level":"info","message":"Mapped {/api/audit-logs, GET} route","service":"financial-platform","timestamp":"2025-12-03T12:42:21.403Z"}
{"context":"RouterExplorer","level":"info","message":"Mapped {/api/audit-logs/me, GET} route","service":"financial-platform","timestamp":"2025-12-03T12:42:21.403Z"}
{"context":"RoutesResolver","level":"info","message":"LoansController {/api/loans}:","service":"financial-platform","timestamp":"2025-12-03T12:42:21.404Z"}
{"context":"RouterExplorer","level":"info","message":"Mapped {/api/loans, POST} route","service":"financial-platform","timestamp":"2025-12-03T12:42:21.404Z"}
{"context":"RouterExplorer","level":"info","message":"Mapped {/api/loans, GET} route","service":"financial-platform","timestamp":"2025-12-03T12:42:21.405Z"}
{"context":"RouterExplorer","level":"info","message":"Mapped {/api/loans/:id, GET} route","service":"financial-platform","timestamp":"2025-12-03T12:42:21.405Z"}
{"context":"RouterExplorer","level":"info","message":"Mapped {/api/loans/:id/repayments, GET} route","service":"financial-platform","timestamp":"2025-12-03T12:42:21.405Z"}
{"context":"RouterExplorer","level":"info","message":"Mapped {/api/loans/:id/repayments, POST} route","service":"financial-platform","timestamp":"2025-12-03T12:42:21.406Z"}
{"context":"RouterExplorer","level":"info","message":"Mapped {/api/loans/:id/approve, PATCH} route","service":"financial-platform","timestamp":"2025-12-03T12:42:21.406Z"}
{"context":"RouterExplorer","level":"info","message":"Mapped {/api/loans/:id/reject, PATCH} route","service":"financial-platform","timestamp":"2025-12-03T12:42:21.407Z"}
{"context":"RoutesResolver","level":"info","message":"ExchangeController {/api/exchange}:","service":"financial-platform","timestamp":"2025-12-03T12:42:21.407Z"}
{"context":"RouterExplorer","level":"info","message":"Mapped {/api/exchange/convert, GET} route","service":"financial-platform","timestamp":"2025-12-03T12:42:21.408Z"}
{"context":"NestApplication","level":"info","message":"Nest application successfully started","service":"financial-platform","timestamp":"2025-12-03T12:42:21.413Z"}
{"level":"info","message":"Application is running on: http://localhost:3000","service":"financial-platform","timestamp":"2025-12-03T12:42:21.417Z"}
{"context":"RoutesResolver","level":"info","message":"AuthController {/api/auth}:","service":"financial-platform","timestamp":"2025-12-03T12:42:47.986Z"}
{"context":"RouterExplorer","level":"info","message":"Mapped {/api/auth/register, POST} route","service":"financial-platform","timestamp":"2025-12-03T12:42:47.991Z"}
{"context":"RouterExplorer","level":"info","message":"Mapped {/api/auth/login, POST} route","service":"financial-platform","timestamp":"2025-12-03T12:42:47.993Z"}
{"context":"RouterExplorer","level":"info","message":"Mapped {/api/auth/refresh, POST} route","service":"financial-platform","timestamp":"2025-12-03T12:42:47.994Z"}
{"context":"RouterExplorer","level":"info","message":"Mapped {/api/auth/logout, POST} route","service":"financial-platform","timestamp":"2025-12-03T12:42:47.995Z"}
{"context":"RouterExplorer","level":"info","message":"Mapped {/api/auth/google, GET} route","service":"financial-platform","timestamp":"2025-12-03T12:42:47.996Z"}
{"context":"RouterExplorer","level":"info","message":"Mapped {/api/auth/google/callback, GET} route","service":"financial-platform","timestamp":"2025-12-03T12:42:47.997Z"}
{"context":"RouterExplorer","level":"info","message":"Mapped {/api/auth/profile, GET} route","service":"financial-platform","timestamp":"2025-12-03T12:42:47.998Z"}
{"context":"RoutesResolver","level":"info","message":"UsersController {/api/users}:","service":"financial-platform","timestamp":"2025-12-03T12:42:47.999Z"}
{"context":"RouterExplorer","level":"info","message":"Mapped {/api/users, POST} route","service":"financial-platform","timestamp":"2025-12-03T12:42:48.000Z"}
{"context":"RouterExplorer","level":"info","message":"Mapped {/api/users, GET} route","service":"financial-platform","timestamp":"2025-12-03T12:42:48.001Z"}
{"context":"RouterExplorer","level":"info","message":"Mapped {/api/users/profile, GET} route","service":"financial-platform","timestamp":"2025-12-03T12:42:48.002Z"}
{"context":"RouterExplorer","level":"info","message":"Mapped {/api/users/:id, GET} route","service":"financial-platform","timestamp":"2025-12-03T12:42:48.003Z"}
{"context":"RouterExplorer","level":"info","message":"Mapped {/api/users/profile, PATCH} route","service":"financial-platform","timestamp":"2025-12-03T12:42:48.004Z"}
{"context":"RouterExplorer","level":"info","message":"Mapped {/api/users/:id, PATCH} route","service":"financial-platform","timestamp":"2025-12-03T12:42:48.005Z"}
{"context":"RouterExplorer","level":"info","message":"Mapped {/api/users/:id, DELETE} route","service":"financial-platform","timestamp":"2025-12-03T12:42:48.006Z"}
{"context":"RoutesResolver","level":"info","message":"AccountsController {/api/accounts}:","service":"financial-platform","timestamp":"2025-12-03T12:42:48.006Z"}
{"context":"RouterExplorer","level":"info","message":"Mapped {/api/accounts, GET} route","service":"financial-platform","timestamp":"2025-12-03T12:42:48.007Z"}
{"context":"RouterExplorer","level":"info","message":"Mapped {/api/accounts/:id, GET} route","service":"financial-platform","timestamp":"2025-12-03T12:42:48.008Z"}
{"context":"RouterExplorer","level":"info","message":"Mapped {/api/accounts/:id/balance, GET} route","service":"financial-platform","timestamp":"2025-12-03T12:42:48.008Z"}
{"context":"RouterExplorer","level":"info","message":"Mapped {/api/accounts, POST} route","service":"financial-platform","timestamp":"2025-12-03T12:42:48.009Z"}
{"context":"RouterExplorer","level":"info","message":"Mapped {/api/accounts/:id, PATCH} route","service":"financial-platform","timestamp":"2025-12-03T12:42:48.010Z"}
{"context":"RoutesResolver","level":"info","message":"TransactionsController {/api/transactions}:","service":"financial-platform","timestamp":"2025-12-03T12:42:48.010Z"}
{"context":"RouterExplorer","level":"info","message":"Mapped {/api/transactions/transfer, POST} route","service":"financial-platform","timestamp":"2025-12-03T12:42:48.010Z"}
{"context":"RouterExplorer","level":"info","message":"Mapped {/api/transactions/deposit, POST} route","service":"financial-platform","timestamp":"2025-12-03T12:42:48.011Z"}
{"context":"RouterExplorer","level":"info","message":"Mapped {/api/transactions/withdraw, POST} route","service":"financial-platform","timestamp":"2025-12-03T12:42:48.011Z"}
{"context":"RouterExplorer","level":"info","message":"Mapped {/api/transactions, GET} route","service":"financial-platform","timestamp":"2025-12-03T12:42:48.012Z"}
{"context":"RouterExplorer","level":"info","message":"Mapped {/api/transactions/pending, GET} route","service":"financial-platform","timestamp":"2025-12-03T12:42:48.013Z"}
{"context":"RouterExplorer","level":"info","message":"Mapped {/api/transactions/pending/:id, GET} route","service":"financial-platform","timestamp":"2025-12-03T12:42:48.013Z"}
{"context":"RouterExplorer","level":"info","message":"Mapped {/api/transactions/admin, POST} route","service":"financial-platform","timestamp":"2025-12-03T12:42:48.014Z"}
{"context":"RouterExplorer","level":"info","message":"Mapped {/api/transactions/:id/validate, PATCH} route","service":"financial-platform","timestamp":"2025-12-03T12:42:48.014Z"}
{"context":"RoutesResolver","level":"info","message":"KycController {/api/kyc}:","service":"financial-platform","timestamp":"2025-12-03T12:42:48.014Z"}
{"context":"RouterExplorer","level":"info","message":"Mapped {/api/kyc/documents, POST} route","service":"financial-platform","timestamp":"2025-12-03T12:42:48.014Z"}
{"context":"RouterExplorer","level":"info","message":"Mapped {/api/kyc/documents, GET} route","service":"financial-platform","timestamp":"2025-12-03T12:42:48.015Z"}
{"context":"RouterExplorer","level":"info","message":"Mapped {/api/kyc/documents/pending, GET} route","service":"financial-platform","timestamp":"2025-12-03T12:42:48.015Z"}
{"context":"RouterExplorer","level":"info","message":"Mapped {/api/kyc/documents/:id/review, PATCH} route","service":"financial-platform","timestamp":"2025-12-03T12:42:48.016Z"}
{"context":"RoutesResolver","level":"info","message":"AuditLogsController {/api/audit-logs}:","service":"financial-platform","timestamp":"2025-12-03T12:42:48.016Z"}
{"context":"RouterExplorer","level":"info","message":"Mapped {/api/audit-logs, GET} route","service":"financial-platform","timestamp":"2025-12-03T12:42:48.016Z"}
{"context":"RouterExplorer","level":"info","message":"Mapped {/api/audit-logs/me, GET} route","service":"financial-platform","timestamp":"2025-12-03T12:42:48.017Z"}
{"context":"RoutesResolver","level":"info","message":"LoansController {/api/loans}:","service":"financial-platform","timestamp":"2025-12-03T12:42:48.017Z"}
{"context":"RouterExplorer","level":"info","message":"Mapped {/api/loans, POST} route","service":"financial-platform","timestamp":"2025-12-03T12:42:48.018Z"}
{"context":"RouterExplorer","level":"info","message":"Mapped {/api/loans, GET} route","service":"financial-platform","timestamp":"2025-12-03T12:42:48.018Z"}
{"context":"RouterExplorer","level":"info","message":"Mapped {/api/loans/:id, GET} route","service":"financial-platform","timestamp":"2025-12-03T12:42:48.018Z"}
{"context":"RouterExplorer","level":"info","message":"Mapped {/api/loans/:id/repayments, GET} route","service":"financial-platform","timestamp":"2025-12-03T12:42:48.019Z"}
{"context":"RouterExplorer","level":"info","message":"Mapped {/api/loans/:id/repayments, POST} route","service":"financial-platform","timestamp":"2025-12-03T12:42:48.019Z"}
{"context":"RouterExplorer","level":"info","message":"Mapped {/api/loans/:id/approve, PATCH} route","service":"financial-platform","timestamp":"2025-12-03T12:42:48.020Z"}
{"context":"RouterExplorer","level":"info","message":"Mapped {/api/loans/:id/reject, PATCH} route","service":"financial-platform","timestamp":"2025-12-03T12:42:48.020Z"}
{"context":"RoutesResolver","level":"info","message":"ExchangeController {/api/exchange}:","service":"financial-platform","timestamp":"2025-12-03T12:42:48.020Z"}
{"context":"RouterExplorer","level":"info","message":"Mapped {/api/exchange/convert, GET} route","service":"financial-platform","timestamp":"2025-12-03T12:42:48.021Z"}
{"context":"NestApplication","level":"info","message":"Nest application successfully started","service":"financial-platform","timestamp":"2025-12-03T12:42:48.028Z"}
{"level":"info","message":"Application is running on: http://localhost:3000","service":"financial-platform","timestamp":"2025-12-03T12:42:48.031Z"}
{"context":"NotificationsGateway","level":"warn","message":"Notifications WS connection rejected: jwt expired","service":"financial-platform","timestamp":"2025-12-03T12:49:53.885Z"}
{"context":"NotificationsGateway","level":"debug","message":"Client disconnected from notifications (user: unknown)","service":"financial-platform","timestamp":"2025-12-03T12:49:53.887Z"}
{"context":"NotificationsGateway","level":"debug","message":"Client connected to notifications (user: b4868eb2-15d9-4c0e-aa30-af039df5dd82)","service":"financial-platform","timestamp":"2025-12-03T12:55:17.964Z"}
{"context":"RoutesResolver","level":"info","message":"AuthController {/api/auth}:","service":"financial-platform","timestamp":"2025-12-03T13:04:48.544Z"}
{"context":"RouterExplorer","level":"info","message":"Mapped {/api/auth/register, POST} route","service":"financial-platform","timestamp":"2025-12-03T13:04:48.550Z"}
{"context":"RouterExplorer","level":"info","message":"Mapped {/api/auth/login, POST} route","service":"financial-platform","timestamp":"2025-12-03T13:04:48.551Z"}
{"context":"RouterExplorer","level":"info","message":"Mapped {/api/auth/refresh, POST} route","service":"financial-platform","timestamp":"2025-12-03T13:04:48.552Z"}
{"context":"RouterExplorer","level":"info","message":"Mapped {/api/auth/logout, POST} route","service":"financial-platform","timestamp":"2025-12-03T13:04:48.553Z"}
{"context":"RouterExplorer","level":"info","message":"Mapped {/api/auth/google, GET} route","service":"financial-platform","timestamp":"2025-12-03T13:04:48.554Z"}
{"context":"RouterExplorer","level":"info","message":"Mapped {/api/auth/google/callback, GET} route","service":"financial-platform","timestamp":"2025-12-03T13:04:48.555Z"}
{"context":"RouterExplorer","level":"info","message":"Mapped {/api/auth/profile, GET} route","service":"financial-platform","timestamp":"2025-12-03T13:04:48.555Z"}
{"context":"RoutesResolver","level":"info","message":"UsersController {/api/users}:","service":"financial-platform","timestamp":"2025-12-03T13:04:48.556Z"}
{"context":"RouterExplorer","level":"info","message":"Mapped {/api/users, POST} route","service":"financial-platform","timestamp":"2025-12-03T13:04:48.557Z"}
{"context":"RouterExplorer","level":"info","message":"Mapped {/api/users, GET} route","service":"financial-platform","timestamp":"2025-12-03T13:04:48.558Z"}
{"context":"RouterExplorer","level":"info","message":"Mapped {/api/users/profile, GET} route","service":"financial-platform","timestamp":"2025-12-03T13:04:48.559Z"}
{"context":"RouterExplorer","level":"info","message":"Mapped {/api/users/:id, GET} route","service":"financial-platform","timestamp":"2025-12-03T13:04:48.560Z"}
{"context":"RouterExplorer","level":"info","message":"Mapped {/api/users/profile, PATCH} route","service":"financial-platform","timestamp":"2025-12-03T13:04:48.561Z"}
{"context":"RouterExplorer","level":"info","message":"Mapped {/api/users/:id, PATCH} route","service":"financial-platform","timestamp":"2025-12-03T13:04:48.561Z"}
{"context":"RouterExplorer","level":"info","message":"Mapped {/api/users/:id, DELETE} route","service":"financial-platform","timestamp":"2025-12-03T13:04:48.562Z"}
{"context":"RoutesResolver","level":"info","message":"AccountsController {/api/accounts}:","service":"financial-platform","timestamp":"2025-12-03T13:04:48.563Z"}
{"context":"RouterExplorer","level":"info","message":"Mapped {/api/accounts, GET} route","service":"financial-platform","timestamp":"2025-12-03T13:04:48.563Z"}
{"context":"RouterExplorer","level":"info","message":"Mapped {/api/accounts/:id, GET} route","service":"financial-platform","timestamp":"2025-12-03T13:04:48.564Z"}
{"context":"RouterExplorer","level":"info","message":"Mapped {/api/accounts/:id/balance, GET} route","service":"financial-platform","timestamp":"2025-12-03T13:04:48.564Z"}
{"context":"RouterExplorer","level":"info","message":"Mapped {/api/accounts, POST} route","service":"financial-platform","timestamp":"2025-12-03T13:04:48.565Z"}
{"context":"RouterExplorer","level":"info","message":"Mapped {/api/accounts/:id, PATCH} route","service":"financial-platform","timestamp":"2025-12-03T13:04:48.565Z"}
{"context":"RoutesResolver","level":"info","message":"TransactionsController {/api/transactions}:","service":"financial-platform","timestamp":"2025-12-03T13:04:48.566Z"}
{"context":"RouterExplorer","level":"info","message":"Mapped {/api/transactions/transfer, POST} route","service":"financial-platform","timestamp":"2025-12-03T13:04:48.566Z"}
{"context":"RouterExplorer","level":"info","message":"Mapped {/api/transactions/deposit, POST} route","service":"financial-platform","timestamp":"2025-12-03T13:04:48.566Z"}
{"context":"RouterExplorer","level":"info","message":"Mapped {/api/transactions/withdraw, POST} route","service":"financial-platform","timestamp":"2025-12-03T13:04:48.567Z"}
{"context":"RouterExplorer","level":"info","message":"Mapped {/api/transactions, GET} route","service":"financial-platform","timestamp":"2025-12-03T13:04:48.567Z"}
{"context":"RouterExplorer","level":"info","message":"Mapped {/api/transactions/pending, GET} route","service":"financial-platform","timestamp":"2025-12-03T13:04:48.568Z"}
{"context":"RouterExplorer","level":"info","message":"Mapped {/api/transactions/pending/:id, GET} route","service":"financial-platform","timestamp":"2025-12-03T13:04:48.568Z"}
{"context":"RouterExplorer","level":"info","message":"Mapped {/api/transactions/admin, POST} route","service":"financial-platform","timestamp":"2025-12-03T13:04:48.568Z"}
{"context":"RouterExplorer","level":"info","message":"Mapped {/api/transactions/:id/validate, PATCH} route","service":"financial-platform","timestamp":"2025-12-03T13:04:48.569Z"}
{"context":"RoutesResolver","level":"info","message":"KycController {/api/kyc}:","service":"financial-platform","timestamp":"2025-12-03T13:04:48.569Z"}
{"context":"RouterExplorer","level":"info","message":"Mapped {/api/kyc/documents, POST} route","service":"financial-platform","timestamp":"2025-12-03T13:04:48.569Z"}
{"context":"RouterExplorer","level":"info","message":"Mapped {/api/kyc/documents, GET} route","service":"financial-platform","timestamp":"2025-12-03T13:04:48.570Z"}
{"context":"RouterExplorer","level":"info","message":"Mapped {/api/kyc/documents/pending, GET} route","service":"financial-platform","timestamp":"2025-12-03T13:04:48.570Z"}
{"context":"RouterExplorer","level":"info","message":"Mapped {/api/kyc/documents/:id/review, PATCH} route","service":"financial-platform","timestamp":"2025-12-03T13:04:48.571Z"}
{"context":"RoutesResolver","level":"info","message":"AuditLogsController {/api/audit-logs}:","service":"financial-platform","timestamp":"2025-12-03T13:04:48.571Z"}
{"context":"RouterExplorer","level":"info","message":"Mapped {/api/audit-logs, GET} route","service":"financial-platform","timestamp":"2025-12-03T13:04:48.571Z"}
{"context":"RouterExplorer","level":"info","message":"Mapped {/api/audit-logs/me, GET} route","service":"financial-platform","timestamp":"2025-12-03T13:04:48.572Z"}
{"context":"RoutesResolver","level":"info","message":"LoansController {/api/loans}:","service":"financial-platform","timestamp":"2025-12-03T13:04:48.572Z"}
{"context":"RouterExplorer","level":"info","message":"Mapped {/api/loans, POST} route","service":"financial-platform","timestamp":"2025-12-03T13:04:48.572Z"}
{"context":"RouterExplorer","level":"info","message":"Mapped {/api/loans, GET} route","service":"financial-platform","timestamp":"2025-12-03T13:04:48.573Z"}
{"context":"RouterExplorer","level":"info","message":"Mapped {/api/loans/:id, GET} route","service":"financial-platform","timestamp":"2025-12-03T13:04:48.573Z"}
{"context":"RouterExplorer","level":"info","message":"Mapped {/api/loans/:id/repayments, GET} route","service":"financial-platform","timestamp":"2025-12-03T13:04:48.573Z"}
{"context":"RouterExplorer","level":"info","message":"Mapped {/api/loans/:id/repayments, POST} route","service":"financial-platform","timestamp":"2025-12-03T13:04:48.574Z"}
{"context":"RouterExplorer","level":"info","message":"Mapped {/api/loans/:id/approve, PATCH} route","service":"financial-platform","timestamp":"2025-12-03T13:04:48.574Z"}
{"context":"RouterExplorer","level":"info","message":"Mapped {/api/loans/:id/reject, PATCH} route","service":"financial-platform","timestamp":"2025-12-03T13:04:48.575Z"}
{"context":"RoutesResolver","level":"info","message":"ExchangeController {/api/exchange}:","service":"financial-platform","timestamp":"2025-12-03T13:04:48.575Z"}
{"context":"RouterExplorer","level":"info","message":"Mapped {/api/exchange/convert, GET} route","service":"financial-platform","timestamp":"2025-12-03T13:04:48.575Z"}
{"context":"NestApplication","level":"info","message":"Nest application successfully started","service":"financial-platform","timestamp":"2025-12-03T13:04:48.583Z"}
{"level":"info","message":"Application is running on: http://localhost:3000","service":"financial-platform","timestamp":"2025-12-03T13:04:48.587Z"}
{"context":"NotificationsGateway","level":"debug","message":"Client connected to notifications (user: b4868eb2-15d9-4c0e-aa30-af039df5dd82)","service":"financial-platform","timestamp":"2025-12-03T13:04:52.699Z"}
{"context":"RoutesResolver","level":"info","message":"AuthController {/api/auth}:","service":"financial-platform","timestamp":"2025-12-03T13:10:15.817Z"}
{"context":"RouterExplorer","level":"info","message":"Mapped {/api/auth/register, POST} route","service":"financial-platform","timestamp":"2025-12-03T13:10:15.824Z"}
{"context":"RouterExplorer","level":"info","message":"Mapped {/api/auth/login, POST} route","service":"financial-platform","timestamp":"2025-12-03T13:10:15.825Z"}
{"context":"RouterExplorer","level":"info","message":"Mapped {/api/auth/refresh, POST} route","service":"financial-platform","timestamp":"2025-12-03T13:10:15.826Z"}
{"context":"RouterExplorer","level":"info","message":"Mapped {/api/auth/logout, POST} route","service":"financial-platform","timestamp":"2025-12-03T13:10:15.827Z"}
{"context":"RouterExplorer","level":"info","message":"Mapped {/api/auth/google, GET} route","service":"financial-platform","timestamp":"2025-12-03T13:10:15.829Z"}
{"context":"RouterExplorer","level":"info","message":"Mapped {/api/auth/google/callback, GET} route","service":"financial-platform","timestamp":"2025-12-03T13:10:15.832Z"}
{"context":"RouterExplorer","level":"info","message":"Mapped {/api/auth/profile, GET} route","service":"financial-platform","timestamp":"2025-12-03T13:10:15.834Z"}
{"context":"RoutesResolver","level":"info","message":"UsersController {/api/users}:","service":"financial-platform","timestamp":"2025-12-03T13:10:15.834Z"}
{"context":"RouterExplorer","level":"info","message":"Mapped {/api/users, POST} route","service":"financial-platform","timestamp":"2025-12-03T13:10:15.836Z"}
{"context":"RouterExplorer","level":"info","message":"Mapped {/api/users, GET} route","service":"financial-platform","timestamp":"2025-12-03T13:10:15.837Z"}
{"context":"RouterExplorer","level":"info","message":"Mapped {/api/users/profile, GET} route","service":"financial-platform","timestamp":"2025-12-03T13:10:15.838Z"}
{"context":"RouterExplorer","level":"info","message":"Mapped {/api/users/:id, GET} route","service":"financial-platform","timestamp":"2025-12-03T13:10:15.839Z"}
{"context":"RouterExplorer","level":"info","message":"Mapped {/api/users/profile, PATCH} route","service":"financial-platform","timestamp":"2025-12-03T13:10:15.839Z"}
{"context":"RouterExplorer","level":"info","message":"Mapped {/api/users/:id, PATCH} route","service":"financial-platform","timestamp":"2025-12-03T13:10:15.840Z"}
{"context":"RouterExplorer","level":"info","message":"Mapped {/api/users/:id, DELETE} route","service":"financial-platform","timestamp":"2025-12-03T13:10:15.841Z"}
{"context":"RoutesResolver","level":"info","message":"AccountsController {/api/accounts}:","service":"financial-platform","timestamp":"2025-12-03T13:10:15.841Z"}
{"context":"RouterExplorer","level":"info","message":"Mapped {/api/accounts, GET} route","service":"financial-platform","timestamp":"2025-12-03T13:10:15.842Z"}
{"context":"RouterExplorer","level":"info","message":"Mapped {/api/accounts/:id, GET} route","service":"financial-platform","timestamp":"2025-12-03T13:10:15.843Z"}
{"context":"RouterExplorer","level":"info","message":"Mapped {/api/accounts/:id/balance, GET} route","service":"financial-platform","timestamp":"2025-12-03T13:10:15.843Z"}
{"context":"RouterExplorer","level":"info","message":"Mapped {/api/accounts, POST} route","service":"financial-platform","timestamp":"2025-12-03T13:10:15.844Z"}
{"context":"RouterExplorer","level":"info","message":"Mapped {/api/accounts/:id, PATCH} route","service":"financial-platform","timestamp":"2025-12-03T13:10:15.845Z"}
{"context":"RoutesResolver","level":"info","message":"TransactionsController {/api/transactions}:","service":"financial-platform","timestamp":"2025-12-03T13:10:15.845Z"}
{"context":"RouterExplorer","level":"info","message":"Mapped {/api/transactions/transfer, POST} route","service":"financial-platform","timestamp":"2025-12-03T13:10:15.846Z"}
{"context":"RouterExplorer","level":"info","message":"Mapped {/api/transactions/deposit, POST} route","service":"financial-platform","timestamp":"2025-12-03T13:10:15.846Z"}
{"context":"RouterExplorer","level":"info","message":"Mapped {/api/transactions/withdraw, POST} route","service":"financial-platform","timestamp":"2025-12-03T13:10:15.847Z"}
{"context":"RouterExplorer","level":"info","message":"Mapped {/api/transactions, GET} route","service":"financial-platform","timestamp":"2025-12-03T13:10:15.848Z"}
{"context":"RouterExplorer","level":"info","message":"Mapped {/api/transactions/pending, GET} route","service":"financial-platform","timestamp":"2025-12-03T13:10:15.849Z"}
{"context":"RouterExplorer","level":"info","message":"Mapped {/api/transactions/pending/:id, GET} route","service":"financial-platform","timestamp":"2025-12-03T13:10:15.849Z"}
{"context":"RouterExplorer","level":"info","message":"Mapped {/api/transactions/admin, POST} route","service":"financial-platform","timestamp":"2025-12-03T13:10:15.850Z"}
{"context":"RouterExplorer","level":"info","message":"Mapped {/api/transactions/:id/validate, PATCH} route","service":"financial-platform","timestamp":"2025-12-03T13:10:15.850Z"}
{"context":"RoutesResolver","level":"info","message":"KycController {/api/kyc}:","service":"financial-platform","timestamp":"2025-12-03T13:10:15.851Z"}
{"context":"RouterExplorer","level":"info","message":"Mapped {/api/kyc/documents, POST} route","service":"financial-platform","timestamp":"2025-12-03T13:10:15.851Z"}
{"context":"RouterExplorer","level":"info","message":"Mapped {/api/kyc/documents, GET} route","service":"financial-platform","timestamp":"2025-12-03T13:10:15.852Z"}
{"context":"RouterExplorer","level":"info","message":"Mapped {/api/kyc/documents/pending, GET} route","service":"financial-platform","timestamp":"2025-12-03T13:10:15.852Z"}
{"context":"RouterExplorer","level":"info","message":"Mapped {/api/kyc/documents/:id/review, PATCH} route","service":"financial-platform","timestamp":"2025-12-03T13:10:15.853Z"}
{"context":"RoutesResolver","level":"info","message":"AuditLogsController {/api/audit-logs}:","service":"financial-platform","timestamp":"2025-12-03T13:10:15.853Z"}
{"context":"RouterExplorer","level":"info","message":"Mapped {/api/audit-logs, GET} route","service":"financial-platform","timestamp":"2025-12-03T13:10:15.854Z"}
{"context":"RouterExplorer","level":"info","message":"Mapped {/api/audit-logs/me, GET} route","service":"financial-platform","timestamp":"2025-12-03T13:10:15.854Z"}
{"context":"RoutesResolver","level":"info","message":"LoansController {/api/loans}:","service":"financial-platform","timestamp":"2025-12-03T13:10:15.855Z"}
{"context":"RouterExplorer","level":"info","message":"Mapped {/api/loans, POST} route","service":"financial-platform","timestamp":"2025-12-03T13:10:15.855Z"}
{"context":"RouterExplorer","level":"info","message":"Mapped {/api/loans, GET} route","service":"financial-platform","timestamp":"2025-12-03T13:10:15.855Z"}
{"context":"RouterExplorer","level":"info","message":"Mapped {/api/loans/:id, GET} route","service":"financial-platform","timestamp":"2025-12-03T13:10:15.858Z"}
{"context":"RouterExplorer","level":"info","message":"Mapped {/api/loans/:id/repayments, GET} route","service":"financial-platform","timestamp":"2025-12-03T13:10:15.858Z"}
{"context":"RouterExplorer","level":"info","message":"Mapped {/api/loans/:id/repayments, POST} route","service":"financial-platform","timestamp":"2025-12-03T13:10:15.859Z"}
{"context":"RouterExplorer","level":"info","message":"Mapped {/api/loans/:id/approve, PATCH} route","service":"financial-platform","timestamp":"2025-12-03T13:10:15.860Z"}
{"context":"RouterExplorer","level":"info","message":"Mapped {/api/loans/:id/reject, PATCH} route","service":"financial-platform","timestamp":"2025-12-03T13:10:15.860Z"}
{"context":"RoutesResolver","level":"info","message":"ExchangeController {/api/exchange}:","service":"financial-platform","timestamp":"2025-12-03T13:10:15.861Z"}
{"context":"RouterExplorer","level":"info","message":"Mapped {/api/exchange/convert, GET} route","service":"financial-platform","timestamp":"2025-12-03T13:10:15.861Z"}
{"context":"NestApplication","level":"info","message":"Nest application successfully started","service":"financial-platform","timestamp":"2025-12-03T13:10:15.871Z"}
{"level":"info","message":"Application is running on: http://localhost:3000","service":"financial-platform","timestamp":"2025-12-03T13:10:15.877Z"}
{"context":"NotificationsGateway","level":"debug","message":"Client connected to notifications (user: b4868eb2-15d9-4c0e-aa30-af039df5dd82)","service":"financial-platform","timestamp":"2025-12-03T13:10:19.764Z"}
{"context":"RoutesResolver","level":"info","message":"AuthController {/api/auth}:","service":"financial-platform","timestamp":"2025-12-03T13:12:25.723Z"}
{"context":"RouterExplorer","level":"info","message":"Mapped {/api/auth/register, POST} route","service":"financial-platform","timestamp":"2025-12-03T13:12:25.728Z"}
{"context":"RouterExplorer","level":"info","message":"Mapped {/api/auth/login, POST} route","service":"financial-platform","timestamp":"2025-12-03T13:12:25.729Z"}
{"context":"RouterExplorer","level":"info","message":"Mapped {/api/auth/refresh, POST} route","service":"financial-platform","timestamp":"2025-12-03T13:12:25.730Z"}
{"context":"RouterExplorer","level":"info","message":"Mapped {/api/auth/logout, POST} route","service":"financial-platform","timestamp":"2025-12-03T13:12:25.731Z"}
{"context":"RouterExplorer","level":"info","message":"Mapped {/api/auth/google, GET} route","service":"financial-platform","timestamp":"2025-12-03T13:12:25.733Z"}
{"context":"RouterExplorer","level":"info","message":"Mapped {/api/auth/google/callback, GET} route","service":"financial-platform","timestamp":"2025-12-03T13:12:25.733Z"}
{"context":"RouterExplorer","level":"info","message":"Mapped {/api/auth/profile, GET} route","service":"financial-platform","timestamp":"2025-12-03T13:12:25.734Z"}
{"context":"RoutesResolver","level":"info","message":"UsersController {/api/users}:","service":"financial-platform","timestamp":"2025-12-03T13:12:25.734Z"}
{"context":"RouterExplorer","level":"info","message":"Mapped {/api/users, POST} route","service":"financial-platform","timestamp":"2025-12-03T13:12:25.736Z"}
{"context":"RouterExplorer","level":"info","message":"Mapped {/api/users, GET} route","service":"financial-platform","timestamp":"2025-12-03T13:12:25.737Z"}
{"context":"RouterExplorer","level":"info","message":"Mapped {/api/users/profile, GET} route","service":"financial-platform","timestamp":"2025-12-03T13:12:25.738Z"}
{"context":"RouterExplorer","level":"info","message":"Mapped {/api/users/:id, GET} route","service":"financial-platform","timestamp":"2025-12-03T13:12:25.739Z"}
{"context":"RouterExplorer","level":"info","message":"Mapped {/api/users/profile, PATCH} route","service":"financial-platform","timestamp":"2025-12-03T13:12:25.740Z"}
{"context":"RouterExplorer","level":"info","message":"Mapped {/api/users/:id, PATCH} route","service":"financial-platform","timestamp":"2025-12-03T13:12:25.740Z"}
{"context":"RouterExplorer","level":"info","message":"Mapped {/api/users/:id, DELETE} route","service":"financial-platform","timestamp":"2025-12-03T13:12:25.741Z"}
{"context":"RoutesResolver","level":"info","message":"AccountsController {/api/accounts}:","service":"financial-platform","timestamp":"2025-12-03T13:12:25.742Z"}
{"context":"RouterExplorer","level":"info","message":"Mapped {/api/accounts, GET} route","service":"financial-platform","timestamp":"2025-12-03T13:12:25.742Z"}
{"context":"RouterExplorer","level":"info","message":"Mapped {/api/accounts/:id, GET} route","service":"financial-platform","timestamp":"2025-12-03T13:12:25.743Z"}
{"context":"RouterExplorer","level":"info","message":"Mapped {/api/accounts/:id/balance, GET} route","service":"financial-platform","timestamp":"2025-12-03T13:12:25.743Z"}
{"context":"RouterExplorer","level":"info","message":"Mapped {/api/accounts, POST} route","service":"financial-platform","timestamp":"2025-12-03T13:12:25.743Z"}
{"context":"RouterExplorer","level":"info","message":"Mapped {/api/accounts/:id, PATCH} route","service":"financial-platform","timestamp":"2025-12-03T13:12:25.744Z"}
{"context":"RoutesResolver","level":"info","message":"TransactionsController {/api/transactions}:","service":"financial-platform","timestamp":"2025-12-03T13:12:25.744Z"}
{"context":"RouterExplorer","level":"info","message":"Mapped {/api/transactions/transfer, POST} route","service":"financial-platform","timestamp":"2025-12-03T13:12:25.745Z"}
{"context":"RouterExplorer","level":"info","message":"Mapped {/api/transactions/deposit, POST} route","service":"financial-platform","timestamp":"2025-12-03T13:12:25.746Z"}
{"context":"RouterExplorer","level":"info","message":"Mapped {/api/transactions/withdraw, POST} route","service":"financial-platform","timestamp":"2025-12-03T13:12:25.746Z"}
{"context":"RouterExplorer","level":"info","message":"Mapped {/api/transactions, GET} route","service":"financial-platform","timestamp":"2025-12-03T13:12:25.747Z"}
{"context":"RouterExplorer","level":"info","message":"Mapped {/api/transactions/pending, GET} route","service":"financial-platform","timestamp":"2025-12-03T13:12:25.748Z"}
{"context":"RouterExplorer","level":"info","message":"Mapped {/api/transactions/pending/:id, GET} route","service":"financial-platform","timestamp":"2025-12-03T13:12:25.748Z"}
{"context":"RouterExplorer","level":"info","message":"Mapped {/api/transactions/admin, POST} route","service":"financial-platform","timestamp":"2025-12-03T13:12:25.748Z"}
{"context":"RouterExplorer","level":"info","message":"Mapped {/api/transactions/:id/validate, PATCH} route","service":"financial-platform","timestamp":"2025-12-03T13:12:25.749Z"}
{"context":"RoutesResolver","level":"info","message":"KycController {/api/kyc}:","service":"financial-platform","timestamp":"2025-12-03T13:12:25.749Z"}
{"context":"RouterExplorer","level":"info","message":"Mapped {/api/kyc/documents, POST} route","service":"financial-platform","timestamp":"2025-12-03T13:12:25.750Z"}
{"context":"RouterExplorer","level":"info","message":"Mapped {/api/kyc/documents, GET} route","service":"financial-platform","timestamp":"2025-12-03T13:12:25.751Z"}
{"context":"RouterExplorer","level":"info","message":"Mapped {/api/kyc/documents/pending, GET} route","service":"financial-platform","timestamp":"2025-12-03T13:12:25.751Z"}
{"context":"RouterExplorer","level":"info","message":"Mapped {/api/kyc/documents/:id/review, PATCH} route","service":"financial-platform","timestamp":"2025-12-03T13:12:25.752Z"}
{"context":"RoutesResolver","level":"info","message":"AuditLogsController {/api/audit-logs}:","service":"financial-platform","timestamp":"2025-12-03T13:12:25.752Z"}
{"context":"RouterExplorer","level":"info","message":"Mapped {/api/audit-logs, GET} route","service":"financial-platform","timestamp":"2025-12-03T13:12:25.753Z"}
{"context":"RouterExplorer","level":"info","message":"Mapped {/api/audit-logs/me, GET} route","service":"financial-platform","timestamp":"2025-12-03T13:12:25.753Z"}
{"context":"RoutesResolver","level":"info","message":"LoansController {/api/loans}:","service":"financial-platform","timestamp":"2025-12-03T13:12:25.753Z"}
{"context":"RouterExplorer","level":"info","message":"Mapped {/api/loans, POST} route","service":"financial-platform","timestamp":"2025-12-03T13:12:25.754Z"}
{"context":"RouterExplorer","level":"info","message":"Mapped {/api/loans, GET} route","service":"financial-platform","timestamp":"2025-12-03T13:12:25.754Z"}
{"context":"RouterExplorer","level":"info","message":"Mapped {/api/loans/:id, GET} route","service":"financial-platform","timestamp":"2025-12-03T13:12:25.755Z"}
{"context":"RouterExplorer","level":"info","message":"Mapped {/api/loans/:id/repayments, GET} route","service":"financial-platform","timestamp":"2025-12-03T13:12:25.755Z"}
{"context":"RouterExplorer","level":"info","message":"Mapped {/api/loans/:id/repayments, POST} route","service":"financial-platform","timestamp":"2025-12-03T13:12:25.756Z"}
{"context":"RouterExplorer","level":"info","message":"Mapped {/api/loans/:id/approve, PATCH} route","service":"financial-platform","timestamp":"2025-12-03T13:12:25.756Z"}
{"context":"RouterExplorer","level":"info","message":"Mapped {/api/loans/:id/reject, PATCH} route","service":"financial-platform","timestamp":"2025-12-03T13:12:25.757Z"}
{"context":"RoutesResolver","level":"info","message":"ExchangeController {/api/exchange}:","service":"financial-platform","timestamp":"2025-12-03T13:12:25.757Z"}
{"context":"RouterExplorer","level":"info","message":"Mapped {/api/exchange/convert, GET} route","service":"financial-platform","timestamp":"2025-12-03T13:12:25.758Z"}
{"context":"NestApplication","level":"info","message":"Nest application successfully started","service":"financial-platform","timestamp":"2025-12-03T13:12:25.765Z"}
{"level":"info","message":"Application is running on: http://localhost:3000","service":"financial-platform","timestamp":"2025-12-03T13:12:25.770Z"}
{"context":"NotificationsGateway","level":"debug","message":"Client connected to notifications (user: b4868eb2-15d9-4c0e-aa30-af039df5dd82)","service":"financial-platform","timestamp":"2025-12-03T13:12:30.041Z"}
{"context":"RoutesResolver","level":"info","message":"AuthController {/api/auth}:","service":"financial-platform","timestamp":"2025-12-03T13:12:50.968Z"}
{"context":"RouterExplorer","level":"info","message":"Mapped {/api/auth/register, POST} route","service":"financial-platform","timestamp":"2025-12-03T13:12:50.976Z"}
{"context":"RouterExplorer","level":"info","message":"Mapped {/api/auth/login, POST} route","service":"financial-platform","timestamp":"2025-12-03T13:12:50.977Z"}
{"context":"RouterExplorer","level":"info","message":"Mapped {/api/auth/refresh, POST} route","service":"financial-platform","timestamp":"2025-12-03T13:12:50.978Z"}
{"context":"RouterExplorer","level":"info","message":"Mapped {/api/auth/logout, POST} route","service":"financial-platform","timestamp":"2025-12-03T13:12:50.979Z"}
{"context":"RouterExplorer","level":"info","message":"Mapped {/api/auth/google, GET} route","service":"financial-platform","timestamp":"2025-12-03T13:12:50.981Z"}
{"context":"RouterExplorer","level":"info","message":"Mapped {/api/auth/google/callback, GET} route","service":"financial-platform","timestamp":"2025-12-03T13:12:50.981Z"}
{"context":"RouterExplorer","level":"info","message":"Mapped {/api/auth/profile, GET} route","service":"financial-platform","timestamp":"2025-12-03T13:12:50.982Z"}
{"context":"RoutesResolver","level":"info","message":"UsersController {/api/users}:","service":"financial-platform","timestamp":"2025-12-03T13:12:50.982Z"}
{"context":"RouterExplorer","level":"info","message":"Mapped {/api/users, POST} route","service":"financial-platform","timestamp":"2025-12-03T13:12:50.983Z"}
{"context":"RouterExplorer","level":"info","message":"Mapped {/api/users, GET} route","service":"financial-platform","timestamp":"2025-12-03T13:12:50.984Z"}
{"context":"RouterExplorer","level":"info","message":"Mapped {/api/users/profile, GET} route","service":"financial-platform","timestamp":"2025-12-03T13:12:50.985Z"}
{"context":"RouterExplorer","level":"info","message":"Mapped {/api/users/:id, GET} route","service":"financial-platform","timestamp":"2025-12-03T13:12:50.986Z"}
{"context":"RouterExplorer","level":"info","message":"Mapped {/api/users/profile, PATCH} route","service":"financial-platform","timestamp":"2025-12-03T13:12:50.987Z"}
{"context":"RouterExplorer","level":"info","message":"Mapped {/api/users/:id, PATCH} route","service":"financial-platform","timestamp":"2025-12-03T13:12:50.988Z"}
{"context":"RouterExplorer","level":"info","message":"Mapped {/api/users/:id, DELETE} route","service":"financial-platform","timestamp":"2025-12-03T13:12:50.989Z"}
{"context":"RoutesResolver","level":"info","message":"AccountsController {/api/accounts}:","service":"financial-platform","timestamp":"2025-12-03T13:12:50.989Z"}
{"context":"RouterExplorer","level":"info","message":"Mapped {/api/accounts, GET} route","service":"financial-platform","timestamp":"2025-12-03T13:12:50.990Z"}
{"context":"RouterExplorer","level":"info","message":"Mapped {/api/accounts/:id, GET} route","service":"financial-platform","timestamp":"2025-12-03T13:12:50.991Z"}
{"context":"RouterExplorer","level":"info","message":"Mapped {/api/accounts/:id/balance, GET} route","service":"financial-platform","timestamp":"2025-12-03T13:12:50.991Z"}
{"context":"RouterExplorer","level":"info","message":"Mapped {/api/accounts, POST} route","service":"financial-platform","timestamp":"2025-12-03T13:12:50.992Z"}
{"context":"RouterExplorer","level":"info","message":"Mapped {/api/accounts/:id, PATCH} route","service":"financial-platform","timestamp":"2025-12-03T13:12:50.993Z"}
{"context":"RoutesResolver","level":"info","message":"TransactionsController {/api/transactions}:","service":"financial-platform","timestamp":"2025-12-03T13:12:50.993Z"}
{"context":"RouterExplorer","level":"info","message":"Mapped {/api/transactions/transfer, POST} route","service":"financial-platform","timestamp":"2025-12-03T13:12:50.994Z"}
{"context":"RouterExplorer","level":"info","message":"Mapped {/api/transactions/deposit, POST} route","service":"financial-platform","timestamp":"2025-12-03T13:12:50.994Z"}
{"context":"RouterExplorer","level":"info","message":"Mapped {/api/transactions/withdraw, POST} route","service":"financial-platform","timestamp":"2025-12-03T13:12:50.995Z"}
{"context":"RouterExplorer","level":"info","message":"Mapped {/api/transactions, GET} route","service":"financial-platform","timestamp":"2025-12-03T13:12:50.996Z"}
{"context":"RouterExplorer","level":"info","message":"Mapped {/api/transactions/pending, GET} route","service":"financial-platform","timestamp":"2025-12-03T13:12:50.996Z"}
{"context":"RouterExplorer","level":"info","message":"Mapped {/api/transactions/pending/:id, GET} route","service":"financial-platform","timestamp":"2025-12-03T13:12:50.996Z"}
{"context":"RouterExplorer","level":"info","message":"Mapped {/api/transactions/admin, POST} route","service":"financial-platform","timestamp":"2025-12-03T13:12:50.997Z"}
{"context":"RouterExplorer","level":"info","message":"Mapped {/api/transactions/:id/validate, PATCH} route","service":"financial-platform","timestamp":"2025-12-03T13:12:50.997Z"}
{"context":"RoutesResolver","level":"info","message":"KycController {/api/kyc}:","service":"financial-platform","timestamp":"2025-12-03T13:12:50.998Z"}
{"context":"RouterExplorer","level":"info","message":"Mapped {/api/kyc/documents, POST} route","service":"financial-platform","timestamp":"2025-12-03T13:12:50.998Z"}
{"context":"RouterExplorer","level":"info","message":"Mapped {/api/kyc/documents, GET} route","service":"financial-platform","timestamp":"2025-12-03T13:12:50.999Z"}
{"context":"RouterExplorer","level":"info","message":"Mapped {/api/kyc/documents/pending, GET} route","service":"financial-platform","timestamp":"2025-12-03T13:12:51.000Z"}
{"context":"RouterExplorer","level":"info","message":"Mapped {/api/kyc/documents/:id/review, PATCH} route","service":"financial-platform","timestamp":"2025-12-03T13:12:51.001Z"}
{"context":"RoutesResolver","level":"info","message":"AuditLogsController {/api/audit-logs}:","service":"financial-platform","timestamp":"2025-12-03T13:12:51.001Z"}
{"context":"RouterExplorer","level":"info","message":"Mapped {/api/audit-logs, GET} route","service":"financial-platform","timestamp":"2025-12-03T13:12:51.002Z"}
{"context":"RouterExplorer","level":"info","message":"Mapped {/api/audit-logs/me, GET} route","service":"financial-platform","timestamp":"2025-12-03T13:12:51.002Z"}
{"context":"RoutesResolver","level":"info","message":"LoansController {/api/loans}:","service":"financial-platform","timestamp":"2025-12-03T13:12:51.002Z"}
{"context":"RouterExplorer","level":"info","message":"Mapped {/api/loans, POST} route","service":"financial-platform","timestamp":"2025-12-03T13:12:51.003Z"}
{"context":"RouterExplorer","level":"info","message":"Mapped {/api/loans, GET} route","service":"financial-platform","timestamp":"2025-12-03T13:12:51.004Z"}
{"context":"RouterExplorer","level":"info","message":"Mapped {/api/loans/:id, GET} route","service":"financial-platform","timestamp":"2025-12-03T13:12:51.004Z"}
{"context":"RouterExplorer","level":"info","message":"Mapped {/api/loans/:id/repayments, GET} route","service":"financial-platform","timestamp":"2025-12-03T13:12:51.005Z"}
{"context":"RouterExplorer","level":"info","message":"Mapped {/api/loans/:id/repayments, POST} route","service":"financial-platform","timestamp":"2025-12-03T13:12:51.006Z"}
{"context":"RouterExplorer","level":"info","message":"Mapped {/api/loans/:id/approve, PATCH} route","service":"financial-platform","timestamp":"2025-12-03T13:12:51.006Z"}
{"context":"RouterExplorer","level":"info","message":"Mapped {/api/loans/:id/reject, PATCH} route","service":"financial-platform","timestamp":"2025-12-03T13:12:51.007Z"}
{"context":"RoutesResolver","level":"info","message":"ExchangeController {/api/exchange}:","service":"financial-platform","timestamp":"2025-12-03T13:12:51.007Z"}
{"context":"RouterExplorer","level":"info","message":"Mapped {/api/exchange/convert, GET} route","service":"financial-platform","timestamp":"2025-12-03T13:12:51.008Z"}
{"context":"NestApplication","level":"info","message":"Nest application successfully started","service":"financial-platform","timestamp":"2025-12-03T13:12:51.018Z"}
{"level":"info","message":"Application is running on: http://localhost:3000","service":"financial-platform","timestamp":"2025-12-03T13:12:51.024Z"}
{"context":"NotificationsGateway","level":"debug","message":"Client connected to notifications (user: b4868eb2-15d9-4c0e-aa30-af039df5dd82)","service":"financial-platform","timestamp":"2025-12-03T13:12:51.147Z"}
{"context":"RoutesResolver","level":"info","message":"AuthController {/api/auth}:","service":"financial-platform","timestamp":"2025-12-03T13:14:05.250Z"}
{"context":"RouterExplorer","level":"info","message":"Mapped {/api/auth/register, POST} route","service":"financial-platform","timestamp":"2025-12-03T13:14:05.256Z"}
{"context":"RouterExplorer","level":"info","message":"Mapped {/api/auth/login, POST} route","service":"financial-platform","timestamp":"2025-12-03T13:14:05.257Z"}
{"context":"RouterExplorer","level":"info","message":"Mapped {/api/auth/refresh, POST} route","service":"financial-platform","timestamp":"2025-12-03T13:14:05.258Z"}
{"context":"RouterExplorer","level":"info","message":"Mapped {/api/auth/logout, POST} route","service":"financial-platform","timestamp":"2025-12-03T13:14:05.259Z"}
{"context":"RouterExplorer","level":"info","message":"Mapped {/api/auth/google, GET} route","service":"financial-platform","timestamp":"2025-12-03T13:14:05.260Z"}
{"context":"RouterExplorer","level":"info","message":"Mapped {/api/auth/google/callback, GET} route","service":"financial-platform","timestamp":"2025-12-03T13:14:05.261Z"}
{"context":"RouterExplorer","level":"info","message":"Mapped {/api/auth/profile, GET} route","service":"financial-platform","timestamp":"2025-12-03T13:14:05.262Z"}
{"context":"RoutesResolver","level":"info","message":"UsersController {/api/users}:","service":"financial-platform","timestamp":"2025-12-03T13:14:05.262Z"}
{"context":"RouterExplorer","level":"info","message":"Mapped {/api/users, POST} route","service":"financial-platform","timestamp":"2025-12-03T13:14:05.263Z"}
{"context":"RouterExplorer","level":"info","message":"Mapped {/api/users, GET} route","service":"financial-platform","timestamp":"2025-12-03T13:14:05.264Z"}
{"context":"RouterExplorer","level":"info","message":"Mapped {/api/users/profile, GET} route","service":"financial-platform","timestamp":"2025-12-03T13:14:05.265Z"}
{"context":"RouterExplorer","level":"info","message":"Mapped {/api/users/:id, GET} route","service":"financial-platform","timestamp":"2025-12-03T13:14:05.266Z"}
{"context":"RouterExplorer","level":"info","message":"Mapped {/api/users/profile, PATCH} route","service":"financial-platform","timestamp":"2025-12-03T13:14:05.267Z"}
{"context":"RouterExplorer","level":"info","message":"Mapped {/api/users/:id, PATCH} route","service":"financial-platform","timestamp":"2025-12-03T13:14:05.268Z"}
{"context":"RouterExplorer","level":"info","message":"Mapped {/api/users/:id, DELETE} route","service":"financial-platform","timestamp":"2025-12-03T13:14:05.268Z"}
{"context":"RoutesResolver","level":"info","message":"AccountsController {/api/accounts}:","service":"financial-platform","timestamp":"2025-12-03T13:14:05.269Z"}
{"context":"RouterExplorer","level":"info","message":"Mapped {/api/accounts, GET} route","service":"financial-platform","timestamp":"2025-12-03T13:14:05.270Z"}
{"context":"RouterExplorer","level":"info","message":"Mapped {/api/accounts/:id, GET} route","service":"financial-platform","timestamp":"2025-12-03T13:14:05.270Z"}
{"context":"RouterExplorer","level":"info","message":"Mapped {/api/accounts/:id/balance, GET} route","service":"financial-platform","timestamp":"2025-12-03T13:14:05.271Z"}
{"context":"RouterExplorer","level":"info","message":"Mapped {/api/accounts, POST} route","service":"financial-platform","timestamp":"2025-12-03T13:14:05.271Z"}
{"context":"RouterExplorer","level":"info","message":"Mapped {/api/accounts/:id, PATCH} route","service":"financial-platform","timestamp":"2025-12-03T13:14:05.272Z"}
{"context":"RoutesResolver","level":"info","message":"TransactionsController {/api/transactions}:","service":"financial-platform","timestamp":"2025-12-03T13:14:05.272Z"}
{"context":"RouterExplorer","level":"info","message":"Mapped {/api/transactions/transfer, POST} route","service":"financial-platform","timestamp":"2025-12-03T13:14:05.273Z"}
{"context":"RouterExplorer","level":"info","message":"Mapped {/api/transactions/deposit, POST} route","service":"financial-platform","timestamp":"2025-12-03T13:14:05.273Z"}
{"context":"RouterExplorer","level":"info","message":"Mapped {/api/transactions/withdraw, POST} route","service":"financial-platform","timestamp":"2025-12-03T13:14:05.274Z"}
{"context":"RouterExplorer","level":"info","message":"Mapped {/api/transactions, GET} route","service":"financial-platform","timestamp":"2025-12-03T13:14:05.274Z"}
{"context":"RouterExplorer","level":"info","message":"Mapped {/api/transactions/pending, GET} route","service":"financial-platform","timestamp":"2025-12-03T13:14:05.275Z"}
{"context":"RouterExplorer","level":"info","message":"Mapped {/api/transactions/pending/:id, GET} route","service":"financial-platform","timestamp":"2025-12-03T13:14:05.275Z"}
{"context":"RouterExplorer","level":"info","message":"Mapped {/api/transactions/admin, POST} route","service":"financial-platform","timestamp":"2025-12-03T13:14:05.276Z"}
{"context":"RouterExplorer","level":"info","message":"Mapped {/api/transactions/:id/validate, PATCH} route","service":"financial-platform","timestamp":"2025-12-03T13:14:05.276Z"}
{"context":"RoutesResolver","level":"info","message":"KycController {/api/kyc}:","service":"financial-platform","timestamp":"2025-12-03T13:14:05.276Z"}
{"context":"RouterExplorer","level":"info","message":"Mapped {/api/kyc/documents, POST} route","service":"financial-platform","timestamp":"2025-12-03T13:14:05.277Z"}
{"context":"RouterExplorer","level":"info","message":"Mapped {/api/kyc/documents, GET} route","service":"financial-platform","timestamp":"2025-12-03T13:14:05.277Z"}
{"context":"RouterExplorer","level":"info","message":"Mapped {/api/kyc/documents/pending, GET} route","service":"financial-platform","timestamp":"2025-12-03T13:14:05.278Z"}
{"context":"RouterExplorer","level":"info","message":"Mapped {/api/kyc/documents/:id/review, PATCH} route","service":"financial-platform","timestamp":"2025-12-03T13:14:05.278Z"}
{"context":"RoutesResolver","level":"info","message":"AuditLogsController {/api/audit-logs}:","service":"financial-platform","timestamp":"2025-12-03T13:14:05.279Z"}
{"context":"RouterExplorer","level":"info","message":"Mapped {/api/audit-logs, GET} route","service":"financial-platform","timestamp":"2025-12-03T13:14:05.279Z"}
{"context":"RouterExplorer","level":"info","message":"Mapped {/api/audit-logs/me, GET} route","service":"financial-platform","timestamp":"2025-12-03T13:14:05.279Z"}
{"context":"RoutesResolver","level":"info","message":"LoansController {/api/loans}:","service":"financial-platform","timestamp":"2025-12-03T13:14:05.280Z"}
{"context":"RouterExplorer","level":"info","message":"Mapped {/api/loans, POST} route","service":"financial-platform","timestamp":"2025-12-03T13:14:05.280Z"}
{"context":"RouterExplorer","level":"info","message":"Mapped {/api/loans, GET} route","service":"financial-platform","timestamp":"2025-12-03T13:14:05.281Z"}
{"context":"RouterExplorer","level":"info","message":"Mapped {/api/loans/:id, GET} route","service":"financial-platform","timestamp":"2025-12-03T13:14:05.281Z"}
{"context":"RouterExplorer","level":"info","message":"Mapped {/api/loans/:id/repayments, GET} route","service":"financial-platform","timestamp":"2025-12-03T13:14:05.281Z"}
{"context":"RouterExplorer","level":"info","message":"Mapped {/api/loans/:id/repayments, POST} route","service":"financial-platform","timestamp":"2025-12-03T13:14:05.282Z"}
{"context":"RouterExplorer","level":"info","message":"Mapped {/api/loans/:id/approve, PATCH} route","service":"financial-platform","timestamp":"2025-12-03T13:14:05.282Z"}
{"context":"RouterExplorer","level":"info","message":"Mapped {/api/loans/:id/reject, PATCH} route","service":"financial-platform","timestamp":"2025-12-03T13:14:05.283Z"}
{"context":"RoutesResolver","level":"info","message":"ExchangeController {/api/exchange}:","service":"financial-platform","timestamp":"2025-12-03T13:14:05.283Z"}
{"context":"RouterExplorer","level":"info","message":"Mapped {/api/exchange/convert, GET} route","service":"financial-platform","timestamp":"2025-12-03T13:14:05.284Z"}
{"context":"NestApplication","level":"info","message":"Nest application successfully started","service":"financial-platform","timestamp":"2025-12-03T13:14:05.293Z"}
{"level":"info","message":"Application is running on: http://localhost:3000","service":"financial-platform","timestamp":"2025-12-03T13:14:05.297Z"}
{"context":"NotificationsGateway","level":"debug","message":"Client connected to notifications (user: b4868eb2-15d9-4c0e-aa30-af039df5dd82)","service":"financial-platform","timestamp":"2025-12-03T13:14:06.837Z"}
{"context":"RoutesResolver","level":"info","message":"AuthController {/api/auth}:","service":"financial-platform","timestamp":"2025-12-03T13:14:16.038Z"}
{"context":"RouterExplorer","level":"info","message":"Mapped {/api/auth/register, POST} route","service":"financial-platform","timestamp":"2025-12-03T13:14:16.043Z"}
{"context":"RouterExplorer","level":"info","message":"Mapped {/api/auth/login, POST} route","service":"financial-platform","timestamp":"2025-12-03T13:14:16.044Z"}
{"context":"RouterExplorer","level":"info","message":"Mapped {/api/auth/refresh, POST} route","service":"financial-platform","timestamp":"2025-12-03T13:14:16.045Z"}
{"context":"RouterExplorer","level":"info","message":"Mapped {/api/auth/logout, POST} route","service":"financial-platform","timestamp":"2025-12-03T13:14:16.046Z"}
{"context":"RouterExplorer","level":"info","message":"Mapped {/api/auth/google, GET} route","service":"financial-platform","timestamp":"2025-12-03T13:14:16.047Z"}
{"context":"RouterExplorer","level":"info","message":"Mapped {/api/auth/google/callback, GET} route","service":"financial-platform","timestamp":"2025-12-03T13:14:16.047Z"}
{"context":"RouterExplorer","level":"info","message":"Mapped {/api/auth/profile, GET} route","service":"financial-platform","timestamp":"2025-12-03T13:14:16.048Z"}
{"context":"RoutesResolver","level":"info","message":"UsersController {/api/users}:","service":"financial-platform","timestamp":"2025-12-03T13:14:16.048Z"}
{"context":"RouterExplorer","level":"info","message":"Mapped {/api/users, POST} route","service":"financial-platform","timestamp":"2025-12-03T13:14:16.049Z"}
{"context":"RouterExplorer","level":"info","message":"Mapped {/api/users, GET} route","service":"financial-platform","timestamp":"2025-12-03T13:14:16.051Z"}
{"context":"RouterExplorer","level":"info","message":"Mapped {/api/users/profile, GET} route","service":"financial-platform","timestamp":"2025-12-03T13:14:16.052Z"}
{"context":"RouterExplorer","level":"info","message":"Mapped {/api/users/:id, GET} route","service":"financial-platform","timestamp":"2025-12-03T13:14:16.053Z"}
{"context":"RouterExplorer","level":"info","message":"Mapped {/api/users/profile, PATCH} route","service":"financial-platform","timestamp":"2025-12-03T13:14:16.054Z"}
{"context":"RouterExplorer","level":"info","message":"Mapped {/api/users/:id, PATCH} route","service":"financial-platform","timestamp":"2025-12-03T13:14:16.055Z"}
{"context":"RouterExplorer","level":"info","message":"Mapped {/api/users/:id, DELETE} route","service":"financial-platform","timestamp":"2025-12-03T13:14:16.056Z"}
{"context":"RoutesResolver","level":"info","message":"AccountsController {/api/accounts}:","service":"financial-platform","timestamp":"2025-12-03T13:14:16.057Z"}
{"context":"RouterExplorer","level":"info","message":"Mapped {/api/accounts, GET} route","service":"financial-platform","timestamp":"2025-12-03T13:14:16.057Z"}
{"context":"RouterExplorer","level":"info","message":"Mapped {/api/accounts/:id, GET} route","service":"financial-platform","timestamp":"2025-12-03T13:14:16.058Z"}
{"context":"RouterExplorer","level":"info","message":"Mapped {/api/accounts/:id/balance, GET} route","service":"financial-platform","timestamp":"2025-12-03T13:14:16.058Z"}
{"context":"RouterExplorer","level":"info","message":"Mapped {/api/accounts, POST} route","service":"financial-platform","timestamp":"2025-12-03T13:14:16.059Z"}
{"context":"RouterExplorer","level":"info","message":"Mapped {/api/accounts/:id, PATCH} route","service":"financial-platform","timestamp":"2025-12-03T13:14:16.059Z"}
{"context":"RoutesResolver","level":"info","message":"TransactionsController {/api/transactions}:","service":"financial-platform","timestamp":"2025-12-03T13:14:16.060Z"}
{"context":"RouterExplorer","level":"info","message":"Mapped {/api/transactions/transfer, POST} route","service":"financial-platform","timestamp":"2025-12-03T13:14:16.060Z"}
{"context":"RouterExplorer","level":"info","message":"Mapped {/api/transactions/deposit, POST} route","service":"financial-platform","timestamp":"2025-12-03T13:14:16.061Z"}
{"context":"RouterExplorer","level":"info","message":"Mapped {/api/transactions/withdraw, POST} route","service":"financial-platform","timestamp":"2025-12-03T13:14:16.062Z"}
{"context":"RouterExplorer","level":"info","message":"Mapped {/api/transactions, GET} route","service":"financial-platform","timestamp":"2025-12-03T13:14:16.062Z"}
{"context":"RouterExplorer","level":"info","message":"Mapped {/api/transactions/pending, GET} route","service":"financial-platform","timestamp":"2025-12-03T13:14:16.063Z"}
{"context":"RouterExplorer","level":"info","message":"Mapped {/api/transactions/pending/:id, GET} route","service":"financial-platform","timestamp":"2025-12-03T13:14:16.063Z"}
{"context":"RouterExplorer","level":"info","message":"Mapped {/api/transactions/admin, POST} route","service":"financial-platform","timestamp":"2025-12-03T13:14:16.064Z"}
{"context":"RouterExplorer","level":"info","message":"Mapped {/api/transactions/:id/validate, PATCH} route","service":"financial-platform","timestamp":"2025-12-03T13:14:16.064Z"}
{"context":"RoutesResolver","level":"info","message":"KycController {/api/kyc}:","service":"financial-platform","timestamp":"2025-12-03T13:14:16.065Z"}
{"context":"RouterExplorer","level":"info","message":"Mapped {/api/kyc/documents, POST} route","service":"financial-platform","timestamp":"2025-12-03T13:14:16.065Z"}
{"context":"RouterExplorer","level":"info","message":"Mapped {/api/kyc/documents, GET} route","service":"financial-platform","timestamp":"2025-12-03T13:14:16.065Z"}
{"context":"RouterExplorer","level":"info","message":"Mapped {/api/kyc/documents/pending, GET} route","service":"financial-platform","timestamp":"2025-12-03T13:14:16.066Z"}
{"context":"RouterExplorer","level":"info","message":"Mapped {/api/kyc/documents/:id/review, PATCH} route","service":"financial-platform","timestamp":"2025-12-03T13:14:16.066Z"}
{"context":"RoutesResolver","level":"info","message":"AuditLogsController {/api/audit-logs}:","service":"financial-platform","timestamp":"2025-12-03T13:14:16.067Z"}
{"context":"RouterExplorer","level":"info","message":"Mapped {/api/audit-logs, GET} route","service":"financial-platform","timestamp":"2025-12-03T13:14:16.067Z"}
{"context":"RouterExplorer","level":"info","message":"Mapped {/api/audit-logs/me, GET} route","service":"financial-platform","timestamp":"2025-12-03T13:14:16.068Z"}
{"context":"RoutesResolver","level":"info","message":"LoansController {/api/loans}:","service":"financial-platform","timestamp":"2025-12-03T13:14:16.068Z"}
{"context":"RouterExplorer","level":"info","message":"Mapped {/api/loans, POST} route","service":"financial-platform","timestamp":"2025-12-03T13:14:16.069Z"}
{"context":"RouterExplorer","level":"info","message":"Mapped {/api/loans, GET} route","service":"financial-platform","timestamp":"2025-12-03T13:14:16.069Z"}
{"context":"RouterExplorer","level":"info","message":"Mapped {/api/loans/:id, GET} route","service":"financial-platform","timestamp":"2025-12-03T13:14:16.070Z"}
{"context":"RouterExplorer","level":"info","message":"Mapped {/api/loans/:id/repayments, GET} route","service":"financial-platform","timestamp":"2025-12-03T13:14:16.071Z"}
{"context":"RouterExplorer","level":"info","message":"Mapped {/api/loans/:id/repayments, POST} route","service":"financial-platform","timestamp":"2025-12-03T13:14:16.071Z"}
{"context":"RouterExplorer","level":"info","message":"Mapped {/api/loans/:id/approve, PATCH} route","service":"financial-platform","timestamp":"2025-12-03T13:14:16.072Z"}
{"context":"RouterExplorer","level":"info","message":"Mapped {/api/loans/:id/reject, PATCH} route","service":"financial-platform","timestamp":"2025-12-03T13:14:16.073Z"}
{"context":"RoutesResolver","level":"info","message":"ExchangeController {/api/exchange}:","service":"financial-platform","timestamp":"2025-12-03T13:14:16.073Z"}
{"context":"RouterExplorer","level":"info","message":"Mapped {/api/exchange/convert, GET} route","service":"financial-platform","timestamp":"2025-12-03T13:14:16.074Z"}
{"context":"NestApplication","level":"info","message":"Nest application successfully started","service":"financial-platform","timestamp":"2025-12-03T13:14:16.084Z"}
{"level":"info","message":"Application running at http://0.0.0.0:3000","service":"financial-platform","timestamp":"2025-12-03T13:14:16.089Z"}
{"context":"NotificationsGateway","level":"debug","message":"Client connected to notifications (user: b4868eb2-15d9-4c0e-aa30-af039df5dd82)","service":"financial-platform","timestamp":"2025-12-03T13:14:18.329Z"}
{"context":"RoutesResolver","level":"info","message":"AuthController {/api/auth}:","service":"financial-platform","timestamp":"2025-12-03T13:22:50.427Z"}
{"context":"RouterExplorer","level":"info","message":"Mapped {/api/auth/register, POST} route","service":"financial-platform","timestamp":"2025-12-03T13:22:50.433Z"}
{"context":"RouterExplorer","level":"info","message":"Mapped {/api/auth/login, POST} route","service":"financial-platform","timestamp":"2025-12-03T13:22:50.434Z"}
{"context":"RouterExplorer","level":"info","message":"Mapped {/api/auth/refresh, POST} route","service":"financial-platform","timestamp":"2025-12-03T13:22:50.435Z"}
{"context":"RouterExplorer","level":"info","message":"Mapped {/api/auth/logout, POST} route","service":"financial-platform","timestamp":"2025-12-03T13:22:50.436Z"}
{"context":"RouterExplorer","level":"info","message":"Mapped {/api/auth/google, GET} route","service":"financial-platform","timestamp":"2025-12-03T13:22:50.437Z"}
{"context":"RouterExplorer","level":"info","message":"Mapped {/api/auth/google/callback, GET} route","service":"financial-platform","timestamp":"2025-12-03T13:22:50.438Z"}
{"context":"RouterExplorer","level":"info","message":"Mapped {/api/auth/profile, GET} route","service":"financial-platform","timestamp":"2025-12-03T13:22:50.438Z"}
{"context":"RoutesResolver","level":"info","message":"UsersController {/api/users}:","service":"financial-platform","timestamp":"2025-12-03T13:22:50.439Z"}
{"context":"RouterExplorer","level":"info","message":"Mapped {/api/users, POST} route","service":"financial-platform","timestamp":"2025-12-03T13:22:50.440Z"}
{"context":"RouterExplorer","level":"info","message":"Mapped {/api/users, GET} route","service":"financial-platform","timestamp":"2025-12-03T13:22:50.442Z"}
{"context":"RouterExplorer","level":"info","message":"Mapped {/api/users/profile, GET} route","service":"financial-platform","timestamp":"2025-12-03T13:22:50.443Z"}
{"context":"RouterExplorer","level":"info","message":"Mapped {/api/users/:id, GET} route","service":"financial-platform","timestamp":"2025-12-03T13:22:50.443Z"}
{"context":"RouterExplorer","level":"info","message":"Mapped {/api/users/profile, PATCH} route","service":"financial-platform","timestamp":"2025-12-03T13:22:50.444Z"}
{"context":"RouterExplorer","level":"info","message":"Mapped {/api/users/:id, PATCH} route","service":"financial-platform","timestamp":"2025-12-03T13:22:50.445Z"}
{"context":"RouterExplorer","level":"info","message":"Mapped {/api/users/:id, DELETE} route","service":"financial-platform","timestamp":"2025-12-03T13:22:50.446Z"}
{"context":"RoutesResolver","level":"info","message":"AccountsController {/api/accounts}:","service":"financial-platform","timestamp":"2025-12-03T13:22:50.446Z"}
{"context":"RouterExplorer","level":"info","message":"Mapped {/api/accounts, GET} route","service":"financial-platform","timestamp":"2025-12-03T13:22:50.447Z"}
{"context":"RouterExplorer","level":"info","message":"Mapped {/api/accounts/:id, GET} route","service":"financial-platform","timestamp":"2025-12-03T13:22:50.448Z"}
{"context":"RouterExplorer","level":"info","message":"Mapped {/api/accounts/:id/balance, GET} route","service":"financial-platform","timestamp":"2025-12-03T13:22:50.448Z"}
{"context":"RouterExplorer","level":"info","message":"Mapped {/api/accounts, POST} route","service":"financial-platform","timestamp":"2025-12-03T13:22:50.449Z"}
{"context":"RouterExplorer","level":"info","message":"Mapped {/api/accounts/:id, PATCH} route","service":"financial-platform","timestamp":"2025-12-03T13:22:50.450Z"}
{"context":"RoutesResolver","level":"info","message":"TransactionsController {/api/transactions}:","service":"financial-platform","timestamp":"2025-12-03T13:22:50.450Z"}
{"context":"RouterExplorer","level":"info","message":"Mapped {/api/transactions/transfer, POST} route","service":"financial-platform","timestamp":"2025-12-03T13:22:50.451Z"}
{"context":"RouterExplorer","level":"info","message":"Mapped {/api/transactions/deposit, POST} route","service":"financial-platform","timestamp":"2025-12-03T13:22:50.452Z"}
{"context":"RouterExplorer","level":"info","message":"Mapped {/api/transactions/withdraw, POST} route","service":"financial-platform","timestamp":"2025-12-03T13:22:50.452Z"}
{"context":"RouterExplorer","level":"info","message":"Mapped {/api/transactions, GET} route","service":"financial-platform","timestamp":"2025-12-03T13:22:50.453Z"}
{"context":"RouterExplorer","level":"info","message":"Mapped {/api/transactions/pending, GET} route","service":"financial-platform","timestamp":"2025-12-03T13:22:50.454Z"}
{"context":"RouterExplorer","level":"info","message":"Mapped {/api/transactions/pending/:id, GET} route","service":"financial-platform","timestamp":"2025-12-03T13:22:50.454Z"}
{"context":"RouterExplorer","level":"info","message":"Mapped {/api/transactions/admin, POST} route","service":"financial-platform","timestamp":"2025-12-03T13:22:50.455Z"}
{"context":"RouterExplorer","level":"info","message":"Mapped {/api/transactions/:id/validate, PATCH} route","service":"financial-platform","timestamp":"2025-12-03T13:22:50.455Z"}
{"context":"RoutesResolver","level":"info","message":"KycController {/api/kyc}:","service":"financial-platform","timestamp":"2025-12-03T13:22:50.456Z"}
{"context":"RouterExplorer","level":"info","message":"Mapped {/api/kyc/documents, POST} route","service":"financial-platform","timestamp":"2025-12-03T13:22:50.456Z"}
{"context":"RouterExplorer","level":"info","message":"Mapped {/api/kyc/documents, GET} route","service":"financial-platform","timestamp":"2025-12-03T13:22:50.457Z"}
{"context":"RouterExplorer","level":"info","message":"Mapped {/api/kyc/documents/pending, GET} route","service":"financial-platform","timestamp":"2025-12-03T13:22:50.457Z"}
{"context":"RouterExplorer","level":"info","message":"Mapped {/api/kyc/documents/:id/review, PATCH} route","service":"financial-platform","timestamp":"2025-12-03T13:22:50.458Z"}
{"context":"RoutesResolver","level":"info","message":"AuditLogsController {/api/audit-logs}:","service":"financial-platform","timestamp":"2025-12-03T13:22:50.458Z"}
{"context":"RouterExplorer","level":"info","message":"Mapped {/api/audit-logs, GET} route","service":"financial-platform","timestamp":"2025-12-03T13:22:50.459Z"}
{"context":"RouterExplorer","level":"info","message":"Mapped {/api/audit-logs/me, GET} route","service":"financial-platform","timestamp":"2025-12-03T13:22:50.459Z"}
{"context":"RoutesResolver","level":"info","message":"LoansController {/api/loans}:","service":"financial-platform","timestamp":"2025-12-03T13:22:50.460Z"}
{"context":"RouterExplorer","level":"info","message":"Mapped {/api/loans, POST} route","service":"financial-platform","timestamp":"2025-12-03T13:22:50.460Z"}
{"context":"RouterExplorer","level":"info","message":"Mapped {/api/loans, GET} route","service":"financial-platform","timestamp":"2025-12-03T13:22:50.461Z"}
{"context":"RouterExplorer","level":"info","message":"Mapped {/api/loans/:id, GET} route","service":"financial-platform","timestamp":"2025-12-03T13:22:50.461Z"}
{"context":"RouterExplorer","level":"info","message":"Mapped {/api/loans/:id/repayments, GET} route","service":"financial-platform","timestamp":"2025-12-03T13:22:50.462Z"}
{"context":"RouterExplorer","level":"info","message":"Mapped {/api/loans/:id/repayments, POST} route","service":"financial-platform","timestamp":"2025-12-03T13:22:50.462Z"}
{"context":"RouterExplorer","level":"info","message":"Mapped {/api/loans/:id/approve, PATCH} route","service":"financial-platform","timestamp":"2025-12-03T13:22:50.463Z"}
{"context":"RouterExplorer","level":"info","message":"Mapped {/api/loans/:id/reject, PATCH} route","service":"financial-platform","timestamp":"2025-12-03T13:22:50.464Z"}
{"context":"RoutesResolver","level":"info","message":"ExchangeController {/api/exchange}:","service":"financial-platform","timestamp":"2025-12-03T13:22:50.464Z"}
{"context":"RouterExplorer","level":"info","message":"Mapped {/api/exchange/convert, GET} route","service":"financial-platform","timestamp":"2025-12-03T13:22:50.465Z"}
{"context":"NestApplication","level":"info","message":"Nest application successfully started","service":"financial-platform","timestamp":"2025-12-03T13:22:50.472Z"}
{"level":"info","message":"Application is running on: http://localhost:3000","service":"financial-platform","timestamp":"2025-12-03T13:22:50.476Z"}
{"context":"NotificationsGateway","level":"debug","message":"Client connected to notifications (user: b4868eb2-15d9-4c0e-aa30-af039df5dd82)","service":"financial-platform","timestamp":"2025-12-03T13:22:50.727Z"}
{"context":"RoutesResolver","level":"info","message":"AuthController {/api/auth}:","service":"financial-platform","timestamp":"2025-12-03T13:34:53.247Z"}
{"context":"RouterExplorer","level":"info","message":"Mapped {/api/auth/register, POST} route","service":"financial-platform","timestamp":"2025-12-03T13:34:53.259Z"}
{"context":"RouterExplorer","level":"info","message":"Mapped {/api/auth/login, POST} route","service":"financial-platform","timestamp":"2025-12-03T13:34:53.261Z"}
{"context":"RouterExplorer","level":"info","message":"Mapped {/api/auth/refresh, POST} route","service":"financial-platform","timestamp":"2025-12-03T13:34:53.262Z"}
{"context":"RouterExplorer","level":"info","message":"Mapped {/api/auth/logout, POST} route","service":"financial-platform","timestamp":"2025-12-03T13:34:53.264Z"}
{"context":"RouterExplorer","level":"info","message":"Mapped {/api/auth/google, GET} route","service":"financial-platform","timestamp":"2025-12-03T13:34:53.265Z"}
{"context":"RouterExplorer","level":"info","message":"Mapped {/api/auth/google/callback, GET} route","service":"financial-platform","timestamp":"2025-12-03T13:34:53.266Z"}
{"context":"RouterExplorer","level":"info","message":"Mapped {/api/auth/profile, GET} route","service":"financial-platform","timestamp":"2025-12-03T13:34:53.267Z"}
{"context":"RoutesResolver","level":"info","message":"UsersController {/api/users}:","service":"financial-platform","timestamp":"2025-12-03T13:34:53.268Z"}
{"context":"RouterExplorer","level":"info","message":"Mapped {/api/users, POST} route","service":"financial-platform","timestamp":"2025-12-03T13:34:53.269Z"}
{"context":"RouterExplorer","level":"info","message":"Mapped {/api/users, GET} route","service":"financial-platform","timestamp":"2025-12-03T13:34:53.271Z"}
{"context":"RouterExplorer","level":"info","message":"Mapped {/api/users/profile, GET} route","service":"financial-platform","timestamp":"2025-12-03T13:34:53.272Z"}
{"context":"RouterExplorer","level":"info","message":"Mapped {/api/users/:id, GET} route","service":"financial-platform","timestamp":"2025-12-03T13:34:53.273Z"}
{"context":"RouterExplorer","level":"info","message":"Mapped {/api/users/profile, PATCH} route","service":"financial-platform","timestamp":"2025-12-03T13:34:53.274Z"}
{"context":"RouterExplorer","level":"info","message":"Mapped {/api/users/:id, PATCH} route","service":"financial-platform","timestamp":"2025-12-03T13:34:53.275Z"}
{"context":"RouterExplorer","level":"info","message":"Mapped {/api/users/:id, DELETE} route","service":"financial-platform","timestamp":"2025-12-03T13:34:53.276Z"}
{"context":"RoutesResolver","level":"info","message":"AccountsController {/api/accounts}:","service":"financial-platform","timestamp":"2025-12-03T13:34:53.277Z"}
{"context":"RouterExplorer","level":"info","message":"Mapped {/api/accounts, GET} route","service":"financial-platform","timestamp":"2025-12-03T13:34:53.277Z"}
{"context":"RouterExplorer","level":"info","message":"Mapped {/api/accounts/:id, GET} route","service":"financial-platform","timestamp":"2025-12-03T13:34:53.278Z"}
{"context":"RouterExplorer","level":"info","message":"Mapped {/api/accounts/:id/balance, GET} route","service":"financial-platform","timestamp":"2025-12-03T13:34:53.280Z"}
{"context":"RouterExplorer","level":"info","message":"Mapped {/api/accounts, POST} route","service":"financial-platform","timestamp":"2025-12-03T13:34:53.281Z"}
{"context":"RouterExplorer","level":"info","message":"Mapped {/api/accounts/:id, PATCH} route","service":"financial-platform","timestamp":"2025-12-03T13:34:53.282Z"}
{"context":"RoutesResolver","level":"info","message":"TransactionsController {/api/transactions}:","service":"financial-platform","timestamp":"2025-12-03T13:34:53.282Z"}
{"context":"RouterExplorer","level":"info","message":"Mapped {/api/transactions/transfer, POST} route","service":"financial-platform","timestamp":"2025-12-03T13:34:53.283Z"}
{"context":"RouterExplorer","level":"info","message":"Mapped {/api/transactions/deposit, POST} route","service":"financial-platform","timestamp":"2025-12-03T13:34:53.285Z"}
{"context":"RouterExplorer","level":"info","message":"Mapped {/api/transactions/withdraw, POST} route","service":"financial-platform","timestamp":"2025-12-03T13:34:53.285Z"}
{"context":"RouterExplorer","level":"info","message":"Mapped {/api/transactions, GET} route","service":"financial-platform","timestamp":"2025-12-03T13:34:53.286Z"}
{"context":"RouterExplorer","level":"info","message":"Mapped {/api/transactions/pending, GET} route","service":"financial-platform","timestamp":"2025-12-03T13:34:53.287Z"}
{"context":"RouterExplorer","level":"info","message":"Mapped {/api/transactions/pending/:id, GET} route","service":"financial-platform","timestamp":"2025-12-03T13:34:53.287Z"}
{"context":"RouterExplorer","level":"info","message":"Mapped {/api/transactions/admin, POST} route","service":"financial-platform","timestamp":"2025-12-03T13:34:53.288Z"}
{"context":"RouterExplorer","level":"info","message":"Mapped {/api/transactions/:id/validate, PATCH} route","service":"financial-platform","timestamp":"2025-12-03T13:34:53.288Z"}
{"context":"RoutesResolver","level":"info","message":"KycController {/api/kyc}:","service":"financial-platform","timestamp":"2025-12-03T13:34:53.288Z"}
{"context":"RouterExplorer","level":"info","message":"Mapped {/api/kyc/documents, POST} route","service":"financial-platform","timestamp":"2025-12-03T13:34:53.289Z"}
{"context":"RouterExplorer","level":"info","message":"Mapped {/api/kyc/documents, GET} route","service":"financial-platform","timestamp":"2025-12-03T13:34:53.289Z"}
{"context":"RouterExplorer","level":"info","message":"Mapped {/api/kyc/documents/pending, GET} route","service":"financial-platform","timestamp":"2025-12-03T13:34:53.290Z"}
{"context":"RouterExplorer","level":"info","message":"Mapped {/api/kyc/documents/:id/review, PATCH} route","service":"financial-platform","timestamp":"2025-12-03T13:34:53.290Z"}
{"context":"RoutesResolver","level":"info","message":"AuditLogsController {/api/audit-logs}:","service":"financial-platform","timestamp":"2025-12-03T13:34:53.291Z"}
{"context":"RouterExplorer","level":"info","message":"Mapped {/api/audit-logs, GET} route","service":"financial-platform","timestamp":"2025-12-03T13:34:53.291Z"}
{"context":"RouterExplorer","level":"info","message":"Mapped {/api/audit-logs/me, GET} route","service":"financial-platform","timestamp":"2025-12-03T13:34:53.292Z"}
{"context":"RoutesResolver","level":"info","message":"LoansController {/api/loans}:","service":"financial-platform","timestamp":"2025-12-03T13:34:53.292Z"}
{"context":"RouterExplorer","level":"info","message":"Mapped {/api/loans, POST} route","service":"financial-platform","timestamp":"2025-12-03T13:34:53.293Z"}
{"context":"RouterExplorer","level":"info","message":"Mapped {/api/loans, GET} route","service":"financial-platform","timestamp":"2025-12-03T13:34:53.293Z"}
{"context":"RouterExplorer","level":"info","message":"Mapped {/api/loans/:id, GET} route","service":"financial-platform","timestamp":"2025-12-03T13:34:53.294Z"}
{"context":"RouterExplorer","level":"info","message":"Mapped {/api/loans/:id/repayments, GET} route","service":"financial-platform","timestamp":"2025-12-03T13:34:53.295Z"}
{"context":"RouterExplorer","level":"info","message":"Mapped {/api/loans/:id/repayments, POST} route","service":"financial-platform","timestamp":"2025-12-03T13:34:53.295Z"}
{"context":"RouterExplorer","level":"info","message":"Mapped {/api/loans/:id/approve, PATCH} route","service":"financial-platform","timestamp":"2025-12-03T13:34:53.296Z"}
{"context":"RouterExplorer","level":"info","message":"Mapped {/api/loans/:id/reject, PATCH} route","service":"financial-platform","timestamp":"2025-12-03T13:34:53.297Z"}
{"context":"RoutesResolver","level":"info","message":"ExchangeController {/api/exchange}:","service":"financial-platform","timestamp":"2025-12-03T13:34:53.297Z"}
{"context":"RouterExplorer","level":"info","message":"Mapped {/api/exchange/convert, GET} route","service":"financial-platform","timestamp":"2025-12-03T13:34:53.298Z"}
{"context":"NestApplication","level":"info","message":"Nest application successfully started","service":"financial-platform","timestamp":"2025-12-03T13:34:53.306Z"}
{"level":"info","message":"Application is running on: https://192.168.1.199:3000 or http://localhost:3000","service":"financial-platform","timestamp":"2025-12-03T13:34:53.310Z"}
{"context":"RoutesResolver","level":"info","message":"AuthController {/api/auth}:","service":"financial-platform","timestamp":"2025-12-03T13:37:34.903Z"}
{"context":"RouterExplorer","level":"info","message":"Mapped {/api/auth/register, POST} route","service":"financial-platform","timestamp":"2025-12-03T13:37:34.911Z"}
{"context":"RouterExplorer","level":"info","message":"Mapped {/api/auth/login, POST} route","service":"financial-platform","timestamp":"2025-12-03T13:37:34.912Z"}
{"context":"RouterExplorer","level":"info","message":"Mapped {/api/auth/refresh, POST} route","service":"financial-platform","timestamp":"2025-12-03T13:37:34.913Z"}
{"context":"RouterExplorer","level":"info","message":"Mapped {/api/auth/logout, POST} route","service":"financial-platform","timestamp":"2025-12-03T13:37:34.914Z"}
{"context":"RouterExplorer","level":"info","message":"Mapped {/api/auth/google, GET} route","service":"financial-platform","timestamp":"2025-12-03T13:37:34.915Z"}
{"context":"RouterExplorer","level":"info","message":"Mapped {/api/auth/google/callback, GET} route","service":"financial-platform","timestamp":"2025-12-03T13:37:34.916Z"}
{"context":"RouterExplorer","level":"info","message":"Mapped {/api/auth/profile, GET} route","service":"financial-platform","timestamp":"2025-12-03T13:37:34.916Z"}
{"context":"RoutesResolver","level":"info","message":"UsersController {/api/users}:","service":"financial-platform","timestamp":"2025-12-03T13:37:34.916Z"}
{"context":"RouterExplorer","level":"info","message":"Mapped {/api/users, POST} route","service":"financial-platform","timestamp":"2025-12-03T13:37:34.918Z"}
{"context":"RouterExplorer","level":"info","message":"Mapped {/api/users, GET} route","service":"financial-platform","timestamp":"2025-12-03T13:37:34.919Z"}
{"context":"RouterExplorer","level":"info","message":"Mapped {/api/users/profile, GET} route","service":"financial-platform","timestamp":"2025-12-03T13:37:34.920Z"}
{"context":"RouterExplorer","level":"info","message":"Mapped {/api/users/:id, GET} route","service":"financial-platform","timestamp":"2025-12-03T13:37:34.921Z"}
{"context":"RouterExplorer","level":"info","message":"Mapped {/api/users/profile, PATCH} route","service":"financial-platform","timestamp":"2025-12-03T13:37:34.921Z"}
{"context":"RouterExplorer","level":"info","message":"Mapped {/api/users/:id, PATCH} route","service":"financial-platform","timestamp":"2025-12-03T13:37:34.923Z"}
{"context":"RouterExplorer","level":"info","message":"Mapped {/api/users/:id, DELETE} route","service":"financial-platform","timestamp":"2025-12-03T13:37:34.924Z"}
{"context":"RoutesResolver","level":"info","message":"AccountsController {/api/accounts}:","service":"financial-platform","timestamp":"2025-12-03T13:37:34.925Z"}
{"context":"RouterExplorer","level":"info","message":"Mapped {/api/accounts, GET} route","service":"financial-platform","timestamp":"2025-12-03T13:37:34.926Z"}
{"context":"RouterExplorer","level":"info","message":"Mapped {/api/accounts/:id, GET} route","service":"financial-platform","timestamp":"2025-12-03T13:37:34.926Z"}
{"context":"RouterExplorer","level":"info","message":"Mapped {/api/accounts/:id/balance, GET} route","service":"financial-platform","timestamp":"2025-12-03T13:37:34.927Z"}
{"context":"RouterExplorer","level":"info","message":"Mapped {/api/accounts, POST} route","service":"financial-platform","timestamp":"2025-12-03T13:37:34.928Z"}
{"context":"RouterExplorer","level":"info","message":"Mapped {/api/accounts/:id, PATCH} route","service":"financial-platform","timestamp":"2025-12-03T13:37:34.928Z"}
{"context":"RoutesResolver","level":"info","message":"TransactionsController {/api/transactions}:","service":"financial-platform","timestamp":"2025-12-03T13:37:34.929Z"}
{"context":"RouterExplorer","level":"info","message":"Mapped {/api/transactions/transfer, POST} route","service":"financial-platform","timestamp":"2025-12-03T13:37:34.930Z"}
{"context":"RouterExplorer","level":"info","message":"Mapped {/api/transactions/deposit, POST} route","service":"financial-platform","timestamp":"2025-12-03T13:37:34.930Z"}
{"context":"RouterExplorer","level":"info","message":"Mapped {/api/transactions/withdraw, POST} route","service":"financial-platform","timestamp":"2025-12-03T13:37:34.931Z"}
{"context":"RouterExplorer","level":"info","message":"Mapped {/api/transactions, GET} route","service":"financial-platform","timestamp":"2025-12-03T13:37:34.931Z"}
{"context":"RouterExplorer","level":"info","message":"Mapped {/api/transactions/pending, GET} route","service":"financial-platform","timestamp":"2025-12-03T13:37:34.932Z"}
{"context":"RouterExplorer","level":"info","message":"Mapped {/api/transactions/pending/:id, GET} route","service":"financial-platform","timestamp":"2025-12-03T13:37:34.932Z"}
{"context":"RouterExplorer","level":"info","message":"Mapped {/api/transactions/admin, POST} route","service":"financial-platform","timestamp":"2025-12-03T13:37:34.933Z"}
{"context":"RouterExplorer","level":"info","message":"Mapped {/api/transactions/:id/validate, PATCH} route","service":"financial-platform","timestamp":"2025-12-03T13:37:34.933Z"}
{"context":"RoutesResolver","level":"info","message":"KycController {/api/kyc}:","service":"financial-platform","timestamp":"2025-12-03T13:37:34.933Z"}
{"context":"RouterExplorer","level":"info","message":"Mapped {/api/kyc/documents, POST} route","service":"financial-platform","timestamp":"2025-12-03T13:37:34.934Z"}
{"context":"RouterExplorer","level":"info","message":"Mapped {/api/kyc/documents, GET} route","service":"financial-platform","timestamp":"2025-12-03T13:37:34.934Z"}
{"context":"RouterExplorer","level":"info","message":"Mapped {/api/kyc/documents/pending, GET} route","service":"financial-platform","timestamp":"2025-12-03T13:37:34.935Z"}
{"context":"RouterExplorer","level":"info","message":"Mapped {/api/kyc/documents/:id/review, PATCH} route","service":"financial-platform","timestamp":"2025-12-03T13:37:34.935Z"}
{"context":"RoutesResolver","level":"info","message":"AuditLogsController {/api/audit-logs}:","service":"financial-platform","timestamp":"2025-12-03T13:37:34.935Z"}
{"context":"RouterExplorer","level":"info","message":"Mapped {/api/audit-logs, GET} route","service":"financial-platform","timestamp":"2025-12-03T13:37:34.936Z"}
{"context":"RouterExplorer","level":"info","message":"Mapped {/api/audit-logs/me, GET} route","service":"financial-platform","timestamp":"2025-12-03T13:37:34.936Z"}
{"context":"RoutesResolver","level":"info","message":"LoansController {/api/loans}:","service":"financial-platform","timestamp":"2025-12-03T13:37:34.937Z"}
{"context":"RouterExplorer","level":"info","message":"Mapped {/api/loans, POST} route","service":"financial-platform","timestamp":"2025-12-03T13:37:34.937Z"}
{"context":"RouterExplorer","level":"info","message":"Mapped {/api/loans, GET} route","service":"financial-platform","timestamp":"2025-12-03T13:37:34.937Z"}
{"context":"RouterExplorer","level":"info","message":"Mapped {/api/loans/:id, GET} route","service":"financial-platform","timestamp":"2025-12-03T13:37:34.938Z"}
{"context":"RouterExplorer","level":"info","message":"Mapped {/api/loans/:id/repayments, GET} route","service":"financial-platform","timestamp":"2025-12-03T13:37:34.938Z"}
{"context":"RouterExplorer","level":"info","message":"Mapped {/api/loans/:id/repayments, POST} route","service":"financial-platform","timestamp":"2025-12-03T13:37:34.939Z"}
{"context":"RouterExplorer","level":"info","message":"Mapped {/api/loans/:id/approve, PATCH} route","service":"financial-platform","timestamp":"2025-12-03T13:37:34.940Z"}
{"context":"RouterExplorer","level":"info","message":"Mapped {/api/loans/:id/reject, PATCH} route","service":"financial-platform","timestamp":"2025-12-03T13:37:34.940Z"}
{"context":"RoutesResolver","level":"info","message":"ExchangeController {/api/exchange}:","service":"financial-platform","timestamp":"2025-12-03T13:37:34.941Z"}
{"context":"RouterExplorer","level":"info","message":"Mapped {/api/exchange/convert, GET} route","service":"financial-platform","timestamp":"2025-12-03T13:37:34.941Z"}
{"context":"NestApplication","level":"info","message":"Nest application successfully started","service":"financial-platform","timestamp":"2025-12-03T13:37:34.950Z"}
{"level":"info","message":"Application is running on: https://192.168.1.199:3000 or http://localhost:3000","service":"financial-platform","timestamp":"2025-12-03T13:37:34.954Z"}
{"context":"RoutesResolver","level":"info","message":"AuthController {/api/auth}:","service":"financial-platform","timestamp":"2025-12-03T13:48:01.225Z"}
{"context":"RouterExplorer","level":"info","message":"Mapped {/api/auth/register, POST} route","service":"financial-platform","timestamp":"2025-12-03T13:48:01.234Z"}
{"context":"RouterExplorer","level":"info","message":"Mapped {/api/auth/login, POST} route","service":"financial-platform","timestamp":"2025-12-03T13:48:01.235Z"}
{"context":"RouterExplorer","level":"info","message":"Mapped {/api/auth/refresh, POST} route","service":"financial-platform","timestamp":"2025-12-03T13:48:01.237Z"}
{"context":"RouterExplorer","level":"info","message":"Mapped {/api/auth/logout, POST} route","service":"financial-platform","timestamp":"2025-12-03T13:48:01.238Z"}
{"context":"RouterExplorer","level":"info","message":"Mapped {/api/auth/google, GET} route","service":"financial-platform","timestamp":"2025-12-03T13:48:01.239Z"}
{"context":"RouterExplorer","level":"info","message":"Mapped {/api/auth/google/callback, GET} route","service":"financial-platform","timestamp":"2025-12-03T13:48:01.240Z"}
{"context":"RouterExplorer","level":"info","message":"Mapped {/api/auth/profile, GET} route","service":"financial-platform","timestamp":"2025-12-03T13:48:01.240Z"}
{"context":"RoutesResolver","level":"info","message":"UsersController {/api/users}:","service":"financial-platform","timestamp":"2025-12-03T13:48:01.241Z"}
{"context":"RouterExplorer","level":"info","message":"Mapped {/api/users, POST} route","service":"financial-platform","timestamp":"2025-12-03T13:48:01.242Z"}
{"context":"RouterExplorer","level":"info","message":"Mapped {/api/users, GET} route","service":"financial-platform","timestamp":"2025-12-03T13:48:01.243Z"}
{"context":"RouterExplorer","level":"info","message":"Mapped {/api/users/profile, GET} route","service":"financial-platform","timestamp":"2025-12-03T13:48:01.244Z"}
{"context":"RouterExplorer","level":"info","message":"Mapped {/api/users/:id, GET} route","service":"financial-platform","timestamp":"2025-12-03T13:48:01.244Z"}
{"context":"RouterExplorer","level":"info","message":"Mapped {/api/users/profile, PATCH} route","service":"financial-platform","timestamp":"2025-12-03T13:48:01.245Z"}
{"context":"RouterExplorer","level":"info","message":"Mapped {/api/users/:id, PATCH} route","service":"financial-platform","timestamp":"2025-12-03T13:48:01.246Z"}
{"context":"RouterExplorer","level":"info","message":"Mapped {/api/users/:id, DELETE} route","service":"financial-platform","timestamp":"2025-12-03T13:48:01.246Z"}
{"context":"RoutesResolver","level":"info","message":"AccountsController {/api/accounts}:","service":"financial-platform","timestamp":"2025-12-03T13:48:01.247Z"}
{"context":"RouterExplorer","level":"info","message":"Mapped {/api/accounts, GET} route","service":"financial-platform","timestamp":"2025-12-03T13:48:01.247Z"}
{"context":"RouterExplorer","level":"info","message":"Mapped {/api/accounts/:id, GET} route","service":"financial-platform","timestamp":"2025-12-03T13:48:01.248Z"}
{"context":"RouterExplorer","level":"info","message":"Mapped {/api/accounts/:id/balance, GET} route","service":"financial-platform","timestamp":"2025-12-03T13:48:01.248Z"}
{"context":"RouterExplorer","level":"info","message":"Mapped {/api/accounts, POST} route","service":"financial-platform","timestamp":"2025-12-03T13:48:01.249Z"}
{"context":"RouterExplorer","level":"info","message":"Mapped {/api/accounts/:id, PATCH} route","service":"financial-platform","timestamp":"2025-12-03T13:48:01.250Z"}
{"context":"RoutesResolver","level":"info","message":"TransactionsController {/api/transactions}:","service":"financial-platform","timestamp":"2025-12-03T13:48:01.250Z"}
{"context":"RouterExplorer","level":"info","message":"Mapped {/api/transactions/transfer, POST} route","service":"financial-platform","timestamp":"2025-12-03T13:48:01.250Z"}
{"context":"RouterExplorer","level":"info","message":"Mapped {/api/transactions/deposit, POST} route","service":"financial-platform","timestamp":"2025-12-03T13:48:01.251Z"}
{"context":"RouterExplorer","level":"info","message":"Mapped {/api/transactions/withdraw, POST} route","service":"financial-platform","timestamp":"2025-12-03T13:48:01.251Z"}
{"context":"RouterExplorer","level":"info","message":"Mapped {/api/transactions, GET} route","service":"financial-platform","timestamp":"2025-12-03T13:48:01.251Z"}
{"context":"RouterExplorer","level":"info","message":"Mapped {/api/transactions/pending, GET} route","service":"financial-platform","timestamp":"2025-12-03T13:48:01.251Z"}
{"context":"RouterExplorer","level":"info","message":"Mapped {/api/transactions/pending/:id, GET} route","service":"financial-platform","timestamp":"2025-12-03T13:48:01.252Z"}
{"context":"RouterExplorer","level":"info","message":"Mapped {/api/transactions/admin, POST} route","service":"financial-platform","timestamp":"2025-12-03T13:48:01.252Z"}
{"context":"RouterExplorer","level":"info","message":"Mapped {/api/transactions/:id/validate, PATCH} route","service":"financial-platform","timestamp":"2025-12-03T13:48:01.252Z"}
{"context":"RoutesResolver","level":"info","message":"KycController {/api/kyc}:","service":"financial-platform","timestamp":"2025-12-03T13:48:01.252Z"}
{"context":"RouterExplorer","level":"info","message":"Mapped {/api/kyc/documents, POST} route","service":"financial-platform","timestamp":"2025-12-03T13:48:01.253Z"}
{"context":"RouterExplorer","level":"info","message":"Mapped {/api/kyc/documents, GET} route","service":"financial-platform","timestamp":"2025-12-03T13:48:01.253Z"}
{"context":"RouterExplorer","level":"info","message":"Mapped {/api/kyc/documents/pending, GET} route","service":"financial-platform","timestamp":"2025-12-03T13:48:01.253Z"}
{"context":"RouterExplorer","level":"info","message":"Mapped {/api/kyc/documents/:id/review, PATCH} route","service":"financial-platform","timestamp":"2025-12-03T13:48:01.254Z"}
{"context":"RoutesResolver","level":"info","message":"AuditLogsController {/api/audit-logs}:","service":"financial-platform","timestamp":"2025-12-03T13:48:01.254Z"}
{"context":"RouterExplorer","level":"info","message":"Mapped {/api/audit-logs, GET} route","service":"financial-platform","timestamp":"2025-12-03T13:48:01.254Z"}
{"context":"RouterExplorer","level":"info","message":"Mapped {/api/audit-logs/me, GET} route","service":"financial-platform","timestamp":"2025-12-03T13:48:01.254Z"}
{"context":"RoutesResolver","level":"info","message":"LoansController {/api/loans}:","service":"financial-platform","timestamp":"2025-12-03T13:48:01.254Z"}
{"context":"RouterExplorer","level":"info","message":"Mapped {/api/loans, POST} route","service":"financial-platform","timestamp":"2025-12-03T13:48:01.255Z"}
{"context":"RouterExplorer","level":"info","message":"Mapped {/api/loans, GET} route","service":"financial-platform","timestamp":"2025-12-03T13:48:01.255Z"}
{"context":"RouterExplorer","level":"info","message":"Mapped {/api/loans/:id, GET} route","service":"financial-platform","timestamp":"2025-12-03T13:48:01.255Z"}
{"context":"RouterExplorer","level":"info","message":"Mapped {/api/loans/:id/repayments, GET} route","service":"financial-platform","timestamp":"2025-12-03T13:48:01.255Z"}
{"context":"RouterExplorer","level":"info","message":"Mapped {/api/loans/:id/repayments, POST} route","service":"financial-platform","timestamp":"2025-12-03T13:48:01.255Z"}
{"context":"RouterExplorer","level":"info","message":"Mapped {/api/loans/:id/approve, PATCH} route","service":"financial-platform","timestamp":"2025-12-03T13:48:01.256Z"}
{"context":"RouterExplorer","level":"info","message":"Mapped {/api/loans/:id/reject, PATCH} route","service":"financial-platform","timestamp":"2025-12-03T13:48:01.256Z"}
{"context":"RoutesResolver","level":"info","message":"ExchangeController {/api/exchange}:","service":"financial-platform","timestamp":"2025-12-03T13:48:01.256Z"}
{"context":"RouterExplorer","level":"info","message":"Mapped {/api/exchange/convert, GET} route","service":"financial-platform","timestamp":"2025-12-03T13:48:01.256Z"}
{"context":"NestApplication","level":"info","message":"Nest application successfully started","service":"financial-platform","timestamp":"2025-12-03T13:48:01.261Z"}
{"level":"info","message":"Application is running on: https://192.168.1.199:3000 or http://localhost:3000","service":"financial-platform","timestamp":"2025-12-03T13:48:01.265Z"}
{"context":"RoutesResolver","level":"info","message":"AuthController {/api/auth}:","service":"financial-platform","timestamp":"2025-12-03T13:51:42.082Z"}
{"context":"RouterExplorer","level":"info","message":"Mapped {/api/auth/register, POST} route","service":"financial-platform","timestamp":"2025-12-03T13:51:42.087Z"}
{"context":"RouterExplorer","level":"info","message":"Mapped {/api/auth/login, POST} route","service":"financial-platform","timestamp":"2025-12-03T13:51:42.088Z"}
{"context":"RouterExplorer","level":"info","message":"Mapped {/api/auth/refresh, POST} route","service":"financial-platform","timestamp":"2025-12-03T13:51:42.089Z"}
{"context":"RouterExplorer","level":"info","message":"Mapped {/api/auth/logout, POST} route","service":"financial-platform","timestamp":"2025-12-03T13:51:42.089Z"}
{"context":"RouterExplorer","level":"info","message":"Mapped {/api/auth/google, GET} route","service":"financial-platform","timestamp":"2025-12-03T13:51:42.090Z"}
{"context":"RouterExplorer","level":"info","message":"Mapped {/api/auth/google/callback, GET} route","service":"financial-platform","timestamp":"2025-12-03T13:51:42.091Z"}
{"context":"RouterExplorer","level":"info","message":"Mapped {/api/auth/profile, GET} route","service":"financial-platform","timestamp":"2025-12-03T13:51:42.091Z"}
{"context":"RoutesResolver","level":"info","message":"UsersController {/api/users}:","service":"financial-platform","timestamp":"2025-12-03T13:51:42.092Z"}
{"context":"RouterExplorer","level":"info","message":"Mapped {/api/users, POST} route","service":"financial-platform","timestamp":"2025-12-03T13:51:42.093Z"}
{"context":"RouterExplorer","level":"info","message":"Mapped {/api/users, GET} route","service":"financial-platform","timestamp":"2025-12-03T13:51:42.093Z"}
{"context":"RouterExplorer","level":"info","message":"Mapped {/api/users/profile, GET} route","service":"financial-platform","timestamp":"2025-12-03T13:51:42.094Z"}
{"context":"RouterExplorer","level":"info","message":"Mapped {/api/users/:id, GET} route","service":"financial-platform","timestamp":"2025-12-03T13:51:42.094Z"}
{"context":"RouterExplorer","level":"info","message":"Mapped {/api/users/profile, PATCH} route","service":"financial-platform","timestamp":"2025-12-03T13:51:42.095Z"}
{"context":"RouterExplorer","level":"info","message":"Mapped {/api/users/:id, PATCH} route","service":"financial-platform","timestamp":"2025-12-03T13:51:42.095Z"}
{"context":"RouterExplorer","level":"info","message":"Mapped {/api/users/:id, DELETE} route","service":"financial-platform","timestamp":"2025-12-03T13:51:42.096Z"}
{"context":"RoutesResolver","level":"info","message":"AccountsController {/api/accounts}:","service":"financial-platform","timestamp":"2025-12-03T13:51:42.096Z"}
{"context":"RouterExplorer","level":"info","message":"Mapped {/api/accounts, GET} route","service":"financial-platform","timestamp":"2025-12-03T13:51:42.096Z"}
{"context":"RouterExplorer","level":"info","message":"Mapped {/api/accounts/:id, GET} route","service":"financial-platform","timestamp":"2025-12-03T13:51:42.097Z"}
{"context":"RouterExplorer","level":"info","message":"Mapped {/api/accounts/:id/balance, GET} route","service":"financial-platform","timestamp":"2025-12-03T13:51:42.097Z"}
{"context":"RouterExplorer","level":"info","message":"Mapped {/api/accounts, POST} route","service":"financial-platform","timestamp":"2025-12-03T13:51:42.098Z"}
{"context":"RouterExplorer","level":"info","message":"Mapped {/api/accounts/:id, PATCH} route","service":"financial-platform","timestamp":"2025-12-03T13:51:42.098Z"}
{"context":"RoutesResolver","level":"info","message":"TransactionsController {/api/transactions}:","service":"financial-platform","timestamp":"2025-12-03T13:51:42.098Z"}
{"context":"RouterExplorer","level":"info","message":"Mapped {/api/transactions/transfer, POST} route","service":"financial-platform","timestamp":"2025-12-03T13:51:42.098Z"}
{"context":"RouterExplorer","level":"info","message":"Mapped {/api/transactions/deposit, POST} route","service":"financial-platform","timestamp":"2025-12-03T13:51:42.099Z"}
{"context":"RouterExplorer","level":"info","message":"Mapped {/api/transactions/withdraw, POST} route","service":"financial-platform","timestamp":"2025-12-03T13:51:42.099Z"}
{"context":"RouterExplorer","level":"info","message":"Mapped {/api/transactions, GET} route","service":"financial-platform","timestamp":"2025-12-03T13:51:42.099Z"}
{"context":"RouterExplorer","level":"info","message":"Mapped {/api/transactions/pending, GET} route","service":"financial-platform","timestamp":"2025-12-03T13:51:42.100Z"}
{"context":"RouterExplorer","level":"info","message":"Mapped {/api/transactions/pending/:id, GET} route","service":"financial-platform","timestamp":"2025-12-03T13:51:42.100Z"}
{"context":"RouterExplorer","level":"info","message":"Mapped {/api/transactions/admin, POST} route","service":"financial-platform","timestamp":"2025-12-03T13:51:42.101Z"}
{"context":"RouterExplorer","level":"info","message":"Mapped {/api/transactions/:id/validate, PATCH} route","service":"financial-platform","timestamp":"2025-12-03T13:51:42.101Z"}
{"context":"RoutesResolver","level":"info","message":"KycController {/api/kyc}:","service":"financial-platform","timestamp":"2025-12-03T13:51:42.101Z"}
{"context":"RouterExplorer","level":"info","message":"Mapped {/api/kyc/documents, POST} route","service":"financial-platform","timestamp":"2025-12-03T13:51:42.102Z"}
{"context":"RouterExplorer","level":"info","message":"Mapped {/api/kyc/documents, GET} route","service":"financial-platform","timestamp":"2025-12-03T13:51:42.102Z"}
{"context":"RouterExplorer","level":"info","message":"Mapped {/api/kyc/documents/pending, GET} route","service":"financial-platform","timestamp":"2025-12-03T13:51:42.102Z"}
{"context":"RouterExplorer","level":"info","message":"Mapped {/api/kyc/documents/:id/review, PATCH} route","service":"financial-platform","timestamp":"2025-12-03T13:51:42.103Z"}
{"context":"RoutesResolver","level":"info","message":"AuditLogsController {/api/audit-logs}:","service":"financial-platform","timestamp":"2025-12-03T13:51:42.103Z"}
{"context":"RouterExplorer","level":"info","message":"Mapped {/api/audit-logs, GET} route","service":"financial-platform","timestamp":"2025-12-03T13:51:42.103Z"}
{"context":"RouterExplorer","level":"info","message":"Mapped {/api/audit-logs/me, GET} route","service":"financial-platform","timestamp":"2025-12-03T13:51:42.104Z"}
{"context":"RoutesResolver","level":"info","message":"LoansController {/api/loans}:","service":"financial-platform","timestamp":"2025-12-03T13:51:42.104Z"}
{"context":"RouterExplorer","level":"info","message":"Mapped {/api/loans, POST} route","service":"financial-platform","timestamp":"2025-12-03T13:51:42.104Z"}
{"context":"RouterExplorer","level":"info","message":"Mapped {/api/loans, GET} route","service":"financial-platform","timestamp":"2025-12-03T13:51:42.105Z"}
{"context":"RouterExplorer","level":"info","message":"Mapped {/api/loans/:id, GET} route","service":"financial-platform","timestamp":"2025-12-03T13:51:42.105Z"}
{"context":"RouterExplorer","level":"info","message":"Mapped {/api/loans/:id/repayments, GET} route","service":"financial-platform","timestamp":"2025-12-03T13:51:42.106Z"}
{"context":"RouterExplorer","level":"info","message":"Mapped {/api/loans/:id/repayments, POST} route","service":"financial-platform","timestamp":"2025-12-03T13:51:42.106Z"}
{"context":"RouterExplorer","level":"info","message":"Mapped {/api/loans/:id/approve, PATCH} route","service":"financial-platform","timestamp":"2025-12-03T13:51:42.106Z"}
{"context":"RouterExplorer","level":"info","message":"Mapped {/api/loans/:id/reject, PATCH} route","service":"financial-platform","timestamp":"2025-12-03T13:51:42.107Z"}
{"context":"RoutesResolver","level":"info","message":"ExchangeController {/api/exchange}:","service":"financial-platform","timestamp":"2025-12-03T13:51:42.107Z"}
{"context":"RouterExplorer","level":"info","message":"Mapped {/api/exchange/convert, GET} route","service":"financial-platform","timestamp":"2025-12-03T13:51:42.107Z"}
{"context":"NestApplication","level":"info","message":"Nest application successfully started","service":"financial-platform","timestamp":"2025-12-03T13:51:42.116Z"}
{"level":"info","message":"Application is running on: https://192.168.1.199:3000 or http://localhost:3000","service":"financial-platform","timestamp":"2025-12-03T13:51:42.121Z"}
{"context":"RoutesResolver","level":"info","message":"AuthController {/api/auth}:","service":"financial-platform","timestamp":"2025-12-03T14:05:14.858Z"}
{"context":"RouterExplorer","level":"info","message":"Mapped {/api/auth/register, POST} route","service":"financial-platform","timestamp":"2025-12-03T14:05:14.865Z"}
{"context":"RouterExplorer","level":"info","message":"Mapped {/api/auth/login, POST} route","service":"financial-platform","timestamp":"2025-12-03T14:05:14.866Z"}
{"context":"RouterExplorer","level":"info","message":"Mapped {/api/auth/refresh, POST} route","service":"financial-platform","timestamp":"2025-12-03T14:05:14.867Z"}
{"context":"RouterExplorer","level":"info","message":"Mapped {/api/auth/logout, POST} route","service":"financial-platform","timestamp":"2025-12-03T14:05:14.868Z"}
{"context":"RouterExplorer","level":"info","message":"Mapped {/api/auth/google, GET} route","service":"financial-platform","timestamp":"2025-12-03T14:05:14.869Z"}
{"context":"RouterExplorer","level":"info","message":"Mapped {/api/auth/google/callback, GET} route","service":"financial-platform","timestamp":"2025-12-03T14:05:14.870Z"}
{"context":"RouterExplorer","level":"info","message":"Mapped {/api/auth/profile, GET} route","service":"financial-platform","timestamp":"2025-12-03T14:05:14.870Z"}
{"context":"RoutesResolver","level":"info","message":"UsersController {/api/users}:","service":"financial-platform","timestamp":"2025-12-03T14:05:14.871Z"}
{"context":"RouterExplorer","level":"info","message":"Mapped {/api/users, POST} route","service":"financial-platform","timestamp":"2025-12-03T14:05:14.872Z"}
{"context":"RouterExplorer","level":"info","message":"Mapped {/api/users, GET} route","service":"financial-platform","timestamp":"2025-12-03T14:05:14.873Z"}
{"context":"RouterExplorer","level":"info","message":"Mapped {/api/users/profile, GET} route","service":"financial-platform","timestamp":"2025-12-03T14:05:14.874Z"}
{"context":"RouterExplorer","level":"info","message":"Mapped {/api/users/:id, GET} route","service":"financial-platform","timestamp":"2025-12-03T14:05:14.874Z"}
{"context":"RouterExplorer","level":"info","message":"Mapped {/api/users/profile, PATCH} route","service":"financial-platform","timestamp":"2025-12-03T14:05:14.874Z"}
{"context":"RouterExplorer","level":"info","message":"Mapped {/api/users/:id, PATCH} route","service":"financial-platform","timestamp":"2025-12-03T14:05:14.875Z"}
{"context":"RouterExplorer","level":"info","message":"Mapped {/api/users/:id, DELETE} route","service":"financial-platform","timestamp":"2025-12-03T14:05:14.875Z"}
{"context":"RoutesResolver","level":"info","message":"AccountsController {/api/accounts}:","service":"financial-platform","timestamp":"2025-12-03T14:05:14.876Z"}
{"context":"RouterExplorer","level":"info","message":"Mapped {/api/accounts, GET} route","service":"financial-platform","timestamp":"2025-12-03T14:05:14.876Z"}
{"context":"RouterExplorer","level":"info","message":"Mapped {/api/accounts/:id, GET} route","service":"financial-platform","timestamp":"2025-12-03T14:05:14.877Z"}
{"context":"RouterExplorer","level":"info","message":"Mapped {/api/accounts/:id/balance, GET} route","service":"financial-platform","timestamp":"2025-12-03T14:05:14.877Z"}
{"context":"RouterExplorer","level":"info","message":"Mapped {/api/accounts, POST} route","service":"financial-platform","timestamp":"2025-12-03T14:05:14.877Z"}
{"context":"RouterExplorer","level":"info","message":"Mapped {/api/accounts/:id, PATCH} route","service":"financial-platform","timestamp":"2025-12-03T14:05:14.878Z"}
{"context":"RoutesResolver","level":"info","message":"TransactionsController {/api/transactions}:","service":"financial-platform","timestamp":"2025-12-03T14:05:14.878Z"}
{"context":"RouterExplorer","level":"info","message":"Mapped {/api/transactions/transfer, POST} route","service":"financial-platform","timestamp":"2025-12-03T14:05:14.878Z"}
{"context":"RouterExplorer","level":"info","message":"Mapped {/api/transactions/deposit, POST} route","service":"financial-platform","timestamp":"2025-12-03T14:05:14.879Z"}
{"context":"RouterExplorer","level":"info","message":"Mapped {/api/transactions/withdraw, POST} route","service":"financial-platform","timestamp":"2025-12-03T14:05:14.879Z"}
{"context":"RouterExplorer","level":"info","message":"Mapped {/api/transactions, GET} route","service":"financial-platform","timestamp":"2025-12-03T14:05:14.880Z"}
{"context":"RouterExplorer","level":"info","message":"Mapped {/api/transactions/pending, GET} route","service":"financial-platform","timestamp":"2025-12-03T14:05:14.880Z"}
{"context":"RouterExplorer","level":"info","message":"Mapped {/api/transactions/pending/:id, GET} route","service":"financial-platform","timestamp":"2025-12-03T14:05:14.881Z"}
{"context":"RouterExplorer","level":"info","message":"Mapped {/api/transactions/admin, POST} route","service":"financial-platform","timestamp":"2025-12-03T14:05:14.881Z"}
{"context":"RouterExplorer","level":"info","message":"Mapped {/api/transactions/:id/validate, PATCH} route","service":"financial-platform","timestamp":"2025-12-03T14:05:14.882Z"}
{"context":"RoutesResolver","level":"info","message":"KycController {/api/kyc}:","service":"financial-platform","timestamp":"2025-12-03T14:05:14.882Z"}
{"context":"RouterExplorer","level":"info","message":"Mapped {/api/kyc/documents, POST} route","service":"financial-platform","timestamp":"2025-12-03T14:05:14.882Z"}
{"context":"RouterExplorer","level":"info","message":"Mapped {/api/kyc/documents, GET} route","service":"financial-platform","timestamp":"2025-12-03T14:05:14.883Z"}
{"context":"RouterExplorer","level":"info","message":"Mapped {/api/kyc/documents/pending, GET} route","service":"financial-platform","timestamp":"2025-12-03T14:05:14.883Z"}
{"context":"RouterExplorer","level":"info","message":"Mapped {/api/kyc/documents/:id/review, PATCH} route","service":"financial-platform","timestamp":"2025-12-03T14:05:14.883Z"}
{"context":"RoutesResolver","level":"info","message":"AuditLogsController {/api/audit-logs}:","service":"financial-platform","timestamp":"2025-12-03T14:05:14.884Z"}
{"context":"RouterExplorer","level":"info","message":"Mapped {/api/audit-logs, GET} route","service":"financial-platform","timestamp":"2025-12-03T14:05:14.884Z"}
{"context":"RouterExplorer","level":"info","message":"Mapped {/api/audit-logs/me, GET} route","service":"financial-platform","timestamp":"2025-12-03T14:05:14.884Z"}
{"context":"RoutesResolver","level":"info","message":"LoansController {/api/loans}:","service":"financial-platform","timestamp":"2025-12-03T14:05:14.884Z"}
{"context":"RouterExplorer","level":"info","message":"Mapped {/api/loans, POST} route","service":"financial-platform","timestamp":"2025-12-03T14:05:14.884Z"}
{"context":"RouterExplorer","level":"info","message":"Mapped {/api/loans, GET} route","service":"financial-platform","timestamp":"2025-12-03T14:05:14.885Z"}
{"context":"RouterExplorer","level":"info","message":"Mapped {/api/loans/:id, GET} route","service":"financial-platform","timestamp":"2025-12-03T14:05:14.885Z"}
{"context":"RouterExplorer","level":"info","message":"Mapped {/api/loans/:id/repayments, GET} route","service":"financial-platform","timestamp":"2025-12-03T14:05:14.885Z"}
{"context":"RouterExplorer","level":"info","message":"Mapped {/api/loans/:id/repayments, POST} route","service":"financial-platform","timestamp":"2025-12-03T14:05:14.885Z"}
{"context":"RouterExplorer","level":"info","message":"Mapped {/api/loans/:id/approve, PATCH} route","service":"financial-platform","timestamp":"2025-12-03T14:05:14.886Z"}
{"context":"RouterExplorer","level":"info","message":"Mapped {/api/loans/:id/reject, PATCH} route","service":"financial-platform","timestamp":"2025-12-03T14:05:14.886Z"}
{"context":"RoutesResolver","level":"info","message":"ExchangeController {/api/exchange}:","service":"financial-platform","timestamp":"2025-12-03T14:05:14.886Z"}
{"context":"RouterExplorer","level":"info","message":"Mapped {/api/exchange/convert, GET} route","service":"financial-platform","timestamp":"2025-12-03T14:05:14.887Z"}
{"context":"NestApplication","level":"info","message":"Nest application successfully started","service":"financial-platform","timestamp":"2025-12-03T14:05:14.894Z"}
{"level":"info","message":"Application is running on: https://192.168.1.199:3000 or http://localhost:3000","service":"financial-platform","timestamp":"2025-12-03T14:05:14.897Z"}
{"context":"NotificationsGateway","level":"warn","message":"Notifications WS connection rejected: jwt expired","service":"financial-platform","timestamp":"2025-12-03T14:05:16.784Z"}
{"context":"NotificationsGateway","level":"debug","message":"Client disconnected from notifications (user: unknown)","service":"financial-platform","timestamp":"2025-12-03T14:05:16.786Z"}
{"context":"RoutesResolver","level":"info","message":"AuthController {/api/auth}:","service":"financial-platform","timestamp":"2025-12-03T14:05:26.348Z"}
{"context":"RouterExplorer","level":"info","message":"Mapped {/api/auth/register, POST} route","service":"financial-platform","timestamp":"2025-12-03T14:05:26.354Z"}
{"context":"RouterExplorer","level":"info","message":"Mapped {/api/auth/login, POST} route","service":"financial-platform","timestamp":"2025-12-03T14:05:26.355Z"}
{"context":"RouterExplorer","level":"info","message":"Mapped {/api/auth/refresh, POST} route","service":"financial-platform","timestamp":"2025-12-03T14:05:26.357Z"}
{"context":"RouterExplorer","level":"info","message":"Mapped {/api/auth/logout, POST} route","service":"financial-platform","timestamp":"2025-12-03T14:05:26.358Z"}
{"context":"RouterExplorer","level":"info","message":"Mapped {/api/auth/google, GET} route","service":"financial-platform","timestamp":"2025-12-03T14:05:26.359Z"}
{"context":"RouterExplorer","level":"info","message":"Mapped {/api/auth/google/callback, GET} route","service":"financial-platform","timestamp":"2025-12-03T14:05:26.360Z"}
{"context":"RouterExplorer","level":"info","message":"Mapped {/api/auth/profile, GET} route","service":"financial-platform","timestamp":"2025-12-03T14:05:26.361Z"}
{"context":"RoutesResolver","level":"info","message":"UsersController {/api/users}:","service":"financial-platform","timestamp":"2025-12-03T14:05:26.362Z"}
{"context":"RouterExplorer","level":"info","message":"Mapped {/api/users, POST} route","service":"financial-platform","timestamp":"2025-12-03T14:05:26.363Z"}
{"context":"RouterExplorer","level":"info","message":"Mapped {/api/users, GET} route","service":"financial-platform","timestamp":"2025-12-03T14:05:26.364Z"}
{"context":"RouterExplorer","level":"info","message":"Mapped {/api/users/profile, GET} route","service":"financial-platform","timestamp":"2025-12-03T14:05:26.365Z"}
{"context":"RouterExplorer","level":"info","message":"Mapped {/api/users/:id, GET} route","service":"financial-platform","timestamp":"2025-12-03T14:05:26.366Z"}
{"context":"RouterExplorer","level":"info","message":"Mapped {/api/users/profile, PATCH} route","service":"financial-platform","timestamp":"2025-12-03T14:05:26.366Z"}
{"context":"RouterExplorer","level":"info","message":"Mapped {/api/users/:id, PATCH} route","service":"financial-platform","timestamp":"2025-12-03T14:05:26.367Z"}
{"context":"RouterExplorer","level":"info","message":"Mapped {/api/users/:id, DELETE} route","service":"financial-platform","timestamp":"2025-12-03T14:05:26.367Z"}
{"context":"RoutesResolver","level":"info","message":"AccountsController {/api/accounts}:","service":"financial-platform","timestamp":"2025-12-03T14:05:26.368Z"}
{"context":"RouterExplorer","level":"info","message":"Mapped {/api/accounts, GET} route","service":"financial-platform","timestamp":"2025-12-03T14:05:26.368Z"}
{"context":"RouterExplorer","level":"info","message":"Mapped {/api/accounts/:id, GET} route","service":"financial-platform","timestamp":"2025-12-03T14:05:26.368Z"}
{"context":"RouterExplorer","level":"info","message":"Mapped {/api/accounts/:id/balance, GET} route","service":"financial-platform","timestamp":"2025-12-03T14:05:26.369Z"}
{"context":"RouterExplorer","level":"info","message":"Mapped {/api/accounts, POST} route","service":"financial-platform","timestamp":"2025-12-03T14:05:26.369Z"}
{"context":"RouterExplorer","level":"info","message":"Mapped {/api/accounts/:id, PATCH} route","service":"financial-platform","timestamp":"2025-12-03T14:05:26.370Z"}
{"context":"RoutesResolver","level":"info","message":"TransactionsController {/api/transactions}:","service":"financial-platform","timestamp":"2025-12-03T14:05:26.370Z"}
{"context":"RouterExplorer","level":"info","message":"Mapped {/api/transactions/transfer, POST} route","service":"financial-platform","timestamp":"2025-12-03T14:05:26.371Z"}
{"context":"RouterExplorer","level":"info","message":"Mapped {/api/transactions/deposit, POST} route","service":"financial-platform","timestamp":"2025-12-03T14:05:26.372Z"}
{"context":"RouterExplorer","level":"info","message":"Mapped {/api/transactions/withdraw, POST} route","service":"financial-platform","timestamp":"2025-12-03T14:05:26.372Z"}
{"context":"RouterExplorer","level":"info","message":"Mapped {/api/transactions, GET} route","service":"financial-platform","timestamp":"2025-12-03T14:05:26.373Z"}
{"context":"RouterExplorer","level":"info","message":"Mapped {/api/transactions/pending, GET} route","service":"financial-platform","timestamp":"2025-12-03T14:05:26.374Z"}
{"context":"RouterExplorer","level":"info","message":"Mapped {/api/transactions/pending/:id, GET} route","service":"financial-platform","timestamp":"2025-12-03T14:05:26.375Z"}
{"context":"RouterExplorer","level":"info","message":"Mapped {/api/transactions/admin, POST} route","service":"financial-platform","timestamp":"2025-12-03T14:05:26.376Z"}
{"context":"RouterExplorer","level":"info","message":"Mapped {/api/transactions/:id/validate, PATCH} route","service":"financial-platform","timestamp":"2025-12-03T14:05:26.377Z"}
{"context":"RoutesResolver","level":"info","message":"KycController {/api/kyc}:","service":"financial-platform","timestamp":"2025-12-03T14:05:26.378Z"}
{"context":"RouterExplorer","level":"info","message":"Mapped {/api/kyc/documents, POST} route","service":"financial-platform","timestamp":"2025-12-03T14:05:26.378Z"}
{"context":"RouterExplorer","level":"info","message":"Mapped {/api/kyc/documents, GET} route","service":"financial-platform","timestamp":"2025-12-03T14:05:26.379Z"}
{"context":"RouterExplorer","level":"info","message":"Mapped {/api/kyc/documents/pending, GET} route","service":"financial-platform","timestamp":"2025-12-03T14:05:26.380Z"}
{"context":"RouterExplorer","level":"info","message":"Mapped {/api/kyc/documents/:id/review, PATCH} route","service":"financial-platform","timestamp":"2025-12-03T14:05:26.380Z"}
{"context":"RoutesResolver","level":"info","message":"AuditLogsController {/api/audit-logs}:","service":"financial-platform","timestamp":"2025-12-03T14:05:26.381Z"}
{"context":"RouterExplorer","level":"info","message":"Mapped {/api/audit-logs, GET} route","service":"financial-platform","timestamp":"2025-12-03T14:05:26.381Z"}
{"context":"RouterExplorer","level":"info","message":"Mapped {/api/audit-logs/me, GET} route","service":"financial-platform","timestamp":"2025-12-03T14:05:26.382Z"}
{"context":"RoutesResolver","level":"info","message":"LoansController {/api/loans}:","service":"financial-platform","timestamp":"2025-12-03T14:05:26.382Z"}
{"context":"RouterExplorer","level":"info","message":"Mapped {/api/loans, POST} route","service":"financial-platform","timestamp":"2025-12-03T14:05:26.383Z"}
{"context":"RouterExplorer","level":"info","message":"Mapped {/api/loans, GET} route","service":"financial-platform","timestamp":"2025-12-03T14:05:26.383Z"}
{"context":"RouterExplorer","level":"info","message":"Mapped {/api/loans/:id, GET} route","service":"financial-platform","timestamp":"2025-12-03T14:05:26.383Z"}
{"context":"RouterExplorer","level":"info","message":"Mapped {/api/loans/:id/repayments, GET} route","service":"financial-platform","timestamp":"2025-12-03T14:05:26.384Z"}
{"context":"RouterExplorer","level":"info","message":"Mapped {/api/loans/:id/repayments, POST} route","service":"financial-platform","timestamp":"2025-12-03T14:05:26.384Z"}
{"context":"RouterExplorer","level":"info","message":"Mapped {/api/loans/:id/approve, PATCH} route","service":"financial-platform","timestamp":"2025-12-03T14:05:26.384Z"}
{"context":"RouterExplorer","level":"info","message":"Mapped {/api/loans/:id/reject, PATCH} route","service":"financial-platform","timestamp":"2025-12-03T14:05:26.385Z"}
{"context":"RoutesResolver","level":"info","message":"ExchangeController {/api/exchange}:","service":"financial-platform","timestamp":"2025-12-03T14:05:26.385Z"}
{"context":"RouterExplorer","level":"info","message":"Mapped {/api/exchange/convert, GET} route","service":"financial-platform","timestamp":"2025-12-03T14:05:26.385Z"}
{"context":"NestApplication","level":"info","message":"Nest application successfully started","service":"financial-platform","timestamp":"2025-12-03T14:05:26.395Z"}
{"level":"info","message":"Application is running on: https://192.168.1.199:3000 or http://localhost:3000","service":"financial-platform","timestamp":"2025-12-03T14:05:26.399Z"}
{"context":"RoutesResolver","level":"info","message":"AuthController {/api/auth}:","service":"financial-platform","timestamp":"2025-12-03T14:07:20.715Z"}
{"context":"RouterExplorer","level":"info","message":"Mapped {/api/auth/register, POST} route","service":"financial-platform","timestamp":"2025-12-03T14:07:20.724Z"}
{"context":"RouterExplorer","level":"info","message":"Mapped {/api/auth/login, POST} route","service":"financial-platform","timestamp":"2025-12-03T14:07:20.726Z"}
{"context":"RouterExplorer","level":"info","message":"Mapped {/api/auth/refresh, POST} route","service":"financial-platform","timestamp":"2025-12-03T14:07:20.727Z"}
{"context":"RouterExplorer","level":"info","message":"Mapped {/api/auth/logout, POST} route","service":"financial-platform","timestamp":"2025-12-03T14:07:20.729Z"}
{"context":"RouterExplorer","level":"info","message":"Mapped {/api/auth/google, GET} route","service":"financial-platform","timestamp":"2025-12-03T14:07:20.730Z"}
{"context":"RouterExplorer","level":"info","message":"Mapped {/api/auth/google/callback, GET} route","service":"financial-platform","timestamp":"2025-12-03T14:07:20.732Z"}
{"context":"RouterExplorer","level":"info","message":"Mapped {/api/auth/profile, GET} route","service":"financial-platform","timestamp":"2025-12-03T14:07:20.735Z"}
{"context":"RoutesResolver","level":"info","message":"UsersController {/api/users}:","service":"financial-platform","timestamp":"2025-12-03T14:07:20.736Z"}
{"context":"RouterExplorer","level":"info","message":"Mapped {/api/users, POST} route","service":"financial-platform","timestamp":"2025-12-03T14:07:20.738Z"}
{"context":"RouterExplorer","level":"info","message":"Mapped {/api/users, GET} route","service":"financial-platform","timestamp":"2025-12-03T14:07:20.739Z"}
{"context":"RouterExplorer","level":"info","message":"Mapped {/api/users/profile, GET} route","service":"financial-platform","timestamp":"2025-12-03T14:07:20.742Z"}
{"context":"RouterExplorer","level":"info","message":"Mapped {/api/users/:id, GET} route","service":"financial-platform","timestamp":"2025-12-03T14:07:20.746Z"}
{"context":"RouterExplorer","level":"info","message":"Mapped {/api/users/profile, PATCH} route","service":"financial-platform","timestamp":"2025-12-03T14:07:20.747Z"}
{"context":"RouterExplorer","level":"info","message":"Mapped {/api/users/:id, PATCH} route","service":"financial-platform","timestamp":"2025-12-03T14:07:20.748Z"}
{"context":"RouterExplorer","level":"info","message":"Mapped {/api/users/:id, DELETE} route","service":"financial-platform","timestamp":"2025-12-03T14:07:20.749Z"}
{"context":"RoutesResolver","level":"info","message":"AccountsController {/api/accounts}:","service":"financial-platform","timestamp":"2025-12-03T14:07:20.754Z"}
{"context":"RouterExplorer","level":"info","message":"Mapped {/api/accounts, GET} route","service":"financial-platform","timestamp":"2025-12-03T14:07:20.755Z"}
{"context":"RouterExplorer","level":"info","message":"Mapped {/api/accounts/:id, GET} route","service":"financial-platform","timestamp":"2025-12-03T14:07:20.756Z"}
{"context":"RouterExplorer","level":"info","message":"Mapped {/api/accounts/:id/balance, GET} route","service":"financial-platform","timestamp":"2025-12-03T14:07:20.760Z"}
{"context":"RouterExplorer","level":"info","message":"Mapped {/api/accounts, POST} route","service":"financial-platform","timestamp":"2025-12-03T14:07:20.761Z"}
{"context":"RouterExplorer","level":"info","message":"Mapped {/api/accounts/:id, PATCH} route","service":"financial-platform","timestamp":"2025-12-03T14:07:20.761Z"}
{"context":"RoutesResolver","level":"info","message":"TransactionsController {/api/transactions}:","service":"financial-platform","timestamp":"2025-12-03T14:07:20.763Z"}
{"context":"RouterExplorer","level":"info","message":"Mapped {/api/transactions/transfer, POST} route","service":"financial-platform","timestamp":"2025-12-03T14:07:20.767Z"}
{"context":"RouterExplorer","level":"info","message":"Mapped {/api/transactions/deposit, POST} route","service":"financial-platform","timestamp":"2025-12-03T14:07:20.767Z"}
{"context":"RouterExplorer","level":"info","message":"Mapped {/api/transactions/withdraw, POST} route","service":"financial-platform","timestamp":"2025-12-03T14:07:20.771Z"}
{"context":"RouterExplorer","level":"info","message":"Mapped {/api/transactions, GET} route","service":"financial-platform","timestamp":"2025-12-03T14:07:20.771Z"}
{"context":"RouterExplorer","level":"info","message":"Mapped {/api/transactions/pending, GET} route","service":"financial-platform","timestamp":"2025-12-03T14:07:20.772Z"}
{"context":"RouterExplorer","level":"info","message":"Mapped {/api/transactions/pending/:id, GET} route","service":"financial-platform","timestamp":"2025-12-03T14:07:20.772Z"}
{"context":"RouterExplorer","level":"info","message":"Mapped {/api/transactions/admin, POST} route","service":"financial-platform","timestamp":"2025-12-03T14:07:20.777Z"}
{"context":"RouterExplorer","level":"info","message":"Mapped {/api/transactions/:id/validate, PATCH} route","service":"financial-platform","timestamp":"2025-12-03T14:07:20.777Z"}
{"context":"RoutesResolver","level":"info","message":"KycController {/api/kyc}:","service":"financial-platform","timestamp":"2025-12-03T14:07:20.777Z"}
{"context":"RouterExplorer","level":"info","message":"Mapped {/api/kyc/documents, POST} route","service":"financial-platform","timestamp":"2025-12-03T14:07:20.778Z"}
{"context":"RouterExplorer","level":"info","message":"Mapped {/api/kyc/documents, GET} route","service":"financial-platform","timestamp":"2025-12-03T14:07:20.779Z"}
{"context":"RouterExplorer","level":"info","message":"Mapped {/api/kyc/documents/pending, GET} route","service":"financial-platform","timestamp":"2025-12-03T14:07:20.785Z"}
{"context":"RouterExplorer","level":"info","message":"Mapped {/api/kyc/documents/:id/review, PATCH} route","service":"financial-platform","timestamp":"2025-12-03T14:07:20.786Z"}
{"context":"RoutesResolver","level":"info","message":"AuditLogsController {/api/audit-logs}:","service":"financial-platform","timestamp":"2025-12-03T14:07:20.786Z"}
{"context":"RouterExplorer","level":"info","message":"Mapped {/api/audit-logs, GET} route","service":"financial-platform","timestamp":"2025-12-03T14:07:20.787Z"}
{"context":"RouterExplorer","level":"info","message":"Mapped {/api/audit-logs/me, GET} route","service":"financial-platform","timestamp":"2025-12-03T14:07:20.787Z"}
{"context":"RoutesResolver","level":"info","message":"LoansController {/api/loans}:","service":"financial-platform","timestamp":"2025-12-03T14:07:20.788Z"}
{"context":"RouterExplorer","level":"info","message":"Mapped {/api/loans, POST} route","service":"financial-platform","timestamp":"2025-12-03T14:07:20.788Z"}
{"context":"RouterExplorer","level":"info","message":"Mapped {/api/loans, GET} route","service":"financial-platform","timestamp":"2025-12-03T14:07:20.789Z"}
{"context":"RouterExplorer","level":"info","message":"Mapped {/api/loans/:id, GET} route","service":"financial-platform","timestamp":"2025-12-03T14:07:20.789Z"}
{"context":"RouterExplorer","level":"info","message":"Mapped {/api/loans/:id/repayments, GET} route","service":"financial-platform","timestamp":"2025-12-03T14:07:20.790Z"}
{"context":"RouterExplorer","level":"info","message":"Mapped {/api/loans/:id/repayments, POST} route","service":"financial-platform","timestamp":"2025-12-03T14:07:20.790Z"}
{"context":"RouterExplorer","level":"info","message":"Mapped {/api/loans/:id/approve, PATCH} route","service":"financial-platform","timestamp":"2025-12-03T14:07:20.790Z"}
{"context":"RouterExplorer","level":"info","message":"Mapped {/api/loans/:id/reject, PATCH} route","service":"financial-platform","timestamp":"2025-12-03T14:07:20.791Z"}
{"context":"RoutesResolver","level":"info","message":"ExchangeController {/api/exchange}:","service":"financial-platform","timestamp":"2025-12-03T14:07:20.791Z"}
{"context":"RouterExplorer","level":"info","message":"Mapped {/api/exchange/convert, GET} route","service":"financial-platform","timestamp":"2025-12-03T14:07:20.792Z"}
{"context":"NestApplication","level":"info","message":"Nest application successfully started","service":"financial-platform","timestamp":"2025-12-03T14:07:20.807Z"}
{"level":"info","message":"Application is running on: https://192.168.1.199:3000 or http://localhost:3000","service":"financial-platform","timestamp":"2025-12-03T14:07:20.814Z"}
{"context":"NotificationsService","level":"info","message":"notification: {\"id\":\"a1c65a44-423b-4b95-9af3-9772db7e402a\",\"event\":\"account.created\",\"createdAt\":\"2025-12-03T14:23:19.402Z\",\"userId\":\"1863c268-cac0-44d8-97b2-f33cc7f05df6\"}","service":"financial-platform","timestamp":"2025-12-03T14:23:19.403Z"}
{"context":"EmailService","level":"info","message":"email: {\"to\":\"josuedigitalweb@gmail.com\",\"subject\":\"Votre nouveau compte est prêt\",\"text\":\"Bonjour Utilise  Yes, votre compte FR6030004000010779423749509 a bien été créé.\"}","service":"financial-platform","timestamp":"2025-12-03T14:23:19.408Z"}
{"context":"EmailService","level":"error","message":"Failed to send email to josuedigitalweb@gmail.com: Invalid login: 535 Authentication failed: The provided authorization grant is invalid, expired, or revoked","service":"financial-platform","timestamp":"2025-12-03T14:23:20.927Z"}
{"context":"EmailService","level":"info","message":"email.error: {\"to\":\"josuedigitalweb@gmail.com\",\"subject\":\"Votre nouveau compte est prêt\",\"error\":\"Invalid login: 535 Authentication failed: The provided authorization grant is invalid, expired, or revoked\"}","service":"financial-platform","timestamp":"2025-12-03T14:23:20.929Z"}
{"context":"AuthService","level":"info","message":"New user registered: josuedigitalweb@gmail.com","service":"financial-platform","timestamp":"2025-12-03T14:23:20.931Z"}
{"context":"NotificationsService","level":"info","message":"notification: {\"id\":\"55785dc4-711a-44a4-92ce-0031f02c7657\",\"event\":\"transaction.created\",\"createdAt\":\"2025-12-03T14:31:02.128Z\",\"userId\":\"1863c268-cac0-44d8-97b2-f33cc7f05df6\"}","service":"financial-platform","timestamp":"2025-12-03T14:31:02.128Z"}
{"context":"EmailService","level":"info","message":"email: {\"to\":\"josuedigitalweb@gmail.com\",\"subject\":\"Transaction en attente de validation\",\"text\":\"Bonjour Utilise  Yes, votre transaction DEPOSIT de 200,00 € est en attente de validation.\"}","service":"financial-platform","timestamp":"2025-12-03T14:31:02.130Z"}
{"context":"EmailService","level":"error","message":"Failed to send email to josuedigitalweb@gmail.com: Invalid login: 535 Authentication failed: The provided authorization grant is invalid, expired, or revoked","service":"financial-platform","timestamp":"2025-12-03T14:31:03.471Z"}
{"context":"EmailService","level":"info","message":"email.error: {\"to\":\"josuedigitalweb@gmail.com\",\"subject\":\"Transaction en attente de validation\",\"error\":\"Invalid login: 535 Authentication failed: The provided authorization grant is invalid, expired, or revoked\"}","service":"financial-platform","timestamp":"2025-12-03T14:31:03.471Z"}
{"context":"RoutesResolver","level":"info","message":"AuthController {/api/auth}:","service":"financial-platform","timestamp":"2025-12-04T14:30:47.017Z"}
{"context":"RouterExplorer","level":"info","message":"Mapped {/api/auth/register, POST} route","service":"financial-platform","timestamp":"2025-12-04T14:30:47.029Z"}
{"context":"RouterExplorer","level":"info","message":"Mapped {/api/auth/login, POST} route","service":"financial-platform","timestamp":"2025-12-04T14:30:47.030Z"}
{"context":"RouterExplorer","level":"info","message":"Mapped {/api/auth/refresh, POST} route","service":"financial-platform","timestamp":"2025-12-04T14:30:47.031Z"}
{"context":"RouterExplorer","level":"info","message":"Mapped {/api/auth/logout, POST} route","service":"financial-platform","timestamp":"2025-12-04T14:30:47.032Z"}
{"context":"RouterExplorer","level":"info","message":"Mapped {/api/auth/google, GET} route","service":"financial-platform","timestamp":"2025-12-04T14:30:47.033Z"}
{"context":"RouterExplorer","level":"info","message":"Mapped {/api/auth/google/callback, GET} route","service":"financial-platform","timestamp":"2025-12-04T14:30:47.034Z"}
{"context":"RouterExplorer","level":"info","message":"Mapped {/api/auth/profile, GET} route","service":"financial-platform","timestamp":"2025-12-04T14:30:47.035Z"}
{"context":"RoutesResolver","level":"info","message":"UsersController {/api/users}:","service":"financial-platform","timestamp":"2025-12-04T14:30:47.035Z"}
{"context":"RouterExplorer","level":"info","message":"Mapped {/api/users, POST} route","service":"financial-platform","timestamp":"2025-12-04T14:30:47.037Z"}
{"context":"RouterExplorer","level":"info","message":"Mapped {/api/users, GET} route","service":"financial-platform","timestamp":"2025-12-04T14:30:47.038Z"}
{"context":"RouterExplorer","level":"info","message":"Mapped {/api/users/profile, GET} route","service":"financial-platform","timestamp":"2025-12-04T14:30:47.038Z"}
{"context":"RouterExplorer","level":"info","message":"Mapped {/api/users/:id, GET} route","service":"financial-platform","timestamp":"2025-12-04T14:30:47.039Z"}
{"context":"RouterExplorer","level":"info","message":"Mapped {/api/users/profile, PATCH} route","service":"financial-platform","timestamp":"2025-12-04T14:30:47.040Z"}
{"context":"RouterExplorer","level":"info","message":"Mapped {/api/users/:id, PATCH} route","service":"financial-platform","timestamp":"2025-12-04T14:30:47.040Z"}
{"context":"RouterExplorer","level":"info","message":"Mapped {/api/users/:id, DELETE} route","service":"financial-platform","timestamp":"2025-12-04T14:30:47.041Z"}
{"context":"RoutesResolver","level":"info","message":"AccountsController {/api/accounts}:","service":"financial-platform","timestamp":"2025-12-04T14:30:47.041Z"}
{"context":"RouterExplorer","level":"info","message":"Mapped {/api/accounts, GET} route","service":"financial-platform","timestamp":"2025-12-04T14:30:47.042Z"}
{"context":"RouterExplorer","level":"info","message":"Mapped {/api/accounts/:id, GET} route","service":"financial-platform","timestamp":"2025-12-04T14:30:47.043Z"}
{"context":"RouterExplorer","level":"info","message":"Mapped {/api/accounts/:id/balance, GET} route","service":"financial-platform","timestamp":"2025-12-04T14:30:47.044Z"}
{"context":"RouterExplorer","level":"info","message":"Mapped {/api/accounts, POST} route","service":"financial-platform","timestamp":"2025-12-04T14:30:47.044Z"}
{"context":"RouterExplorer","level":"info","message":"Mapped {/api/accounts/:id, PATCH} route","service":"financial-platform","timestamp":"2025-12-04T14:30:47.045Z"}
{"context":"RoutesResolver","level":"info","message":"TransactionsController {/api/transactions}:","service":"financial-platform","timestamp":"2025-12-04T14:30:47.045Z"}
{"context":"RouterExplorer","level":"info","message":"Mapped {/api/transactions/transfer, POST} route","service":"financial-platform","timestamp":"2025-12-04T14:30:47.046Z"}
{"context":"RouterExplorer","level":"info","message":"Mapped {/api/transactions/deposit, POST} route","service":"financial-platform","timestamp":"2025-12-04T14:30:47.047Z"}
{"context":"RouterExplorer","level":"info","message":"Mapped {/api/transactions/withdraw, POST} route","service":"financial-platform","timestamp":"2025-12-04T14:30:47.047Z"}
{"context":"RouterExplorer","level":"info","message":"Mapped {/api/transactions, GET} route","service":"financial-platform","timestamp":"2025-12-04T14:30:47.048Z"}
{"context":"RouterExplorer","level":"info","message":"Mapped {/api/transactions/pending, GET} route","service":"financial-platform","timestamp":"2025-12-04T14:30:47.049Z"}
{"context":"RouterExplorer","level":"info","message":"Mapped {/api/transactions/pending/:id, GET} route","service":"financial-platform","timestamp":"2025-12-04T14:30:47.049Z"}
{"context":"RouterExplorer","level":"info","message":"Mapped {/api/transactions/admin, POST} route","service":"financial-platform","timestamp":"2025-12-04T14:30:47.050Z"}
{"context":"RouterExplorer","level":"info","message":"Mapped {/api/transactions/:id/validate, PATCH} route","service":"financial-platform","timestamp":"2025-12-04T14:30:47.050Z"}
{"context":"RoutesResolver","level":"info","message":"KycController {/api/kyc}:","service":"financial-platform","timestamp":"2025-12-04T14:30:47.050Z"}
{"context":"RouterExplorer","level":"info","message":"Mapped {/api/kyc/documents, POST} route","service":"financial-platform","timestamp":"2025-12-04T14:30:47.051Z"}
{"context":"RouterExplorer","level":"info","message":"Mapped {/api/kyc/documents, GET} route","service":"financial-platform","timestamp":"2025-12-04T14:30:47.051Z"}
{"context":"RouterExplorer","level":"info","message":"Mapped {/api/kyc/documents/pending, GET} route","service":"financial-platform","timestamp":"2025-12-04T14:30:47.052Z"}
{"context":"RouterExplorer","level":"info","message":"Mapped {/api/kyc/documents/:id/review, PATCH} route","service":"financial-platform","timestamp":"2025-12-04T14:30:47.053Z"}
{"context":"RoutesResolver","level":"info","message":"AuditLogsController {/api/audit-logs}:","service":"financial-platform","timestamp":"2025-12-04T14:30:47.053Z"}
{"context":"RouterExplorer","level":"info","message":"Mapped {/api/audit-logs, GET} route","service":"financial-platform","timestamp":"2025-12-04T14:30:47.054Z"}
{"context":"RouterExplorer","level":"info","message":"Mapped {/api/audit-logs/me, GET} route","service":"financial-platform","timestamp":"2025-12-04T14:30:47.054Z"}
{"context":"RoutesResolver","level":"info","message":"LoansController {/api/loans}:","service":"financial-platform","timestamp":"2025-12-04T14:30:47.055Z"}
{"context":"RouterExplorer","level":"info","message":"Mapped {/api/loans, POST} route","service":"financial-platform","timestamp":"2025-12-04T14:30:47.055Z"}
{"context":"RouterExplorer","level":"info","message":"Mapped {/api/loans, GET} route","service":"financial-platform","timestamp":"2025-12-04T14:30:47.056Z"}
{"context":"RouterExplorer","level":"info","message":"Mapped {/api/loans/:id, GET} route","service":"financial-platform","timestamp":"2025-12-04T14:30:47.056Z"}
{"context":"RouterExplorer","level":"info","message":"Mapped {/api/loans/:id/repayments, GET} route","service":"financial-platform","timestamp":"2025-12-04T14:30:47.057Z"}
{"context":"RouterExplorer","level":"info","message":"Mapped {/api/loans/:id/repayments, POST} route","service":"financial-platform","timestamp":"2025-12-04T14:30:47.057Z"}
{"context":"RouterExplorer","level":"info","message":"Mapped {/api/loans/:id/approve, PATCH} route","service":"financial-platform","timestamp":"2025-12-04T14:30:47.058Z"}
{"context":"RouterExplorer","level":"info","message":"Mapped {/api/loans/:id/reject, PATCH} route","service":"financial-platform","timestamp":"2025-12-04T14:30:47.059Z"}
{"context":"RoutesResolver","level":"info","message":"ExchangeController {/api/exchange}:","service":"financial-platform","timestamp":"2025-12-04T14:30:47.059Z"}
{"context":"RouterExplorer","level":"info","message":"Mapped {/api/exchange/convert, GET} route","service":"financial-platform","timestamp":"2025-12-04T14:30:47.059Z"}
{"context":"NestApplication","level":"info","message":"Nest application successfully started","service":"financial-platform","timestamp":"2025-12-04T14:30:47.069Z"}
{"level":"info","message":"Application is running on: https://192.168.1.199:3000 or http://localhost:3000","service":"financial-platform","timestamp":"2025-12-04T14:30:47.074Z"}
{"context":"NotificationsService","level":"info","message":"notification: {\"id\":\"de24b01d-a301-4224-b234-7a3eaf8e89db\",\"event\":\"kyc.status.changed\",\"createdAt\":\"2025-12-04T14:39:27.509Z\",\"userId\":\"1863c268-cac0-44d8-97b2-f33cc7f05df6\"}","service":"financial-platform","timestamp":"2025-12-04T14:39:27.510Z"}
{"context":"EmailService","level":"info","message":"email: {\"to\":\"josuedigitalweb@gmail.com\",\"subject\":\"Mise à jour de votre statut KYC\",\"text\":\"Votre statut KYC est passé de PENDING à SUBMITTED.\"}","service":"financial-platform","timestamp":"2025-12-04T14:39:27.515Z"}
{"context":"EmailService","level":"error","message":"Failed to send email to josuedigitalweb@gmail.com: Invalid login: 535 Authentication failed: The provided authorization grant is invalid, expired, or revoked","service":"financial-platform","timestamp":"2025-12-04T14:39:29.192Z"}
{"context":"EmailService","level":"info","message":"email.error: {\"to\":\"josuedigitalweb@gmail.com\",\"subject\":\"Mise à jour de votre statut KYC\",\"error\":\"Invalid login: 535 Authentication failed: The provided authorization grant is invalid, expired, or revoked\"}","service":"financial-platform","timestamp":"2025-12-04T14:39:29.194Z"}
{"context":"NotificationsGateway","level":"debug","message":"Client connected to notifications (user: b4868eb2-15d9-4c0e-aa30-af039df5dd82)","service":"financial-platform","timestamp":"2025-12-04T14:44:00.846Z"}
{"context":"NotificationsGateway","level":"debug","message":"Client disconnected from notifications (user: b4868eb2-15d9-4c0e-aa30-af039df5dd82)","service":"financial-platform","timestamp":"2025-12-04T14:49:03.723Z"}
{"context":"NotificationsGateway","level":"debug","message":"Client connected to notifications (user: beed9b48-a04d-421f-bcb0-878dd5e4eda9)","service":"financial-platform","timestamp":"2025-12-04T14:49:14.317Z"}
{"context":"NotificationsGateway","level":"debug","message":"Client disconnected from notifications (user: beed9b48-a04d-421f-bcb0-878dd5e4eda9)","service":"financial-platform","timestamp":"2025-12-04T15:02:47.809Z"}
{"context":"NotificationsGateway","level":"debug","message":"Client connected to notifications (user: beed9b48-a04d-421f-bcb0-878dd5e4eda9)","service":"financial-platform","timestamp":"2025-12-04T15:02:52.949Z"}
{"context":"NotificationsGateway","level":"debug","message":"Client disconnected from notifications (user: beed9b48-a04d-421f-bcb0-878dd5e4eda9)","service":"financial-platform","timestamp":"2025-12-04T18:53:00.839Z"}
{"context":"RoutesResolver","level":"info","message":"AuthController {/api/auth}:","service":"financial-platform","timestamp":"2025-12-04T20:11:43.424Z"}
{"context":"RouterExplorer","level":"info","message":"Mapped {/api/auth/register, POST} route","service":"financial-platform","timestamp":"2025-12-04T20:11:43.439Z"}
{"context":"RouterExplorer","level":"info","message":"Mapped {/api/auth/login, POST} route","service":"financial-platform","timestamp":"2025-12-04T20:11:43.442Z"}
{"context":"RouterExplorer","level":"info","message":"Mapped {/api/auth/refresh, POST} route","service":"financial-platform","timestamp":"2025-12-04T20:11:43.446Z"}
{"context":"RouterExplorer","level":"info","message":"Mapped {/api/auth/logout, POST} route","service":"financial-platform","timestamp":"2025-12-04T20:11:43.447Z"}
{"context":"RouterExplorer","level":"info","message":"Mapped {/api/auth/google, GET} route","service":"financial-platform","timestamp":"2025-12-04T20:11:43.449Z"}
{"context":"RouterExplorer","level":"info","message":"Mapped {/api/auth/google/callback, GET} route","service":"financial-platform","timestamp":"2025-12-04T20:11:43.451Z"}
{"context":"RouterExplorer","level":"info","message":"Mapped {/api/auth/profile, GET} route","service":"financial-platform","timestamp":"2025-12-04T20:11:43.452Z"}
{"context":"RoutesResolver","level":"info","message":"UsersController {/api/users}:","service":"financial-platform","timestamp":"2025-12-04T20:11:43.452Z"}
{"context":"RouterExplorer","level":"info","message":"Mapped {/api/users, POST} route","service":"financial-platform","timestamp":"2025-12-04T20:11:43.454Z"}
{"context":"RouterExplorer","level":"info","message":"Mapped {/api/users, GET} route","service":"financial-platform","timestamp":"2025-12-04T20:11:43.455Z"}
{"context":"RouterExplorer","level":"info","message":"Mapped {/api/users/profile, GET} route","service":"financial-platform","timestamp":"2025-12-04T20:11:43.457Z"}
{"context":"RouterExplorer","level":"info","message":"Mapped {/api/users/:id, GET} route","service":"financial-platform","timestamp":"2025-12-04T20:11:43.458Z"}
{"context":"RouterExplorer","level":"info","message":"Mapped {/api/users/profile, PATCH} route","service":"financial-platform","timestamp":"2025-12-04T20:11:43.459Z"}
{"context":"RouterExplorer","level":"info","message":"Mapped {/api/users/:id, PATCH} route","service":"financial-platform","timestamp":"2025-12-04T20:11:43.459Z"}
{"context":"RouterExplorer","level":"info","message":"Mapped {/api/users/:id, DELETE} route","service":"financial-platform","timestamp":"2025-12-04T20:11:43.460Z"}
{"context":"RoutesResolver","level":"info","message":"AccountsController {/api/accounts}:","service":"financial-platform","timestamp":"2025-12-04T20:11:43.461Z"}
{"context":"RouterExplorer","level":"info","message":"Mapped {/api/accounts, GET} route","service":"financial-platform","timestamp":"2025-12-04T20:11:43.461Z"}
{"context":"RouterExplorer","level":"info","message":"Mapped {/api/accounts/:id, GET} route","service":"financial-platform","timestamp":"2025-12-04T20:11:43.462Z"}
{"context":"RouterExplorer","level":"info","message":"Mapped {/api/accounts/:id/balance, GET} route","service":"financial-platform","timestamp":"2025-12-04T20:11:43.463Z"}
{"context":"RouterExplorer","level":"info","message":"Mapped {/api/accounts, POST} route","service":"financial-platform","timestamp":"2025-12-04T20:11:43.463Z"}
{"context":"RouterExplorer","level":"info","message":"Mapped {/api/accounts/:id, PATCH} route","service":"financial-platform","timestamp":"2025-12-04T20:11:43.464Z"}
{"context":"RoutesResolver","level":"info","message":"TransactionsController {/api/transactions}:","service":"financial-platform","timestamp":"2025-12-04T20:11:43.465Z"}
{"context":"RouterExplorer","level":"info","message":"Mapped {/api/transactions/transfer, POST} route","service":"financial-platform","timestamp":"2025-12-04T20:11:43.465Z"}
{"context":"RouterExplorer","level":"info","message":"Mapped {/api/transactions/deposit, POST} route","service":"financial-platform","timestamp":"2025-12-04T20:11:43.466Z"}
{"context":"RouterExplorer","level":"info","message":"Mapped {/api/transactions/withdraw, POST} route","service":"financial-platform","timestamp":"2025-12-04T20:11:43.467Z"}
{"context":"RouterExplorer","level":"info","message":"Mapped {/api/transactions, GET} route","service":"financial-platform","timestamp":"2025-12-04T20:11:43.467Z"}
{"context":"RouterExplorer","level":"info","message":"Mapped {/api/transactions/pending, GET} route","service":"financial-platform","timestamp":"2025-12-04T20:11:43.467Z"}
{"context":"RouterExplorer","level":"info","message":"Mapped {/api/transactions/pending/:id, GET} route","service":"financial-platform","timestamp":"2025-12-04T20:11:43.468Z"}
{"context":"RouterExplorer","level":"info","message":"Mapped {/api/transactions/admin, POST} route","service":"financial-platform","timestamp":"2025-12-04T20:11:43.469Z"}
{"context":"RouterExplorer","level":"info","message":"Mapped {/api/transactions/:id/validate, PATCH} route","service":"financial-platform","timestamp":"2025-12-04T20:11:43.469Z"}
{"context":"RoutesResolver","level":"info","message":"KycController {/api/kyc}:","service":"financial-platform","timestamp":"2025-12-04T20:11:43.469Z"}
{"context":"RouterExplorer","level":"info","message":"Mapped {/api/kyc/documents, POST} route","service":"financial-platform","timestamp":"2025-12-04T20:11:43.470Z"}
{"context":"RouterExplorer","level":"info","message":"Mapped {/api/kyc/documents, GET} route","service":"financial-platform","timestamp":"2025-12-04T20:11:43.471Z"}
{"context":"RouterExplorer","level":"info","message":"Mapped {/api/kyc/documents/pending, GET} route","service":"financial-platform","timestamp":"2025-12-04T20:11:43.472Z"}
{"context":"RouterExplorer","level":"info","message":"Mapped {/api/kyc/documents/:id/review, PATCH} route","service":"financial-platform","timestamp":"2025-12-04T20:11:43.473Z"}
{"context":"RoutesResolver","level":"info","message":"AuditLogsController {/api/audit-logs}:","service":"financial-platform","timestamp":"2025-12-04T20:11:43.473Z"}
{"context":"RouterExplorer","level":"info","message":"Mapped {/api/audit-logs, GET} route","service":"financial-platform","timestamp":"2025-12-04T20:11:43.474Z"}
{"context":"RouterExplorer","level":"info","message":"Mapped {/api/audit-logs/me, GET} route","service":"financial-platform","timestamp":"2025-12-04T20:11:43.474Z"}
{"context":"RoutesResolver","level":"info","message":"LoansController {/api/loans}:","service":"financial-platform","timestamp":"2025-12-04T20:11:43.475Z"}
{"context":"RouterExplorer","level":"info","message":"Mapped {/api/loans, POST} route","service":"financial-platform","timestamp":"2025-12-04T20:11:43.475Z"}
{"context":"RouterExplorer","level":"info","message":"Mapped {/api/loans, GET} route","service":"financial-platform","timestamp":"2025-12-04T20:11:43.476Z"}
{"context":"RouterExplorer","level":"info","message":"Mapped {/api/loans/:id, GET} route","service":"financial-platform","timestamp":"2025-12-04T20:11:43.477Z"}
{"context":"RouterExplorer","level":"info","message":"Mapped {/api/loans/:id/repayments, GET} route","service":"financial-platform","timestamp":"2025-12-04T20:11:43.477Z"}
{"context":"RouterExplorer","level":"info","message":"Mapped {/api/loans/:id/repayments, POST} route","service":"financial-platform","timestamp":"2025-12-04T20:11:43.478Z"}
{"context":"RouterExplorer","level":"info","message":"Mapped {/api/loans/:id/approve, PATCH} route","service":"financial-platform","timestamp":"2025-12-04T20:11:43.478Z"}
{"context":"RouterExplorer","level":"info","message":"Mapped {/api/loans/:id/reject, PATCH} route","service":"financial-platform","timestamp":"2025-12-04T20:11:43.479Z"}
{"context":"RoutesResolver","level":"info","message":"ExchangeController {/api/exchange}:","service":"financial-platform","timestamp":"2025-12-04T20:11:43.479Z"}
{"context":"RouterExplorer","level":"info","message":"Mapped {/api/exchange/convert, GET} route","service":"financial-platform","timestamp":"2025-12-04T20:11:43.479Z"}
{"context":"NestApplication","level":"info","message":"Nest application successfully started","service":"financial-platform","timestamp":"2025-12-04T20:11:43.489Z"}
{"level":"info","message":"Application is running on: https://192.168.1.199:3000 or http://localhost:3000","service":"financial-platform","timestamp":"2025-12-04T20:11:43.495Z"}
{"context":"RoutesResolver","level":"info","message":"AuthController {/api/auth}:","service":"financial-platform","timestamp":"2025-12-04T20:12:04.505Z"}
{"context":"RouterExplorer","level":"info","message":"Mapped {/api/auth/register, POST} route","service":"financial-platform","timestamp":"2025-12-04T20:12:04.519Z"}
{"context":"RouterExplorer","level":"info","message":"Mapped {/api/auth/login, POST} route","service":"financial-platform","timestamp":"2025-12-04T20:12:04.520Z"}
{"context":"RouterExplorer","level":"info","message":"Mapped {/api/auth/refresh, POST} route","service":"financial-platform","timestamp":"2025-12-04T20:12:04.529Z"}
{"context":"RouterExplorer","level":"info","message":"Mapped {/api/auth/logout, POST} route","service":"financial-platform","timestamp":"2025-12-04T20:12:04.532Z"}
{"context":"RouterExplorer","level":"info","message":"Mapped {/api/auth/google, GET} route","service":"financial-platform","timestamp":"2025-12-04T20:12:04.540Z"}
{"context":"RouterExplorer","level":"info","message":"Mapped {/api/auth/google/callback, GET} route","service":"financial-platform","timestamp":"2025-12-04T20:12:04.544Z"}
{"context":"RouterExplorer","level":"info","message":"Mapped {/api/auth/profile, GET} route","service":"financial-platform","timestamp":"2025-12-04T20:12:04.548Z"}
{"context":"RoutesResolver","level":"info","message":"UsersController {/api/users}:","service":"financial-platform","timestamp":"2025-12-04T20:12:04.552Z"}
{"context":"RouterExplorer","level":"info","message":"Mapped {/api/users, POST} route","service":"financial-platform","timestamp":"2025-12-04T20:12:04.557Z"}
{"context":"RouterExplorer","level":"info","message":"Mapped {/api/users, GET} route","service":"financial-platform","timestamp":"2025-12-04T20:12:04.562Z"}
{"context":"RouterExplorer","level":"info","message":"Mapped {/api/users/profile, GET} route","service":"financial-platform","timestamp":"2025-12-04T20:12:04.562Z"}
{"context":"RouterExplorer","level":"info","message":"Mapped {/api/users/:id, GET} route","service":"financial-platform","timestamp":"2025-12-04T20:12:04.564Z"}
{"context":"RouterExplorer","level":"info","message":"Mapped {/api/users/profile, PATCH} route","service":"financial-platform","timestamp":"2025-12-04T20:12:04.568Z"}
{"context":"RouterExplorer","level":"info","message":"Mapped {/api/users/:id, PATCH} route","service":"financial-platform","timestamp":"2025-12-04T20:12:04.569Z"}
{"context":"RouterExplorer","level":"info","message":"Mapped {/api/users/:id, DELETE} route","service":"financial-platform","timestamp":"2025-12-04T20:12:04.574Z"}
{"context":"RoutesResolver","level":"info","message":"AccountsController {/api/accounts}:","service":"financial-platform","timestamp":"2025-12-04T20:12:04.577Z"}
{"context":"RouterExplorer","level":"info","message":"Mapped {/api/accounts, GET} route","service":"financial-platform","timestamp":"2025-12-04T20:12:04.578Z"}
{"context":"RouterExplorer","level":"info","message":"Mapped {/api/accounts/:id, GET} route","service":"financial-platform","timestamp":"2025-12-04T20:12:04.579Z"}
{"context":"RouterExplorer","level":"info","message":"Mapped {/api/accounts/:id/balance, GET} route","service":"financial-platform","timestamp":"2025-12-04T20:12:04.580Z"}
{"context":"RouterExplorer","level":"info","message":"Mapped {/api/accounts, POST} route","service":"financial-platform","timestamp":"2025-12-04T20:12:04.580Z"}
{"context":"RouterExplorer","level":"info","message":"Mapped {/api/accounts/:id, PATCH} route","service":"financial-platform","timestamp":"2025-12-04T20:12:04.581Z"}
{"context":"RoutesResolver","level":"info","message":"TransactionsController {/api/transactions}:","service":"financial-platform","timestamp":"2025-12-04T20:12:04.585Z"}
{"context":"RouterExplorer","level":"info","message":"Mapped {/api/transactions/transfer, POST} route","service":"financial-platform","timestamp":"2025-12-04T20:12:04.586Z"}
{"context":"RouterExplorer","level":"info","message":"Mapped {/api/transactions/deposit, POST} route","service":"financial-platform","timestamp":"2025-12-04T20:12:04.589Z"}
{"context":"RouterExplorer","level":"info","message":"Mapped {/api/transactions/withdraw, POST} route","service":"financial-platform","timestamp":"2025-12-04T20:12:04.590Z"}
{"context":"RouterExplorer","level":"info","message":"Mapped {/api/transactions, GET} route","service":"financial-platform","timestamp":"2025-12-04T20:12:04.591Z"}
{"context":"RouterExplorer","level":"info","message":"Mapped {/api/transactions/pending, GET} route","service":"financial-platform","timestamp":"2025-12-04T20:12:04.593Z"}
{"context":"RouterExplorer","level":"info","message":"Mapped {/api/transactions/pending/:id, GET} route","service":"financial-platform","timestamp":"2025-12-04T20:12:04.594Z"}
{"context":"RouterExplorer","level":"info","message":"Mapped {/api/transactions/admin, POST} route","service":"financial-platform","timestamp":"2025-12-04T20:12:04.599Z"}
{"context":"RouterExplorer","level":"info","message":"Mapped {/api/transactions/:id/validate, PATCH} route","service":"financial-platform","timestamp":"2025-12-04T20:12:04.600Z"}
{"context":"RoutesResolver","level":"info","message":"KycController {/api/kyc}:","service":"financial-platform","timestamp":"2025-12-04T20:12:04.601Z"}
{"context":"RouterExplorer","level":"info","message":"Mapped {/api/kyc/documents, POST} route","service":"financial-platform","timestamp":"2025-12-04T20:12:04.607Z"}
{"context":"RouterExplorer","level":"info","message":"Mapped {/api/kyc/documents, GET} route","service":"financial-platform","timestamp":"2025-12-04T20:12:04.607Z"}
{"context":"RouterExplorer","level":"info","message":"Mapped {/api/kyc/documents/pending, GET} route","service":"financial-platform","timestamp":"2025-12-04T20:12:04.608Z"}
{"context":"RouterExplorer","level":"info","message":"Mapped {/api/kyc/documents/:id/review, PATCH} route","service":"financial-platform","timestamp":"2025-12-04T20:12:04.609Z"}
{"context":"RoutesResolver","level":"info","message":"AuditLogsController {/api/audit-logs}:","service":"financial-platform","timestamp":"2025-12-04T20:12:04.613Z"}
{"context":"RouterExplorer","level":"info","message":"Mapped {/api/audit-logs, GET} route","service":"financial-platform","timestamp":"2025-12-04T20:12:04.613Z"}
{"context":"RouterExplorer","level":"info","message":"Mapped {/api/audit-logs/me, GET} route","service":"financial-platform","timestamp":"2025-12-04T20:12:04.616Z"}
{"context":"RoutesResolver","level":"info","message":"LoansController {/api/loans}:","service":"financial-platform","timestamp":"2025-12-04T20:12:04.622Z"}
{"context":"RouterExplorer","level":"info","message":"Mapped {/api/loans, POST} route","service":"financial-platform","timestamp":"2025-12-04T20:12:04.623Z"}
{"context":"RouterExplorer","level":"info","message":"Mapped {/api/loans, GET} route","service":"financial-platform","timestamp":"2025-12-04T20:12:04.624Z"}
{"context":"RouterExplorer","level":"info","message":"Mapped {/api/loans/:id, GET} route","service":"financial-platform","timestamp":"2025-12-04T20:12:04.625Z"}
{"context":"RouterExplorer","level":"info","message":"Mapped {/api/loans/:id/repayments, GET} route","service":"financial-platform","timestamp":"2025-12-04T20:12:04.630Z"}
{"context":"RouterExplorer","level":"info","message":"Mapped {/api/loans/:id/repayments, POST} route","service":"financial-platform","timestamp":"2025-12-04T20:12:04.631Z"}
{"context":"RouterExplorer","level":"info","message":"Mapped {/api/loans/:id/approve, PATCH} route","service":"financial-platform","timestamp":"2025-12-04T20:12:04.635Z"}
{"context":"RouterExplorer","level":"info","message":"Mapped {/api/loans/:id/reject, PATCH} route","service":"financial-platform","timestamp":"2025-12-04T20:12:04.636Z"}
{"context":"RoutesResolver","level":"info","message":"ExchangeController {/api/exchange}:","service":"financial-platform","timestamp":"2025-12-04T20:12:04.636Z"}
{"context":"RouterExplorer","level":"info","message":"Mapped {/api/exchange/convert, GET} route","service":"financial-platform","timestamp":"2025-12-04T20:12:04.637Z"}
{"context":"NestApplication","level":"info","message":"Nest application successfully started","service":"financial-platform","timestamp":"2025-12-04T20:12:04.666Z"}
{"level":"info","message":"Application is running on: https://192.168.1.199:3000 or http://localhost:3000","service":"financial-platform","timestamp":"2025-12-04T20:12:04.673Z"}
{"context":"RoutesResolver","level":"info","message":"AuthController {/api/auth}:","service":"financial-platform","timestamp":"2025-12-04T20:12:07.780Z"}
{"context":"RouterExplorer","level":"info","message":"Mapped {/api/auth/register, POST} route","service":"financial-platform","timestamp":"2025-12-04T20:12:07.788Z"}
{"context":"RouterExplorer","level":"info","message":"Mapped {/api/auth/login, POST} route","service":"financial-platform","timestamp":"2025-12-04T20:12:07.790Z"}
{"context":"RouterExplorer","level":"info","message":"Mapped {/api/auth/refresh, POST} route","service":"financial-platform","timestamp":"2025-12-04T20:12:07.791Z"}
{"context":"RouterExplorer","level":"info","message":"Mapped {/api/auth/logout, POST} route","service":"financial-platform","timestamp":"2025-12-04T20:12:07.792Z"}
{"context":"RouterExplorer","level":"info","message":"Mapped {/api/auth/google, GET} route","service":"financial-platform","timestamp":"2025-12-04T20:12:07.793Z"}
{"context":"RouterExplorer","level":"info","message":"Mapped {/api/auth/google/callback, GET} route","service":"financial-platform","timestamp":"2025-12-04T20:12:07.793Z"}
{"context":"RouterExplorer","level":"info","message":"Mapped {/api/auth/profile, GET} route","service":"financial-platform","timestamp":"2025-12-04T20:12:07.794Z"}
{"context":"RoutesResolver","level":"info","message":"UsersController {/api/users}:","service":"financial-platform","timestamp":"2025-12-04T20:12:07.795Z"}
{"context":"RouterExplorer","level":"info","message":"Mapped {/api/users, POST} route","service":"financial-platform","timestamp":"2025-12-04T20:12:07.797Z"}
{"context":"RouterExplorer","level":"info","message":"Mapped {/api/users, GET} route","service":"financial-platform","timestamp":"2025-12-04T20:12:07.798Z"}
{"context":"RouterExplorer","level":"info","message":"Mapped {/api/users/profile, GET} route","service":"financial-platform","timestamp":"2025-12-04T20:12:07.799Z"}
{"context":"RouterExplorer","level":"info","message":"Mapped {/api/users/:id, GET} route","service":"financial-platform","timestamp":"2025-12-04T20:12:07.799Z"}
{"context":"RouterExplorer","level":"info","message":"Mapped {/api/users/profile, PATCH} route","service":"financial-platform","timestamp":"2025-12-04T20:12:07.800Z"}
{"context":"RouterExplorer","level":"info","message":"Mapped {/api/users/:id, PATCH} route","service":"financial-platform","timestamp":"2025-12-04T20:12:07.801Z"}
{"context":"RouterExplorer","level":"info","message":"Mapped {/api/users/:id, DELETE} route","service":"financial-platform","timestamp":"2025-12-04T20:12:07.801Z"}
{"context":"RoutesResolver","level":"info","message":"AccountsController {/api/accounts}:","service":"financial-platform","timestamp":"2025-12-04T20:12:07.802Z"}
{"context":"RouterExplorer","level":"info","message":"Mapped {/api/accounts, GET} route","service":"financial-platform","timestamp":"2025-12-04T20:12:07.803Z"}
{"context":"RouterExplorer","level":"info","message":"Mapped {/api/accounts/:id, GET} route","service":"financial-platform","timestamp":"2025-12-04T20:12:07.804Z"}
{"context":"RouterExplorer","level":"info","message":"Mapped {/api/accounts/:id/balance, GET} route","service":"financial-platform","timestamp":"2025-12-04T20:12:07.804Z"}
{"context":"RouterExplorer","level":"info","message":"Mapped {/api/accounts, POST} route","service":"financial-platform","timestamp":"2025-12-04T20:12:07.805Z"}
{"context":"RouterExplorer","level":"info","message":"Mapped {/api/accounts/:id, PATCH} route","service":"financial-platform","timestamp":"2025-12-04T20:12:07.806Z"}
{"context":"RoutesResolver","level":"info","message":"TransactionsController {/api/transactions}:","service":"financial-platform","timestamp":"2025-12-04T20:12:07.806Z"}
{"context":"RouterExplorer","level":"info","message":"Mapped {/api/transactions/transfer, POST} route","service":"financial-platform","timestamp":"2025-12-04T20:12:07.807Z"}
{"context":"RouterExplorer","level":"info","message":"Mapped {/api/transactions/deposit, POST} route","service":"financial-platform","timestamp":"2025-12-04T20:12:07.808Z"}
{"context":"RouterExplorer","level":"info","message":"Mapped {/api/transactions/withdraw, POST} route","service":"financial-platform","timestamp":"2025-12-04T20:12:07.808Z"}
{"context":"RouterExplorer","level":"info","message":"Mapped {/api/transactions, GET} route","service":"financial-platform","timestamp":"2025-12-04T20:12:07.809Z"}
{"context":"RouterExplorer","level":"info","message":"Mapped {/api/transactions/pending, GET} route","service":"financial-platform","timestamp":"2025-12-04T20:12:07.809Z"}
{"context":"RouterExplorer","level":"info","message":"Mapped {/api/transactions/pending/:id, GET} route","service":"financial-platform","timestamp":"2025-12-04T20:12:07.810Z"}
{"context":"RouterExplorer","level":"info","message":"Mapped {/api/transactions/admin, POST} route","service":"financial-platform","timestamp":"2025-12-04T20:12:07.810Z"}
{"context":"RouterExplorer","level":"info","message":"Mapped {/api/transactions/:id/validate, PATCH} route","service":"financial-platform","timestamp":"2025-12-04T20:12:07.811Z"}
{"context":"RoutesResolver","level":"info","message":"KycController {/api/kyc}:","service":"financial-platform","timestamp":"2025-12-04T20:12:07.811Z"}
{"context":"RouterExplorer","level":"info","message":"Mapped {/api/kyc/documents, POST} route","service":"financial-platform","timestamp":"2025-12-04T20:12:07.812Z"}
{"context":"RouterExplorer","level":"info","message":"Mapped {/api/kyc/documents, GET} route","service":"financial-platform","timestamp":"2025-12-04T20:12:07.812Z"}
{"context":"RouterExplorer","level":"info","message":"Mapped {/api/kyc/documents/pending, GET} route","service":"financial-platform","timestamp":"2025-12-04T20:12:07.812Z"}
{"context":"RouterExplorer","level":"info","message":"Mapped {/api/kyc/documents/:id/review, PATCH} route","service":"financial-platform","timestamp":"2025-12-04T20:12:07.813Z"}
{"context":"RoutesResolver","level":"info","message":"AuditLogsController {/api/audit-logs}:","service":"financial-platform","timestamp":"2025-12-04T20:12:07.813Z"}
{"context":"RouterExplorer","level":"info","message":"Mapped {/api/audit-logs, GET} route","service":"financial-platform","timestamp":"2025-12-04T20:12:07.814Z"}
{"context":"RouterExplorer","level":"info","message":"Mapped {/api/audit-logs/me, GET} route","service":"financial-platform","timestamp":"2025-12-04T20:12:07.814Z"}
{"context":"RoutesResolver","level":"info","message":"LoansController {/api/loans}:","service":"financial-platform","timestamp":"2025-12-04T20:12:07.814Z"}
{"context":"RouterExplorer","level":"info","message":"Mapped {/api/loans, POST} route","service":"financial-platform","timestamp":"2025-12-04T20:12:07.815Z"}
{"context":"RouterExplorer","level":"info","message":"Mapped {/api/loans, GET} route","service":"financial-platform","timestamp":"2025-12-04T20:12:07.815Z"}
{"context":"RouterExplorer","level":"info","message":"Mapped {/api/loans/:id, GET} route","service":"financial-platform","timestamp":"2025-12-04T20:12:07.815Z"}
{"context":"RouterExplorer","level":"info","message":"Mapped {/api/loans/:id/repayments, GET} route","service":"financial-platform","timestamp":"2025-12-04T20:12:07.816Z"}
{"context":"RouterExplorer","level":"info","message":"Mapped {/api/loans/:id/repayments, POST} route","service":"financial-platform","timestamp":"2025-12-04T20:12:07.816Z"}
{"context":"RouterExplorer","level":"info","message":"Mapped {/api/loans/:id/approve, PATCH} route","service":"financial-platform","timestamp":"2025-12-04T20:12:07.817Z"}
{"context":"RouterExplorer","level":"info","message":"Mapped {/api/loans/:id/reject, PATCH} route","service":"financial-platform","timestamp":"2025-12-04T20:12:07.817Z"}
{"context":"RoutesResolver","level":"info","message":"ExchangeController {/api/exchange}:","service":"financial-platform","timestamp":"2025-12-04T20:12:07.818Z"}
{"context":"RouterExplorer","level":"info","message":"Mapped {/api/exchange/convert, GET} route","service":"financial-platform","timestamp":"2025-12-04T20:12:07.818Z"}
{"context":"NestApplication","level":"info","message":"Nest application successfully started","service":"financial-platform","timestamp":"2025-12-04T20:12:07.828Z"}
{"level":"info","message":"Application is running on: https://192.168.1.199:3000 or http://localhost:3000","service":"financial-platform","timestamp":"2025-12-04T20:12:07.833Z"}
{"context":"RoutesResolver","level":"info","message":"AuthController {/api/auth}:","service":"financial-platform","timestamp":"2025-12-05T13:52:53.551Z"}
{"context":"RouterExplorer","level":"info","message":"Mapped {/api/auth/register, POST} route","service":"financial-platform","timestamp":"2025-12-05T13:52:53.560Z"}
{"context":"RouterExplorer","level":"info","message":"Mapped {/api/auth/login, POST} route","service":"financial-platform","timestamp":"2025-12-05T13:52:53.562Z"}
{"context":"RouterExplorer","level":"info","message":"Mapped {/api/auth/refresh, POST} route","service":"financial-platform","timestamp":"2025-12-05T13:52:53.563Z"}
{"context":"RouterExplorer","level":"info","message":"Mapped {/api/auth/logout, POST} route","service":"financial-platform","timestamp":"2025-12-05T13:52:53.564Z"}
{"context":"RouterExplorer","level":"info","message":"Mapped {/api/auth/google, GET} route","service":"financial-platform","timestamp":"2025-12-05T13:52:53.565Z"}
{"context":"RouterExplorer","level":"info","message":"Mapped {/api/auth/google/callback, GET} route","service":"financial-platform","timestamp":"2025-12-05T13:52:53.566Z"}
{"context":"RouterExplorer","level":"info","message":"Mapped {/api/auth/profile, GET} route","service":"financial-platform","timestamp":"2025-12-05T13:52:53.566Z"}
{"context":"RoutesResolver","level":"info","message":"UsersController {/api/users}:","service":"financial-platform","timestamp":"2025-12-05T13:52:53.567Z"}
{"context":"RouterExplorer","level":"info","message":"Mapped {/api/users, POST} route","service":"financial-platform","timestamp":"2025-12-05T13:52:53.568Z"}
{"context":"RouterExplorer","level":"info","message":"Mapped {/api/users, GET} route","service":"financial-platform","timestamp":"2025-12-05T13:52:53.570Z"}
{"context":"RouterExplorer","level":"info","message":"Mapped {/api/users/profile, GET} route","service":"financial-platform","timestamp":"2025-12-05T13:52:53.571Z"}
{"context":"RouterExplorer","level":"info","message":"Mapped {/api/users/:id, GET} route","service":"financial-platform","timestamp":"2025-12-05T13:52:53.572Z"}
{"context":"RouterExplorer","level":"info","message":"Mapped {/api/users/profile, PATCH} route","service":"financial-platform","timestamp":"2025-12-05T13:52:53.573Z"}
{"context":"RouterExplorer","level":"info","message":"Mapped {/api/users/:id, PATCH} route","service":"financial-platform","timestamp":"2025-12-05T13:52:53.573Z"}
{"context":"RouterExplorer","level":"info","message":"Mapped {/api/users/:id, DELETE} route","service":"financial-platform","timestamp":"2025-12-05T13:52:53.574Z"}
{"context":"RoutesResolver","level":"info","message":"AccountsController {/api/accounts}:","service":"financial-platform","timestamp":"2025-12-05T13:52:53.575Z"}
{"context":"RouterExplorer","level":"info","message":"Mapped {/api/accounts, GET} route","service":"financial-platform","timestamp":"2025-12-05T13:52:53.575Z"}
{"context":"RouterExplorer","level":"info","message":"Mapped {/api/accounts/:id, GET} route","service":"financial-platform","timestamp":"2025-12-05T13:52:53.576Z"}
{"context":"RouterExplorer","level":"info","message":"Mapped {/api/accounts/:id/balance, GET} route","service":"financial-platform","timestamp":"2025-12-05T13:52:53.576Z"}
{"context":"RouterExplorer","level":"info","message":"Mapped {/api/accounts, POST} route","service":"financial-platform","timestamp":"2025-12-05T13:52:53.577Z"}
{"context":"RouterExplorer","level":"info","message":"Mapped {/api/accounts/:id, PATCH} route","service":"financial-platform","timestamp":"2025-12-05T13:52:53.577Z"}
{"context":"RoutesResolver","level":"info","message":"TransactionsController {/api/transactions}:","service":"financial-platform","timestamp":"2025-12-05T13:52:53.578Z"}
{"context":"RouterExplorer","level":"info","message":"Mapped {/api/transactions/transfer, POST} route","service":"financial-platform","timestamp":"2025-12-05T13:52:53.578Z"}
{"context":"RouterExplorer","level":"info","message":"Mapped {/api/transactions/deposit, POST} route","service":"financial-platform","timestamp":"2025-12-05T13:52:53.579Z"}
{"context":"RouterExplorer","level":"info","message":"Mapped {/api/transactions/withdraw, POST} route","service":"financial-platform","timestamp":"2025-12-05T13:52:53.579Z"}
{"context":"RouterExplorer","level":"info","message":"Mapped {/api/transactions, GET} route","service":"financial-platform","timestamp":"2025-12-05T13:52:53.580Z"}
{"context":"RouterExplorer","level":"info","message":"Mapped {/api/transactions/pending, GET} route","service":"financial-platform","timestamp":"2025-12-05T13:52:53.580Z"}
{"context":"RouterExplorer","level":"info","message":"Mapped {/api/transactions/pending/:id, GET} route","service":"financial-platform","timestamp":"2025-12-05T13:52:53.580Z"}
{"context":"RouterExplorer","level":"info","message":"Mapped {/api/transactions/admin, POST} route","service":"financial-platform","timestamp":"2025-12-05T13:52:53.581Z"}
{"context":"RouterExplorer","level":"info","message":"Mapped {/api/transactions/:id/validate, PATCH} route","service":"financial-platform","timestamp":"2025-12-05T13:52:53.581Z"}
{"context":"RoutesResolver","level":"info","message":"KycController {/api/kyc}:","service":"financial-platform","timestamp":"2025-12-05T13:52:53.581Z"}
{"context":"RouterExplorer","level":"info","message":"Mapped {/api/kyc/documents, POST} route","service":"financial-platform","timestamp":"2025-12-05T13:52:53.582Z"}
{"context":"RouterExplorer","level":"info","message":"Mapped {/api/kyc/documents, GET} route","service":"financial-platform","timestamp":"2025-12-05T13:52:53.582Z"}
{"context":"RouterExplorer","level":"info","message":"Mapped {/api/kyc/documents/pending, GET} route","service":"financial-platform","timestamp":"2025-12-05T13:52:53.582Z"}
{"context":"RouterExplorer","level":"info","message":"Mapped {/api/kyc/documents/:id/review, PATCH} route","service":"financial-platform","timestamp":"2025-12-05T13:52:53.583Z"}
{"context":"RoutesResolver","level":"info","message":"AuditLogsController {/api/audit-logs}:","service":"financial-platform","timestamp":"2025-12-05T13:52:53.583Z"}
{"context":"RouterExplorer","level":"info","message":"Mapped {/api/audit-logs, GET} route","service":"financial-platform","timestamp":"2025-12-05T13:52:53.583Z"}
{"context":"RouterExplorer","level":"info","message":"Mapped {/api/audit-logs/me, GET} route","service":"financial-platform","timestamp":"2025-12-05T13:52:53.583Z"}
{"context":"RoutesResolver","level":"info","message":"LoansController {/api/loans}:","service":"financial-platform","timestamp":"2025-12-05T13:52:53.584Z"}
{"context":"RouterExplorer","level":"info","message":"Mapped {/api/loans, POST} route","service":"financial-platform","timestamp":"2025-12-05T13:52:53.584Z"}
{"context":"RouterExplorer","level":"info","message":"Mapped {/api/loans, GET} route","service":"financial-platform","timestamp":"2025-12-05T13:52:53.584Z"}
{"context":"RouterExplorer","level":"info","message":"Mapped {/api/loans/:id, GET} route","service":"financial-platform","timestamp":"2025-12-05T13:52:53.585Z"}
{"context":"RouterExplorer","level":"info","message":"Mapped {/api/loans/:id/repayments, GET} route","service":"financial-platform","timestamp":"2025-12-05T13:52:53.585Z"}
{"context":"RouterExplorer","level":"info","message":"Mapped {/api/loans/:id/repayments, POST} route","service":"financial-platform","timestamp":"2025-12-05T13:52:53.585Z"}
{"context":"RouterExplorer","level":"info","message":"Mapped {/api/loans/:id/approve, PATCH} route","service":"financial-platform","timestamp":"2025-12-05T13:52:53.586Z"}
{"context":"RouterExplorer","level":"info","message":"Mapped {/api/loans/:id/reject, PATCH} route","service":"financial-platform","timestamp":"2025-12-05T13:52:53.586Z"}
{"context":"RoutesResolver","level":"info","message":"ExchangeController {/api/exchange}:","service":"financial-platform","timestamp":"2025-12-05T13:52:53.586Z"}
{"context":"RouterExplorer","level":"info","message":"Mapped {/api/exchange/convert, GET} route","service":"financial-platform","timestamp":"2025-12-05T13:52:53.587Z"}
{"context":"NestApplication","level":"info","message":"Nest application successfully started","service":"financial-platform","timestamp":"2025-12-05T13:52:53.592Z"}
{"level":"info","message":"Application is running on: https://192.168.1.199:3000 or http://localhost:3000","service":"financial-platform","timestamp":"2025-12-05T13:52:53.596Z"}
{"context":"RoutesResolver","level":"info","message":"AuthController {/api/auth}:","service":"financial-platform","timestamp":"2025-12-05T14:21:51.558Z"}
{"context":"RouterExplorer","level":"info","message":"Mapped {/api/auth/register, POST} route","service":"financial-platform","timestamp":"2025-12-05T14:21:51.565Z"}
{"context":"RouterExplorer","level":"info","message":"Mapped {/api/auth/login, POST} route","service":"financial-platform","timestamp":"2025-12-05T14:21:51.566Z"}
{"context":"RouterExplorer","level":"info","message":"Mapped {/api/auth/refresh, POST} route","service":"financial-platform","timestamp":"2025-12-05T14:21:51.567Z"}
{"context":"RouterExplorer","level":"info","message":"Mapped {/api/auth/logout, POST} route","service":"financial-platform","timestamp":"2025-12-05T14:21:51.568Z"}
{"context":"RouterExplorer","level":"info","message":"Mapped {/api/auth/google, GET} route","service":"financial-platform","timestamp":"2025-12-05T14:21:51.570Z"}
{"context":"RouterExplorer","level":"info","message":"Mapped {/api/auth/google/callback, GET} route","service":"financial-platform","timestamp":"2025-12-05T14:21:51.570Z"}
{"context":"RouterExplorer","level":"info","message":"Mapped {/api/auth/profile, GET} route","service":"financial-platform","timestamp":"2025-12-05T14:21:51.571Z"}
{"context":"RoutesResolver","level":"info","message":"UsersController {/api/users}:","service":"financial-platform","timestamp":"2025-12-05T14:21:51.571Z"}
{"context":"RouterExplorer","level":"info","message":"Mapped {/api/users, POST} route","service":"financial-platform","timestamp":"2025-12-05T14:21:51.572Z"}
{"context":"RouterExplorer","level":"info","message":"Mapped {/api/users, GET} route","service":"financial-platform","timestamp":"2025-12-05T14:21:51.574Z"}
{"context":"RouterExplorer","level":"info","message":"Mapped {/api/users/profile, GET} route","service":"financial-platform","timestamp":"2025-12-05T14:21:51.575Z"}
{"context":"RouterExplorer","level":"info","message":"Mapped {/api/users/:id, GET} route","service":"financial-platform","timestamp":"2025-12-05T14:21:51.576Z"}
{"context":"RouterExplorer","level":"info","message":"Mapped {/api/users/profile, PATCH} route","service":"financial-platform","timestamp":"2025-12-05T14:21:51.576Z"}
{"context":"RouterExplorer","level":"info","message":"Mapped {/api/users/:id, PATCH} route","service":"financial-platform","timestamp":"2025-12-05T14:21:51.577Z"}
{"context":"RouterExplorer","level":"info","message":"Mapped {/api/users/:id, DELETE} route","service":"financial-platform","timestamp":"2025-12-05T14:21:51.578Z"}
{"context":"RoutesResolver","level":"info","message":"AccountsController {/api/accounts}:","service":"financial-platform","timestamp":"2025-12-05T14:21:51.579Z"}
{"context":"RouterExplorer","level":"info","message":"Mapped {/api/accounts, GET} route","service":"financial-platform","timestamp":"2025-12-05T14:21:51.580Z"}
{"context":"RouterExplorer","level":"info","message":"Mapped {/api/accounts/:id, GET} route","service":"financial-platform","timestamp":"2025-12-05T14:21:51.580Z"}
{"context":"RouterExplorer","level":"info","message":"Mapped {/api/accounts/:id/balance, GET} route","service":"financial-platform","timestamp":"2025-12-05T14:21:51.581Z"}
{"context":"RouterExplorer","level":"info","message":"Mapped {/api/accounts, POST} route","service":"financial-platform","timestamp":"2025-12-05T14:21:51.582Z"}
{"context":"RouterExplorer","level":"info","message":"Mapped {/api/accounts/:id, PATCH} route","service":"financial-platform","timestamp":"2025-12-05T14:21:51.582Z"}
{"context":"RoutesResolver","level":"info","message":"TransactionsController {/api/transactions}:","service":"financial-platform","timestamp":"2025-12-05T14:21:51.583Z"}
{"context":"RouterExplorer","level":"info","message":"Mapped {/api/transactions/transfer, POST} route","service":"financial-platform","timestamp":"2025-12-05T14:21:51.583Z"}
{"context":"RouterExplorer","level":"info","message":"Mapped {/api/transactions/deposit, POST} route","service":"financial-platform","timestamp":"2025-12-05T14:21:51.584Z"}
{"context":"RouterExplorer","level":"info","message":"Mapped {/api/transactions/withdraw, POST} route","service":"financial-platform","timestamp":"2025-12-05T14:21:51.584Z"}
{"context":"RouterExplorer","level":"info","message":"Mapped {/api/transactions, GET} route","service":"financial-platform","timestamp":"2025-12-05T14:21:51.585Z"}
{"context":"RouterExplorer","level":"info","message":"Mapped {/api/transactions/pending, GET} route","service":"financial-platform","timestamp":"2025-12-05T14:21:51.586Z"}
{"context":"RouterExplorer","level":"info","message":"Mapped {/api/transactions/pending/:id, GET} route","service":"financial-platform","timestamp":"2025-12-05T14:21:51.586Z"}
{"context":"RouterExplorer","level":"info","message":"Mapped {/api/transactions/admin, POST} route","service":"financial-platform","timestamp":"2025-12-05T14:21:51.587Z"}
{"context":"RouterExplorer","level":"info","message":"Mapped {/api/transactions/:id/validate, PATCH} route","service":"financial-platform","timestamp":"2025-12-05T14:21:51.588Z"}
{"context":"RoutesResolver","level":"info","message":"KycController {/api/kyc}:","service":"financial-platform","timestamp":"2025-12-05T14:21:51.588Z"}
{"context":"RouterExplorer","level":"info","message":"Mapped {/api/kyc/documents, POST} route","service":"financial-platform","timestamp":"2025-12-05T14:21:51.588Z"}
{"context":"RouterExplorer","level":"info","message":"Mapped {/api/kyc/documents, GET} route","service":"financial-platform","timestamp":"2025-12-05T14:21:51.589Z"}
{"context":"RouterExplorer","level":"info","message":"Mapped {/api/kyc/documents/pending, GET} route","service":"financial-platform","timestamp":"2025-12-05T14:21:51.590Z"}
{"context":"RouterExplorer","level":"info","message":"Mapped {/api/kyc/documents/:id/review, PATCH} route","service":"financial-platform","timestamp":"2025-12-05T14:21:51.591Z"}
{"context":"RoutesResolver","level":"info","message":"AuditLogsController {/api/audit-logs}:","service":"financial-platform","timestamp":"2025-12-05T14:21:51.591Z"}
{"context":"RouterExplorer","level":"info","message":"Mapped {/api/audit-logs, GET} route","service":"financial-platform","timestamp":"2025-12-05T14:21:51.592Z"}
{"context":"RouterExplorer","level":"info","message":"Mapped {/api/audit-logs/me, GET} route","service":"financial-platform","timestamp":"2025-12-05T14:21:51.592Z"}
{"context":"RoutesResolver","level":"info","message":"LoansController {/api/loans}:","service":"financial-platform","timestamp":"2025-12-05T14:21:51.593Z"}
{"context":"RouterExplorer","level":"info","message":"Mapped {/api/loans, POST} route","service":"financial-platform","timestamp":"2025-12-05T14:21:51.594Z"}
{"context":"RouterExplorer","level":"info","message":"Mapped {/api/loans, GET} route","service":"financial-platform","timestamp":"2025-12-05T14:21:51.594Z"}
{"context":"RouterExplorer","level":"info","message":"Mapped {/api/loans/:id, GET} route","service":"financial-platform","timestamp":"2025-12-05T14:21:51.595Z"}
{"context":"RouterExplorer","level":"info","message":"Mapped {/api/loans/:id/repayments, GET} route","service":"financial-platform","timestamp":"2025-12-05T14:21:51.595Z"}
{"context":"RouterExplorer","level":"info","message":"Mapped {/api/loans/:id/repayments, POST} route","service":"financial-platform","timestamp":"2025-12-05T14:21:51.596Z"}
{"context":"RouterExplorer","level":"info","message":"Mapped {/api/loans/:id/approve, PATCH} route","service":"financial-platform","timestamp":"2025-12-05T14:21:51.596Z"}
{"context":"RouterExplorer","level":"info","message":"Mapped {/api/loans/:id/reject, PATCH} route","service":"financial-platform","timestamp":"2025-12-05T14:21:51.597Z"}
{"context":"RoutesResolver","level":"info","message":"ExchangeController {/api/exchange}:","service":"financial-platform","timestamp":"2025-12-05T14:21:51.597Z"}
{"context":"RouterExplorer","level":"info","message":"Mapped {/api/exchange/convert, GET} route","service":"financial-platform","timestamp":"2025-12-05T14:21:51.598Z"}
{"context":"NestApplication","level":"info","message":"Nest application successfully started","service":"financial-platform","timestamp":"2025-12-05T14:21:51.605Z"}
{"level":"info","message":"Application is running on: https://192.168.1.199:3000 or http://localhost:3000","service":"financial-platform","timestamp":"2025-12-05T14:21:51.612Z"}
{"context":"RoutesResolver","level":"info","message":"AuthController {/api/auth}:","service":"financial-platform","timestamp":"2025-12-05T21:57:22.282Z"}
{"context":"RouterExplorer","level":"info","message":"Mapped {/api/auth/register, POST} route","service":"financial-platform","timestamp":"2025-12-05T21:57:22.297Z"}
{"context":"RouterExplorer","level":"info","message":"Mapped {/api/auth/login, POST} route","service":"financial-platform","timestamp":"2025-12-05T21:57:22.300Z"}
{"context":"RouterExplorer","level":"info","message":"Mapped {/api/auth/refresh, POST} route","service":"financial-platform","timestamp":"2025-12-05T21:57:22.302Z"}
{"context":"RouterExplorer","level":"info","message":"Mapped {/api/auth/logout, POST} route","service":"financial-platform","timestamp":"2025-12-05T21:57:22.304Z"}
{"context":"RouterExplorer","level":"info","message":"Mapped {/api/auth/google, GET} route","service":"financial-platform","timestamp":"2025-12-05T21:57:22.306Z"}
{"context":"RouterExplorer","level":"info","message":"Mapped {/api/auth/google/callback, GET} route","service":"financial-platform","timestamp":"2025-12-05T21:57:22.308Z"}
{"context":"RouterExplorer","level":"info","message":"Mapped {/api/auth/profile, GET} route","service":"financial-platform","timestamp":"2025-12-05T21:57:22.309Z"}
{"context":"RoutesResolver","level":"info","message":"UsersController {/api/users}:","service":"financial-platform","timestamp":"2025-12-05T21:57:22.310Z"}
{"context":"RouterExplorer","level":"info","message":"Mapped {/api/users, POST} route","service":"financial-platform","timestamp":"2025-12-05T21:57:22.311Z"}
{"context":"RouterExplorer","level":"info","message":"Mapped {/api/users, GET} route","service":"financial-platform","timestamp":"2025-12-05T21:57:22.312Z"}
{"context":"RouterExplorer","level":"info","message":"Mapped {/api/users/profile, GET} route","service":"financial-platform","timestamp":"2025-12-05T21:57:22.314Z"}
{"context":"RouterExplorer","level":"info","message":"Mapped {/api/users/:id, GET} route","service":"financial-platform","timestamp":"2025-12-05T21:57:22.315Z"}
{"context":"RouterExplorer","level":"info","message":"Mapped {/api/users/profile, PATCH} route","service":"financial-platform","timestamp":"2025-12-05T21:57:22.316Z"}
{"context":"RouterExplorer","level":"info","message":"Mapped {/api/users/:id, PATCH} route","service":"financial-platform","timestamp":"2025-12-05T21:57:22.317Z"}
{"context":"RouterExplorer","level":"info","message":"Mapped {/api/users/:id, DELETE} route","service":"financial-platform","timestamp":"2025-12-05T21:57:22.318Z"}
{"context":"RoutesResolver","level":"info","message":"AccountsController {/api/accounts}:","service":"financial-platform","timestamp":"2025-12-05T21:57:22.319Z"}
{"context":"RouterExplorer","level":"info","message":"Mapped {/api/accounts, GET} route","service":"financial-platform","timestamp":"2025-12-05T21:57:22.319Z"}
{"context":"RouterExplorer","level":"info","message":"Mapped {/api/accounts/:id, GET} route","service":"financial-platform","timestamp":"2025-12-05T21:57:22.320Z"}
{"context":"RouterExplorer","level":"info","message":"Mapped {/api/accounts/:id/balance, GET} route","service":"financial-platform","timestamp":"2025-12-05T21:57:22.321Z"}
{"context":"RouterExplorer","level":"info","message":"Mapped {/api/accounts, POST} route","service":"financial-platform","timestamp":"2025-12-05T21:57:22.322Z"}
{"context":"RouterExplorer","level":"info","message":"Mapped {/api/accounts/:id, PATCH} route","service":"financial-platform","timestamp":"2025-12-05T21:57:22.322Z"}
{"context":"RoutesResolver","level":"info","message":"TransactionsController {/api/transactions}:","service":"financial-platform","timestamp":"2025-12-05T21:57:22.323Z"}
{"context":"RouterExplorer","level":"info","message":"Mapped {/api/transactions/transfer, POST} route","service":"financial-platform","timestamp":"2025-12-05T21:57:22.323Z"}
{"context":"RouterExplorer","level":"info","message":"Mapped {/api/transactions/deposit, POST} route","service":"financial-platform","timestamp":"2025-12-05T21:57:22.324Z"}
{"context":"RouterExplorer","level":"info","message":"Mapped {/api/transactions/withdraw, POST} route","service":"financial-platform","timestamp":"2025-12-05T21:57:22.325Z"}
{"context":"RouterExplorer","level":"info","message":"Mapped {/api/transactions, GET} route","service":"financial-platform","timestamp":"2025-12-05T21:57:22.325Z"}
{"context":"RouterExplorer","level":"info","message":"Mapped {/api/transactions/pending, GET} route","service":"financial-platform","timestamp":"2025-12-05T21:57:22.326Z"}
{"context":"RouterExplorer","level":"info","message":"Mapped {/api/transactions/pending/:id, GET} route","service":"financial-platform","timestamp":"2025-12-05T21:57:22.326Z"}
{"context":"RouterExplorer","level":"info","message":"Mapped {/api/transactions/admin, POST} route","service":"financial-platform","timestamp":"2025-12-05T21:57:22.326Z"}
{"context":"RouterExplorer","level":"info","message":"Mapped {/api/transactions/:id/validate, PATCH} route","service":"financial-platform","timestamp":"2025-12-05T21:57:22.327Z"}
{"context":"RoutesResolver","level":"info","message":"KycController {/api/kyc}:","service":"financial-platform","timestamp":"2025-12-05T21:57:22.327Z"}
{"context":"RouterExplorer","level":"info","message":"Mapped {/api/kyc/documents, POST} route","service":"financial-platform","timestamp":"2025-12-05T21:57:22.328Z"}
{"context":"RouterExplorer","level":"info","message":"Mapped {/api/kyc/documents, GET} route","service":"financial-platform","timestamp":"2025-12-05T21:57:22.328Z"}
{"context":"RouterExplorer","level":"info","message":"Mapped {/api/kyc/documents/pending, GET} route","service":"financial-platform","timestamp":"2025-12-05T21:57:22.329Z"}
{"context":"RouterExplorer","level":"info","message":"Mapped {/api/kyc/documents/:id/review, PATCH} route","service":"financial-platform","timestamp":"2025-12-05T21:57:22.329Z"}
{"context":"RoutesResolver","level":"info","message":"AuditLogsController {/api/audit-logs}:","service":"financial-platform","timestamp":"2025-12-05T21:57:22.330Z"}
{"context":"RouterExplorer","level":"info","message":"Mapped {/api/audit-logs, GET} route","service":"financial-platform","timestamp":"2025-12-05T21:57:22.330Z"}
{"context":"RouterExplorer","level":"info","message":"Mapped {/api/audit-logs/me, GET} route","service":"financial-platform","timestamp":"2025-12-05T21:57:22.330Z"}
{"context":"RoutesResolver","level":"info","message":"LoansController {/api/loans}:","service":"financial-platform","timestamp":"2025-12-05T21:57:22.331Z"}
{"context":"RouterExplorer","level":"info","message":"Mapped {/api/loans, POST} route","service":"financial-platform","timestamp":"2025-12-05T21:57:22.331Z"}
{"context":"RouterExplorer","level":"info","message":"Mapped {/api/loans, GET} route","service":"financial-platform","timestamp":"2025-12-05T21:57:22.332Z"}
{"context":"RouterExplorer","level":"info","message":"Mapped {/api/loans/:id, GET} route","service":"financial-platform","timestamp":"2025-12-05T21:57:22.333Z"}
{"context":"RouterExplorer","level":"info","message":"Mapped {/api/loans/:id/repayments, GET} route","service":"financial-platform","timestamp":"2025-12-05T21:57:22.333Z"}
{"context":"RouterExplorer","level":"info","message":"Mapped {/api/loans/:id/repayments, POST} route","service":"financial-platform","timestamp":"2025-12-05T21:57:22.334Z"}
{"context":"RouterExplorer","level":"info","message":"Mapped {/api/loans/:id/approve, PATCH} route","service":"financial-platform","timestamp":"2025-12-05T21:57:22.335Z"}
{"context":"RouterExplorer","level":"info","message":"Mapped {/api/loans/:id/reject, PATCH} route","service":"financial-platform","timestamp":"2025-12-05T21:57:22.335Z"}
{"context":"RoutesResolver","level":"info","message":"ExchangeController {/api/exchange}:","service":"financial-platform","timestamp":"2025-12-05T21:57:22.336Z"}
{"context":"RouterExplorer","level":"info","message":"Mapped {/api/exchange/convert, GET} route","service":"financial-platform","timestamp":"2025-12-05T21:57:22.336Z"}
{"context":"NestApplication","level":"info","message":"Nest application successfully started","service":"financial-platform","timestamp":"2025-12-05T21:57:22.343Z"}
{"level":"info","message":"Application is running on: https://192.168.1.199:3000 or http://localhost:3000","service":"financial-platform","timestamp":"2025-12-05T21:57:22.348Z"}
{"context":"NotificationsGateway","level":"warn","message":"Notifications WS connection rejected: jwt expired","service":"financial-platform","timestamp":"2025-12-05T21:58:20.433Z"}
{"context":"NotificationsGateway","level":"debug","message":"Client disconnected from notifications (user: unknown)","service":"financial-platform","timestamp":"2025-12-05T21:58:20.434Z"}
{"context":"NotificationsService","level":"info","message":"notification: {\"id\":\"9dfb9115-bbf0-4d7f-a35b-0c04963d9295\",\"event\":\"account.created\",\"createdAt\":\"2025-12-05T21:59:22.283Z\",\"userId\":\"1d3ad160-120e-4423-bd71-8873d720fb11\"}","service":"financial-platform","timestamp":"2025-12-05T21:59:22.283Z"}
{"context":"EmailService","level":"info","message":"email: {\"to\":\"kpodekonj@gil.co\",\"subject\":\"Votre nouveau compte est prêt\",\"text\":\"Bonjour jutino Jop, votre compte FR2130004000010363564879432 a bien été créé.\"}","service":"financial-platform","timestamp":"2025-12-05T21:59:22.290Z"}
{"context":"EmailService","level":"error","message":"Failed to send email to kpodekonj@gil.co: Invalid login: 535 Authentication failed: The provided authorization grant is invalid, expired, or revoked","service":"financial-platform","timestamp":"2025-12-05T21:59:24.188Z"}
{"context":"EmailService","level":"info","message":"email.error: {\"to\":\"kpodekonj@gil.co\",\"subject\":\"Votre nouveau compte est prêt\",\"error\":\"Invalid login: 535 Authentication failed: The provided authorization grant is invalid, expired, or revoked\"}","service":"financial-platform","timestamp":"2025-12-05T21:59:24.190Z"}
{"context":"AuthService","level":"info","message":"New user registered: kpodekonj@gil.co","service":"financial-platform","timestamp":"2025-12-05T21:59:24.191Z"}
{"context":"NotificationsGateway","level":"debug","message":"Client connected to notifications (user: 1d3ad160-120e-4423-bd71-8873d720fb11)","service":"financial-platform","timestamp":"2025-12-05T21:59:42.816Z"}
{"context":"NotificationsGateway","level":"debug","message":"Client disconnected from notifications (user: 1d3ad160-120e-4423-bd71-8873d720fb11)","service":"financial-platform","timestamp":"2025-12-05T22:00:30.063Z"}
{"context":"NotificationsGateway","level":"debug","message":"Client connected to notifications (user: 1d3ad160-120e-4423-bd71-8873d720fb11)","service":"financial-platform","timestamp":"2025-12-05T22:00:37.016Z"}
{"context":"NotificationsGateway","level":"debug","message":"Client connected to notifications (user: 1d3ad160-120e-4423-bd71-8873d720fb11)","service":"financial-platform","timestamp":"2025-12-05T22:04:38.767Z"}
{"context":"NotificationsGateway","level":"debug","message":"Client disconnected from notifications (user: 1d3ad160-120e-4423-bd71-8873d720fb11)","service":"financial-platform","timestamp":"2025-12-05T22:08:20.672Z"}
{"context":"NotificationsGateway","level":"debug","message":"Client disconnected from notifications (user: 1d3ad160-120e-4423-bd71-8873d720fb11)","service":"financial-platform","timestamp":"2025-12-05T22:08:20.673Z"}
{"context":"NotificationsGateway","level":"debug","message":"Client connected to notifications (user: 1d3ad160-120e-4423-bd71-8873d720fb11)","service":"financial-platform","timestamp":"2025-12-05T22:08:24.281Z"}
{"context":"NotificationsGateway","level":"debug","message":"Client disconnected from notifications (user: 1d3ad160-120e-4423-bd71-8873d720fb11)","service":"financial-platform","timestamp":"2025-12-05T22:08:28.303Z"}
{"context":"NotificationsGateway","level":"debug","message":"Client connected to notifications (user: 1d3ad160-120e-4423-bd71-8873d720fb11)","service":"financial-platform","timestamp":"2025-12-05T22:08:28.541Z"}
{"context":"NotificationsGateway","level":"debug","message":"Client disconnected from notifications (user: 1d3ad160-120e-4423-bd71-8873d720fb11)","service":"financial-platform","timestamp":"2025-12-05T22:09:07.974Z"}
{"context":"NotificationsGateway","level":"debug","message":"Client connected to notifications (user: 1d3ad160-120e-4423-bd71-8873d720fb11)","service":"financial-platform","timestamp":"2025-12-05T22:09:08.354Z"}
{"context":"NotificationsService","level":"info","message":"notification: {\"id\":\"bd732876-8989-4f2d-b049-5d26e5fd4e85\",\"event\":\"account.created\",\"createdAt\":\"2025-12-05T22:11:09.022Z\",\"userId\":\"17cc94a8-c985-4b5b-8915-ff7f504f4185\"}","service":"financial-platform","timestamp":"2025-12-05T22:11:09.022Z"}
{"context":"EmailService","level":"info","message":"email: {\"to\":\"test2fa@example.com\",\"subject\":\"Votre nouveau compte est prêt\",\"text\":\"Bonjour Test User, votre compte FR8930004000010863933842679 a bien été créé.\"}","service":"financial-platform","timestamp":"2025-12-05T22:11:09.025Z"}
{"context":"EmailService","level":"error","message":"Failed to send email to test2fa@example.com: Invalid login: 535 Authentication failed: The provided authorization grant is invalid, expired, or revoked","service":"financial-platform","timestamp":"2025-12-05T22:11:10.461Z"}
{"context":"EmailService","level":"info","message":"email.error: {\"to\":\"test2fa@example.com\",\"subject\":\"Votre nouveau compte est prêt\",\"error\":\"Invalid login: 535 Authentication failed: The provided authorization grant is invalid, expired, or revoked\"}","service":"financial-platform","timestamp":"2025-12-05T22:11:10.462Z"}
{"context":"AuthService","level":"info","message":"New user registered: test2fa@example.com","service":"financial-platform","timestamp":"2025-12-05T22:11:10.462Z"}
{"context":"RoutesResolver","level":"info","message":"AuthController {/api/auth}:","service":"financial-platform","timestamp":"2025-12-05T22:13:49.961Z"}
{"context":"RouterExplorer","level":"info","message":"Mapped {/api/auth/register, POST} route","service":"financial-platform","timestamp":"2025-12-05T22:13:49.986Z"}
{"context":"RouterExplorer","level":"info","message":"Mapped {/api/auth/login, POST} route","service":"financial-platform","timestamp":"2025-12-05T22:13:49.991Z"}
{"context":"RouterExplorer","level":"info","message":"Mapped {/api/auth/refresh, POST} route","service":"financial-platform","timestamp":"2025-12-05T22:13:49.995Z"}
{"context":"RouterExplorer","level":"info","message":"Mapped {/api/auth/logout, POST} route","service":"financial-platform","timestamp":"2025-12-05T22:13:49.999Z"}
{"context":"RouterExplorer","level":"info","message":"Mapped {/api/auth/google, GET} route","service":"financial-platform","timestamp":"2025-12-05T22:13:50.002Z"}
{"context":"RouterExplorer","level":"info","message":"Mapped {/api/auth/google/callback, GET} route","service":"financial-platform","timestamp":"2025-12-05T22:13:50.005Z"}
{"context":"RouterExplorer","level":"info","message":"Mapped {/api/auth/profile, GET} route","service":"financial-platform","timestamp":"2025-12-05T22:13:50.007Z"}
{"context":"RouterExplorer","level":"info","message":"Mapped {/api/auth/2fa/setup, GET} route","service":"financial-platform","timestamp":"2025-12-05T22:13:50.009Z"}
{"context":"RouterExplorer","level":"info","message":"Mapped {/api/auth/2fa/enable, POST} route","service":"financial-platform","timestamp":"2025-12-05T22:13:50.011Z"}
{"context":"RouterExplorer","level":"info","message":"Mapped {/api/auth/2fa/disable, POST} route","service":"financial-platform","timestamp":"2025-12-05T22:13:50.013Z"}
{"context":"RouterExplorer","level":"info","message":"Mapped {/api/auth/2fa/verify, POST} route","service":"financial-platform","timestamp":"2025-12-05T22:13:50.014Z"}
{"context":"RoutesResolver","level":"info","message":"UsersController {/api/users}:","service":"financial-platform","timestamp":"2025-12-05T22:13:50.015Z"}
{"context":"RouterExplorer","level":"info","message":"Mapped {/api/users, POST} route","service":"financial-platform","timestamp":"2025-12-05T22:13:50.017Z"}
{"context":"RouterExplorer","level":"info","message":"Mapped {/api/users, GET} route","service":"financial-platform","timestamp":"2025-12-05T22:13:50.018Z"}
{"context":"RouterExplorer","level":"info","message":"Mapped {/api/users/profile, GET} route","service":"financial-platform","timestamp":"2025-12-05T22:13:50.019Z"}
{"context":"RouterExplorer","level":"info","message":"Mapped {/api/users/:id, GET} route","service":"financial-platform","timestamp":"2025-12-05T22:13:50.020Z"}
{"context":"RouterExplorer","level":"info","message":"Mapped {/api/users/profile, PATCH} route","service":"financial-platform","timestamp":"2025-12-05T22:13:50.021Z"}
{"context":"RouterExplorer","level":"info","message":"Mapped {/api/users/:id, PATCH} route","service":"financial-platform","timestamp":"2025-12-05T22:13:50.023Z"}
{"context":"RouterExplorer","level":"info","message":"Mapped {/api/users/:id, DELETE} route","service":"financial-platform","timestamp":"2025-12-05T22:13:50.024Z"}
{"context":"RoutesResolver","level":"info","message":"AccountsController {/api/accounts}:","service":"financial-platform","timestamp":"2025-12-05T22:13:50.025Z"}
{"context":"RouterExplorer","level":"info","message":"Mapped {/api/accounts, GET} route","service":"financial-platform","timestamp":"2025-12-05T22:13:50.026Z"}
{"context":"RouterExplorer","level":"info","message":"Mapped {/api/accounts/:id, GET} route","service":"financial-platform","timestamp":"2025-12-05T22:13:50.027Z"}
{"context":"RouterExplorer","level":"info","message":"Mapped {/api/accounts/:id/balance, GET} route","service":"financial-platform","timestamp":"2025-12-05T22:13:50.027Z"}
{"context":"RouterExplorer","level":"info","message":"Mapped {/api/accounts, POST} route","service":"financial-platform","timestamp":"2025-12-05T22:13:50.029Z"}
{"context":"RouterExplorer","level":"info","message":"Mapped {/api/accounts/:id, PATCH} route","service":"financial-platform","timestamp":"2025-12-05T22:13:50.030Z"}
{"context":"RoutesResolver","level":"info","message":"TransactionsController {/api/transactions}:","service":"financial-platform","timestamp":"2025-12-05T22:13:50.030Z"}
{"context":"RouterExplorer","level":"info","message":"Mapped {/api/transactions/transfer, POST} route","service":"financial-platform","timestamp":"2025-12-05T22:13:50.031Z"}
{"context":"RouterExplorer","level":"info","message":"Mapped {/api/transactions/deposit, POST} route","service":"financial-platform","timestamp":"2025-12-05T22:13:50.032Z"}
{"context":"RouterExplorer","level":"info","message":"Mapped {/api/transactions/withdraw, POST} route","service":"financial-platform","timestamp":"2025-12-05T22:13:50.032Z"}
{"context":"RouterExplorer","level":"info","message":"Mapped {/api/transactions, GET} route","service":"financial-platform","timestamp":"2025-12-05T22:13:50.033Z"}
{"context":"RouterExplorer","level":"info","message":"Mapped {/api/transactions/pending, GET} route","service":"financial-platform","timestamp":"2025-12-05T22:13:50.034Z"}
{"context":"RouterExplorer","level":"info","message":"Mapped {/api/transactions/pending/:id, GET} route","service":"financial-platform","timestamp":"2025-12-05T22:13:50.034Z"}
{"context":"RouterExplorer","level":"info","message":"Mapped {/api/transactions/admin, POST} route","service":"financial-platform","timestamp":"2025-12-05T22:13:50.035Z"}
{"context":"RouterExplorer","level":"info","message":"Mapped {/api/transactions/:id/validate, PATCH} route","service":"financial-platform","timestamp":"2025-12-05T22:13:50.036Z"}
{"context":"RoutesResolver","level":"info","message":"KycController {/api/kyc}:","service":"financial-platform","timestamp":"2025-12-05T22:13:50.036Z"}
{"context":"RouterExplorer","level":"info","message":"Mapped {/api/kyc/documents, POST} route","service":"financial-platform","timestamp":"2025-12-05T22:13:50.037Z"}
{"context":"RouterExplorer","level":"info","message":"Mapped {/api/kyc/documents, GET} route","service":"financial-platform","timestamp":"2025-12-05T22:13:50.038Z"}
{"context":"RouterExplorer","level":"info","message":"Mapped {/api/kyc/documents/pending, GET} route","service":"financial-platform","timestamp":"2025-12-05T22:13:50.038Z"}
{"context":"RouterExplorer","level":"info","message":"Mapped {/api/kyc/documents/:id/review, PATCH} route","service":"financial-platform","timestamp":"2025-12-05T22:13:50.039Z"}
{"context":"RoutesResolver","level":"info","message":"AuditLogsController {/api/audit-logs}:","service":"financial-platform","timestamp":"2025-12-05T22:13:50.039Z"}
{"context":"RouterExplorer","level":"info","message":"Mapped {/api/audit-logs, GET} route","service":"financial-platform","timestamp":"2025-12-05T22:13:50.040Z"}
{"context":"RouterExplorer","level":"info","message":"Mapped {/api/audit-logs/me, GET} route","service":"financial-platform","timestamp":"2025-12-05T22:13:50.040Z"}
{"context":"RoutesResolver","level":"info","message":"LoansController {/api/loans}:","service":"financial-platform","timestamp":"2025-12-05T22:13:50.041Z"}
{"context":"RouterExplorer","level":"info","message":"Mapped {/api/loans, POST} route","service":"financial-platform","timestamp":"2025-12-05T22:13:50.042Z"}
{"context":"RouterExplorer","level":"info","message":"Mapped {/api/loans, GET} route","service":"financial-platform","timestamp":"2025-12-05T22:13:50.042Z"}
{"context":"RouterExplorer","level":"info","message":"Mapped {/api/loans/:id, GET} route","service":"financial-platform","timestamp":"2025-12-05T22:13:50.043Z"}
{"context":"RouterExplorer","level":"info","message":"Mapped {/api/loans/:id/repayments, GET} route","service":"financial-platform","timestamp":"2025-12-05T22:13:50.044Z"}
{"context":"RouterExplorer","level":"info","message":"Mapped {/api/loans/:id/repayments, POST} route","service":"financial-platform","timestamp":"2025-12-05T22:13:50.044Z"}
{"context":"RouterExplorer","level":"info","message":"Mapped {/api/loans/:id/approve, PATCH} route","service":"financial-platform","timestamp":"2025-12-05T22:13:50.045Z"}
{"context":"RouterExplorer","level":"info","message":"Mapped {/api/loans/:id/reject, PATCH} route","service":"financial-platform","timestamp":"2025-12-05T22:13:50.046Z"}
{"context":"RoutesResolver","level":"info","message":"ExchangeController {/api/exchange}:","service":"financial-platform","timestamp":"2025-12-05T22:13:50.046Z"}
{"context":"RouterExplorer","level":"info","message":"Mapped {/api/exchange/convert, GET} route","service":"financial-platform","timestamp":"2025-12-05T22:13:50.046Z"}
{"context":"NestApplication","level":"info","message":"Nest application successfully started","service":"financial-platform","timestamp":"2025-12-05T22:13:50.053Z"}
{"level":"info","message":"Application is running on: https://192.168.1.199:3000 or http://localhost:3000","service":"financial-platform","timestamp":"2025-12-05T22:13:50.058Z"}
{"context":"ExceptionsHandler","level":"error","message":"this.usersService.setTempTwoFactorSecret is not a function","service":"financial-platform","timestamp":"2025-12-05T22:13:51.620Z","trace":"TypeError: this.usersService.setTempTwoFactorSecret is not a function\n    at AuthService.setupTwoFactor (/home/josue/.env/bolter/apps/server/src/auth/auth.service.ts:201:29)\n    at process.processTicksAndRejections (node:internal/process/task_queues:95:5)\n    at async /home/josue/.env/bolter/node_modules/@nestjs/core/router/router-execution-context.js:46:28\n    at async /home/josue/.env/bolter/node_modules/@nestjs/core/router/router-proxy.js:9:17"}
{"context":"NotificationsGateway","level":"debug","message":"Client connected to notifications (user: 1d3ad160-120e-4423-bd71-8873d720fb11)","service":"financial-platform","timestamp":"2025-12-05T22:13:51.673Z"}
{"context":"RoutesResolver","level":"info","message":"AuthController {/api/auth}:","service":"financial-platform","timestamp":"2025-12-05T22:14:19.433Z"}
{"context":"RouterExplorer","level":"info","message":"Mapped {/api/auth/register, POST} route","service":"financial-platform","timestamp":"2025-12-05T22:14:19.442Z"}
{"context":"RouterExplorer","level":"info","message":"Mapped {/api/auth/login, POST} route","service":"financial-platform","timestamp":"2025-12-05T22:14:19.444Z"}
{"context":"RouterExplorer","level":"info","message":"Mapped {/api/auth/refresh, POST} route","service":"financial-platform","timestamp":"2025-12-05T22:14:19.445Z"}
{"context":"RouterExplorer","level":"info","message":"Mapped {/api/auth/logout, POST} route","service":"financial-platform","timestamp":"2025-12-05T22:14:19.446Z"}
{"context":"RouterExplorer","level":"info","message":"Mapped {/api/auth/google, GET} route","service":"financial-platform","timestamp":"2025-12-05T22:14:19.448Z"}
{"context":"RouterExplorer","level":"info","message":"Mapped {/api/auth/google/callback, GET} route","service":"financial-platform","timestamp":"2025-12-05T22:14:19.449Z"}
{"context":"RouterExplorer","level":"info","message":"Mapped {/api/auth/profile, GET} route","service":"financial-platform","timestamp":"2025-12-05T22:14:19.451Z"}
{"context":"RouterExplorer","level":"info","message":"Mapped {/api/auth/2fa/setup, GET} route","service":"financial-platform","timestamp":"2025-12-05T22:14:19.452Z"}
{"context":"RouterExplorer","level":"info","message":"Mapped {/api/auth/2fa/enable, POST} route","service":"financial-platform","timestamp":"2025-12-05T22:14:19.453Z"}
{"context":"RouterExplorer","level":"info","message":"Mapped {/api/auth/2fa/disable, POST} route","service":"financial-platform","timestamp":"2025-12-05T22:14:19.456Z"}
{"context":"RouterExplorer","level":"info","message":"Mapped {/api/auth/2fa/verify, POST} route","service":"financial-platform","timestamp":"2025-12-05T22:14:19.457Z"}
{"context":"RoutesResolver","level":"info","message":"UsersController {/api/users}:","service":"financial-platform","timestamp":"2025-12-05T22:14:19.458Z"}
{"context":"RouterExplorer","level":"info","message":"Mapped {/api/users, POST} route","service":"financial-platform","timestamp":"2025-12-05T22:14:19.458Z"}
{"context":"RouterExplorer","level":"info","message":"Mapped {/api/users, GET} route","service":"financial-platform","timestamp":"2025-12-05T22:14:19.459Z"}
{"context":"RouterExplorer","level":"info","message":"Mapped {/api/users/profile, GET} route","service":"financial-platform","timestamp":"2025-12-05T22:14:19.460Z"}
{"context":"RouterExplorer","level":"info","message":"Mapped {/api/users/:id, GET} route","service":"financial-platform","timestamp":"2025-12-05T22:14:19.461Z"}
{"context":"RouterExplorer","level":"info","message":"Mapped {/api/users/profile, PATCH} route","service":"financial-platform","timestamp":"2025-12-05T22:14:19.461Z"}
{"context":"RouterExplorer","level":"info","message":"Mapped {/api/users/:id, PATCH} route","service":"financial-platform","timestamp":"2025-12-05T22:14:19.462Z"}
{"context":"RouterExplorer","level":"info","message":"Mapped {/api/users/:id, DELETE} route","service":"financial-platform","timestamp":"2025-12-05T22:14:19.463Z"}
{"context":"RoutesResolver","level":"info","message":"AccountsController {/api/accounts}:","service":"financial-platform","timestamp":"2025-12-05T22:14:19.463Z"}
{"context":"RouterExplorer","level":"info","message":"Mapped {/api/accounts, GET} route","service":"financial-platform","timestamp":"2025-12-05T22:14:19.464Z"}
{"context":"RouterExplorer","level":"info","message":"Mapped {/api/accounts/:id, GET} route","service":"financial-platform","timestamp":"2025-12-05T22:14:19.464Z"}
{"context":"RouterExplorer","level":"info","message":"Mapped {/api/accounts/:id/balance, GET} route","service":"financial-platform","timestamp":"2025-12-05T22:14:19.465Z"}
{"context":"RouterExplorer","level":"info","message":"Mapped {/api/accounts, POST} route","service":"financial-platform","timestamp":"2025-12-05T22:14:19.466Z"}
{"context":"RouterExplorer","level":"info","message":"Mapped {/api/accounts/:id, PATCH} route","service":"financial-platform","timestamp":"2025-12-05T22:14:19.466Z"}
{"context":"RoutesResolver","level":"info","message":"TransactionsController {/api/transactions}:","service":"financial-platform","timestamp":"2025-12-05T22:14:19.467Z"}
{"context":"RouterExplorer","level":"info","message":"Mapped {/api/transactions/transfer, POST} route","service":"financial-platform","timestamp":"2025-12-05T22:14:19.467Z"}
{"context":"RouterExplorer","level":"info","message":"Mapped {/api/transactions/deposit, POST} route","service":"financial-platform","timestamp":"2025-12-05T22:14:19.468Z"}
{"context":"RouterExplorer","level":"info","message":"Mapped {/api/transactions/withdraw, POST} route","service":"financial-platform","timestamp":"2025-12-05T22:14:19.468Z"}
{"context":"RouterExplorer","level":"info","message":"Mapped {/api/transactions, GET} route","service":"financial-platform","timestamp":"2025-12-05T22:14:19.469Z"}
{"context":"RouterExplorer","level":"info","message":"Mapped {/api/transactions/pending, GET} route","service":"financial-platform","timestamp":"2025-12-05T22:14:19.470Z"}
{"context":"RouterExplorer","level":"info","message":"Mapped {/api/transactions/pending/:id, GET} route","service":"financial-platform","timestamp":"2025-12-05T22:14:19.470Z"}
{"context":"RouterExplorer","level":"info","message":"Mapped {/api/transactions/admin, POST} route","service":"financial-platform","timestamp":"2025-12-05T22:14:19.471Z"}
{"context":"RouterExplorer","level":"info","message":"Mapped {/api/transactions/:id/validate, PATCH} route","service":"financial-platform","timestamp":"2025-12-05T22:14:19.471Z"}
{"context":"RoutesResolver","level":"info","message":"KycController {/api/kyc}:","service":"financial-platform","timestamp":"2025-12-05T22:14:19.471Z"}
{"context":"RouterExplorer","level":"info","message":"Mapped {/api/kyc/documents, POST} route","service":"financial-platform","timestamp":"2025-12-05T22:14:19.472Z"}
{"context":"RouterExplorer","level":"info","message":"Mapped {/api/kyc/documents, GET} route","service":"financial-platform","timestamp":"2025-12-05T22:14:19.472Z"}
{"context":"RouterExplorer","level":"info","message":"Mapped {/api/kyc/documents/pending, GET} route","service":"financial-platform","timestamp":"2025-12-05T22:14:19.473Z"}
{"context":"RouterExplorer","level":"info","message":"Mapped {/api/kyc/documents/:id/review, PATCH} route","service":"financial-platform","timestamp":"2025-12-05T22:14:19.474Z"}
{"context":"RoutesResolver","level":"info","message":"AuditLogsController {/api/audit-logs}:","service":"financial-platform","timestamp":"2025-12-05T22:14:19.474Z"}
{"context":"RouterExplorer","level":"info","message":"Mapped {/api/audit-logs, GET} route","service":"financial-platform","timestamp":"2025-12-05T22:14:19.475Z"}
{"context":"RouterExplorer","level":"info","message":"Mapped {/api/audit-logs/me, GET} route","service":"financial-platform","timestamp":"2025-12-05T22:14:19.475Z"}
{"context":"RoutesResolver","level":"info","message":"LoansController {/api/loans}:","service":"financial-platform","timestamp":"2025-12-05T22:14:19.476Z"}
{"context":"RouterExplorer","level":"info","message":"Mapped {/api/loans, POST} route","service":"financial-platform","timestamp":"2025-12-05T22:14:19.477Z"}
{"context":"RouterExplorer","level":"info","message":"Mapped {/api/loans, GET} route","service":"financial-platform","timestamp":"2025-12-05T22:14:19.478Z"}
{"context":"RouterExplorer","level":"info","message":"Mapped {/api/loans/:id, GET} route","service":"financial-platform","timestamp":"2025-12-05T22:14:19.478Z"}
{"context":"RouterExplorer","level":"info","message":"Mapped {/api/loans/:id/repayments, GET} route","service":"financial-platform","timestamp":"2025-12-05T22:14:19.479Z"}
{"context":"RouterExplorer","level":"info","message":"Mapped {/api/loans/:id/repayments, POST} route","service":"financial-platform","timestamp":"2025-12-05T22:14:19.479Z"}
{"context":"RouterExplorer","level":"info","message":"Mapped {/api/loans/:id/approve, PATCH} route","service":"financial-platform","timestamp":"2025-12-05T22:14:19.480Z"}
{"context":"RouterExplorer","level":"info","message":"Mapped {/api/loans/:id/reject, PATCH} route","service":"financial-platform","timestamp":"2025-12-05T22:14:19.480Z"}
{"context":"RoutesResolver","level":"info","message":"ExchangeController {/api/exchange}:","service":"financial-platform","timestamp":"2025-12-05T22:14:19.480Z"}
{"context":"RouterExplorer","level":"info","message":"Mapped {/api/exchange/convert, GET} route","service":"financial-platform","timestamp":"2025-12-05T22:14:19.481Z"}
{"context":"NestApplication","level":"info","message":"Nest application successfully started","service":"financial-platform","timestamp":"2025-12-05T22:14:19.494Z"}
{"level":"info","message":"Application is running on: https://192.168.1.199:3000 or http://localhost:3000","service":"financial-platform","timestamp":"2025-12-05T22:14:19.500Z"}
{"context":"NotificationsGateway","level":"debug","message":"Client connected to notifications (user: 1d3ad160-120e-4423-bd71-8873d720fb11)","service":"financial-platform","timestamp":"2025-12-05T22:14:21.478Z"}
{"context":"RoutesResolver","level":"info","message":"AuthController {/api/auth}:","service":"financial-platform","timestamp":"2025-12-05T22:14:27.059Z"}
{"context":"RouterExplorer","level":"info","message":"Mapped {/api/auth/register, POST} route","service":"financial-platform","timestamp":"2025-12-05T22:14:27.065Z"}
{"context":"RouterExplorer","level":"info","message":"Mapped {/api/auth/login, POST} route","service":"financial-platform","timestamp":"2025-12-05T22:14:27.066Z"}
{"context":"RouterExplorer","level":"info","message":"Mapped {/api/auth/refresh, POST} route","service":"financial-platform","timestamp":"2025-12-05T22:14:27.067Z"}
{"context":"RouterExplorer","level":"info","message":"Mapped {/api/auth/logout, POST} route","service":"financial-platform","timestamp":"2025-12-05T22:14:27.068Z"}
{"context":"RouterExplorer","level":"info","message":"Mapped {/api/auth/google, GET} route","service":"financial-platform","timestamp":"2025-12-05T22:14:27.070Z"}
{"context":"RouterExplorer","level":"info","message":"Mapped {/api/auth/google/callback, GET} route","service":"financial-platform","timestamp":"2025-12-05T22:14:27.071Z"}
{"context":"RouterExplorer","level":"info","message":"Mapped {/api/auth/profile, GET} route","service":"financial-platform","timestamp":"2025-12-05T22:14:27.072Z"}
{"context":"RouterExplorer","level":"info","message":"Mapped {/api/auth/2fa/setup, GET} route","service":"financial-platform","timestamp":"2025-12-05T22:14:27.073Z"}
{"context":"RouterExplorer","level":"info","message":"Mapped {/api/auth/2fa/enable, POST} route","service":"financial-platform","timestamp":"2025-12-05T22:14:27.075Z"}
{"context":"RouterExplorer","level":"info","message":"Mapped {/api/auth/2fa/disable, POST} route","service":"financial-platform","timestamp":"2025-12-05T22:14:27.076Z"}
{"context":"RouterExplorer","level":"info","message":"Mapped {/api/auth/2fa/verify, POST} route","service":"financial-platform","timestamp":"2025-12-05T22:14:27.076Z"}
{"context":"RoutesResolver","level":"info","message":"UsersController {/api/users}:","service":"financial-platform","timestamp":"2025-12-05T22:14:27.077Z"}
{"context":"RouterExplorer","level":"info","message":"Mapped {/api/users, POST} route","service":"financial-platform","timestamp":"2025-12-05T22:14:27.078Z"}
{"context":"RouterExplorer","level":"info","message":"Mapped {/api/users, GET} route","service":"financial-platform","timestamp":"2025-12-05T22:14:27.078Z"}
{"context":"RouterExplorer","level":"info","message":"Mapped {/api/users/profile, GET} route","service":"financial-platform","timestamp":"2025-12-05T22:14:27.079Z"}
{"context":"RouterExplorer","level":"info","message":"Mapped {/api/users/:id, GET} route","service":"financial-platform","timestamp":"2025-12-05T22:14:27.079Z"}
{"context":"RouterExplorer","level":"info","message":"Mapped {/api/users/profile, PATCH} route","service":"financial-platform","timestamp":"2025-12-05T22:14:27.080Z"}
{"context":"RouterExplorer","level":"info","message":"Mapped {/api/users/:id, PATCH} route","service":"financial-platform","timestamp":"2025-12-05T22:14:27.081Z"}
{"context":"RouterExplorer","level":"info","message":"Mapped {/api/users/:id, DELETE} route","service":"financial-platform","timestamp":"2025-12-05T22:14:27.081Z"}
{"context":"RoutesResolver","level":"info","message":"AccountsController {/api/accounts}:","service":"financial-platform","timestamp":"2025-12-05T22:14:27.081Z"}
{"context":"RouterExplorer","level":"info","message":"Mapped {/api/accounts, GET} route","service":"financial-platform","timestamp":"2025-12-05T22:14:27.082Z"}
{"context":"RouterExplorer","level":"info","message":"Mapped {/api/accounts/:id, GET} route","service":"financial-platform","timestamp":"2025-12-05T22:14:27.083Z"}
{"context":"RouterExplorer","level":"info","message":"Mapped {/api/accounts/:id/balance, GET} route","service":"financial-platform","timestamp":"2025-12-05T22:14:27.083Z"}
{"context":"RouterExplorer","level":"info","message":"Mapped {/api/accounts, POST} route","service":"financial-platform","timestamp":"2025-12-05T22:14:27.084Z"}
{"context":"RouterExplorer","level":"info","message":"Mapped {/api/accounts/:id, PATCH} route","service":"financial-platform","timestamp":"2025-12-05T22:14:27.084Z"}
{"context":"RoutesResolver","level":"info","message":"TransactionsController {/api/transactions}:","service":"financial-platform","timestamp":"2025-12-05T22:14:27.085Z"}
{"context":"RouterExplorer","level":"info","message":"Mapped {/api/transactions/transfer, POST} route","service":"financial-platform","timestamp":"2025-12-05T22:14:27.086Z"}
{"context":"RouterExplorer","level":"info","message":"Mapped {/api/transactions/deposit, POST} route","service":"financial-platform","timestamp":"2025-12-05T22:14:27.086Z"}
{"context":"RouterExplorer","level":"info","message":"Mapped {/api/transactions/withdraw, POST} route","service":"financial-platform","timestamp":"2025-12-05T22:14:27.087Z"}
{"context":"RouterExplorer","level":"info","message":"Mapped {/api/transactions, GET} route","service":"financial-platform","timestamp":"2025-12-05T22:14:27.088Z"}
{"context":"RouterExplorer","level":"info","message":"Mapped {/api/transactions/pending, GET} route","service":"financial-platform","timestamp":"2025-12-05T22:14:27.089Z"}
{"context":"RouterExplorer","level":"info","message":"Mapped {/api/transactions/pending/:id, GET} route","service":"financial-platform","timestamp":"2025-12-05T22:14:27.090Z"}
{"context":"RouterExplorer","level":"info","message":"Mapped {/api/transactions/admin, POST} route","service":"financial-platform","timestamp":"2025-12-05T22:14:27.090Z"}
{"context":"RouterExplorer","level":"info","message":"Mapped {/api/transactions/:id/validate, PATCH} route","service":"financial-platform","timestamp":"2025-12-05T22:14:27.091Z"}
{"context":"RoutesResolver","level":"info","message":"KycController {/api/kyc}:","service":"financial-platform","timestamp":"2025-12-05T22:14:27.091Z"}
{"context":"RouterExplorer","level":"info","message":"Mapped {/api/kyc/documents, POST} route","service":"financial-platform","timestamp":"2025-12-05T22:14:27.092Z"}
{"context":"RouterExplorer","level":"info","message":"Mapped {/api/kyc/documents, GET} route","service":"financial-platform","timestamp":"2025-12-05T22:14:27.092Z"}
{"context":"RouterExplorer","level":"info","message":"Mapped {/api/kyc/documents/pending, GET} route","service":"financial-platform","timestamp":"2025-12-05T22:14:27.093Z"}
{"context":"RouterExplorer","level":"info","message":"Mapped {/api/kyc/documents/:id/review, PATCH} route","service":"financial-platform","timestamp":"2025-12-05T22:14:27.093Z"}
{"context":"RoutesResolver","level":"info","message":"AuditLogsController {/api/audit-logs}:","service":"financial-platform","timestamp":"2025-12-05T22:14:27.093Z"}
{"context":"RouterExplorer","level":"info","message":"Mapped {/api/audit-logs, GET} route","service":"financial-platform","timestamp":"2025-12-05T22:14:27.094Z"}
{"context":"RouterExplorer","level":"info","message":"Mapped {/api/audit-logs/me, GET} route","service":"financial-platform","timestamp":"2025-12-05T22:14:27.094Z"}
{"context":"RoutesResolver","level":"info","message":"LoansController {/api/loans}:","service":"financial-platform","timestamp":"2025-12-05T22:14:27.094Z"}
{"context":"RouterExplorer","level":"info","message":"Mapped {/api/loans, POST} route","service":"financial-platform","timestamp":"2025-12-05T22:14:27.094Z"}
{"context":"RouterExplorer","level":"info","message":"Mapped {/api/loans, GET} route","service":"financial-platform","timestamp":"2025-12-05T22:14:27.095Z"}
{"context":"RouterExplorer","level":"info","message":"Mapped {/api/loans/:id, GET} route","service":"financial-platform","timestamp":"2025-12-05T22:14:27.095Z"}
{"context":"RouterExplorer","level":"info","message":"Mapped {/api/loans/:id/repayments, GET} route","service":"financial-platform","timestamp":"2025-12-05T22:14:27.095Z"}
{"context":"RouterExplorer","level":"info","message":"Mapped {/api/loans/:id/repayments, POST} route","service":"financial-platform","timestamp":"2025-12-05T22:14:27.095Z"}
{"context":"RouterExplorer","level":"info","message":"Mapped {/api/loans/:id/approve, PATCH} route","service":"financial-platform","timestamp":"2025-12-05T22:14:27.096Z"}
{"context":"RouterExplorer","level":"info","message":"Mapped {/api/loans/:id/reject, PATCH} route","service":"financial-platform","timestamp":"2025-12-05T22:14:27.096Z"}
{"context":"RoutesResolver","level":"info","message":"ExchangeController {/api/exchange}:","service":"financial-platform","timestamp":"2025-12-05T22:14:27.096Z"}
{"context":"RouterExplorer","level":"info","message":"Mapped {/api/exchange/convert, GET} route","service":"financial-platform","timestamp":"2025-12-05T22:14:27.097Z"}
{"context":"NestApplication","level":"info","message":"Nest application successfully started","service":"financial-platform","timestamp":"2025-12-05T22:14:27.106Z"}
{"level":"info","message":"Application is running on: https://192.168.1.199:3000 or http://localhost:3000","service":"financial-platform","timestamp":"2025-12-05T22:14:27.111Z"}
{"context":"NotificationsGateway","level":"debug","message":"Client connected to notifications (user: 1d3ad160-120e-4423-bd71-8873d720fb11)","service":"financial-platform","timestamp":"2025-12-05T22:14:27.752Z"}
{"context":"RoutesResolver","level":"info","message":"AuthController {/api/auth}:","service":"financial-platform","timestamp":"2025-12-05T22:14:33.992Z"}
{"context":"RouterExplorer","level":"info","message":"Mapped {/api/auth/register, POST} route","service":"financial-platform","timestamp":"2025-12-05T22:14:33.997Z"}
{"context":"RouterExplorer","level":"info","message":"Mapped {/api/auth/login, POST} route","service":"financial-platform","timestamp":"2025-12-05T22:14:33.998Z"}
{"context":"RouterExplorer","level":"info","message":"Mapped {/api/auth/refresh, POST} route","service":"financial-platform","timestamp":"2025-12-05T22:14:33.999Z"}
{"context":"RouterExplorer","level":"info","message":"Mapped {/api/auth/logout, POST} route","service":"financial-platform","timestamp":"2025-12-05T22:14:34.000Z"}
{"context":"RouterExplorer","level":"info","message":"Mapped {/api/auth/google, GET} route","service":"financial-platform","timestamp":"2025-12-05T22:14:34.001Z"}
{"context":"RouterExplorer","level":"info","message":"Mapped {/api/auth/google/callback, GET} route","service":"financial-platform","timestamp":"2025-12-05T22:14:34.002Z"}
{"context":"RouterExplorer","level":"info","message":"Mapped {/api/auth/profile, GET} route","service":"financial-platform","timestamp":"2025-12-05T22:14:34.003Z"}
{"context":"RouterExplorer","level":"info","message":"Mapped {/api/auth/2fa/setup, GET} route","service":"financial-platform","timestamp":"2025-12-05T22:14:34.004Z"}
{"context":"RouterExplorer","level":"info","message":"Mapped {/api/auth/2fa/enable, POST} route","service":"financial-platform","timestamp":"2025-12-05T22:14:34.005Z"}
{"context":"RouterExplorer","level":"info","message":"Mapped {/api/auth/2fa/disable, POST} route","service":"financial-platform","timestamp":"2025-12-05T22:14:34.006Z"}
{"context":"RouterExplorer","level":"info","message":"Mapped {/api/auth/2fa/verify, POST} route","service":"financial-platform","timestamp":"2025-12-05T22:14:34.007Z"}
{"context":"RoutesResolver","level":"info","message":"UsersController {/api/users}:","service":"financial-platform","timestamp":"2025-12-05T22:14:34.008Z"}
{"context":"RouterExplorer","level":"info","message":"Mapped {/api/users, POST} route","service":"financial-platform","timestamp":"2025-12-05T22:14:34.008Z"}
{"context":"RouterExplorer","level":"info","message":"Mapped {/api/users, GET} route","service":"financial-platform","timestamp":"2025-12-05T22:14:34.009Z"}
{"context":"RouterExplorer","level":"info","message":"Mapped {/api/users/profile, GET} route","service":"financial-platform","timestamp":"2025-12-05T22:14:34.010Z"}
{"context":"RouterExplorer","level":"info","message":"Mapped {/api/users/:id, GET} route","service":"financial-platform","timestamp":"2025-12-05T22:14:34.011Z"}
{"context":"RouterExplorer","level":"info","message":"Mapped {/api/users/profile, PATCH} route","service":"financial-platform","timestamp":"2025-12-05T22:14:34.012Z"}
{"context":"RouterExplorer","level":"info","message":"Mapped {/api/users/:id, PATCH} route","service":"financial-platform","timestamp":"2025-12-05T22:14:34.013Z"}
{"context":"RouterExplorer","level":"info","message":"Mapped {/api/users/:id, DELETE} route","service":"financial-platform","timestamp":"2025-12-05T22:14:34.014Z"}
{"context":"RoutesResolver","level":"info","message":"AccountsController {/api/accounts}:","service":"financial-platform","timestamp":"2025-12-05T22:14:34.014Z"}
{"context":"RouterExplorer","level":"info","message":"Mapped {/api/accounts, GET} route","service":"financial-platform","timestamp":"2025-12-05T22:14:34.015Z"}
{"context":"RouterExplorer","level":"info","message":"Mapped {/api/accounts/:id, GET} route","service":"financial-platform","timestamp":"2025-12-05T22:14:34.015Z"}
{"context":"RouterExplorer","level":"info","message":"Mapped {/api/accounts/:id/balance, GET} route","service":"financial-platform","timestamp":"2025-12-05T22:14:34.016Z"}
{"context":"RouterExplorer","level":"info","message":"Mapped {/api/accounts, POST} route","service":"financial-platform","timestamp":"2025-12-05T22:14:34.016Z"}
{"context":"RouterExplorer","level":"info","message":"Mapped {/api/accounts/:id, PATCH} route","service":"financial-platform","timestamp":"2025-12-05T22:14:34.016Z"}
{"context":"RoutesResolver","level":"info","message":"TransactionsController {/api/transactions}:","service":"financial-platform","timestamp":"2025-12-05T22:14:34.017Z"}
{"context":"RouterExplorer","level":"info","message":"Mapped {/api/transactions/transfer, POST} route","service":"financial-platform","timestamp":"2025-12-05T22:14:34.017Z"}
{"context":"RouterExplorer","level":"info","message":"Mapped {/api/transactions/deposit, POST} route","service":"financial-platform","timestamp":"2025-12-05T22:14:34.018Z"}
{"context":"RouterExplorer","level":"info","message":"Mapped {/api/transactions/withdraw, POST} route","service":"financial-platform","timestamp":"2025-12-05T22:14:34.019Z"}
{"context":"RouterExplorer","level":"info","message":"Mapped {/api/transactions, GET} route","service":"financial-platform","timestamp":"2025-12-05T22:14:34.019Z"}
{"context":"RouterExplorer","level":"info","message":"Mapped {/api/transactions/pending, GET} route","service":"financial-platform","timestamp":"2025-12-05T22:14:34.020Z"}
{"context":"RouterExplorer","level":"info","message":"Mapped {/api/transactions/pending/:id, GET} route","service":"financial-platform","timestamp":"2025-12-05T22:14:34.021Z"}
{"context":"RouterExplorer","level":"info","message":"Mapped {/api/transactions/admin, POST} route","service":"financial-platform","timestamp":"2025-12-05T22:14:34.022Z"}
{"context":"RouterExplorer","level":"info","message":"Mapped {/api/transactions/:id/validate, PATCH} route","service":"financial-platform","timestamp":"2025-12-05T22:14:34.023Z"}
{"context":"RoutesResolver","level":"info","message":"KycController {/api/kyc}:","service":"financial-platform","timestamp":"2025-12-05T22:14:34.023Z"}
{"context":"RouterExplorer","level":"info","message":"Mapped {/api/kyc/documents, POST} route","service":"financial-platform","timestamp":"2025-12-05T22:14:34.024Z"}
{"context":"RouterExplorer","level":"info","message":"Mapped {/api/kyc/documents, GET} route","service":"financial-platform","timestamp":"2025-12-05T22:14:34.024Z"}
{"context":"RouterExplorer","level":"info","message":"Mapped {/api/kyc/documents/pending, GET} route","service":"financial-platform","timestamp":"2025-12-05T22:14:34.025Z"}
{"context":"RouterExplorer","level":"info","message":"Mapped {/api/kyc/documents/:id/review, PATCH} route","service":"financial-platform","timestamp":"2025-12-05T22:14:34.025Z"}
{"context":"RoutesResolver","level":"info","message":"AuditLogsController {/api/audit-logs}:","service":"financial-platform","timestamp":"2025-12-05T22:14:34.026Z"}
{"context":"RouterExplorer","level":"info","message":"Mapped {/api/audit-logs, GET} route","service":"financial-platform","timestamp":"2025-12-05T22:14:34.026Z"}
{"context":"RouterExplorer","level":"info","message":"Mapped {/api/audit-logs/me, GET} route","service":"financial-platform","timestamp":"2025-12-05T22:14:34.026Z"}
{"context":"RoutesResolver","level":"info","message":"LoansController {/api/loans}:","service":"financial-platform","timestamp":"2025-12-05T22:14:34.027Z"}
{"context":"RouterExplorer","level":"info","message":"Mapped {/api/loans, POST} route","service":"financial-platform","timestamp":"2025-12-05T22:14:34.027Z"}
{"context":"RouterExplorer","level":"info","message":"Mapped {/api/loans, GET} route","service":"financial-platform","timestamp":"2025-12-05T22:14:34.028Z"}
{"context":"RouterExplorer","level":"info","message":"Mapped {/api/loans/:id, GET} route","service":"financial-platform","timestamp":"2025-12-05T22:14:34.028Z"}
{"context":"RouterExplorer","level":"info","message":"Mapped {/api/loans/:id/repayments, GET} route","service":"financial-platform","timestamp":"2025-12-05T22:14:34.028Z"}
{"context":"RouterExplorer","level":"info","message":"Mapped {/api/loans/:id/repayments, POST} route","service":"financial-platform","timestamp":"2025-12-05T22:14:34.029Z"}
{"context":"RouterExplorer","level":"info","message":"Mapped {/api/loans/:id/approve, PATCH} route","service":"financial-platform","timestamp":"2025-12-05T22:14:34.029Z"}
{"context":"RouterExplorer","level":"info","message":"Mapped {/api/loans/:id/reject, PATCH} route","service":"financial-platform","timestamp":"2025-12-05T22:14:34.030Z"}
{"context":"RoutesResolver","level":"info","message":"ExchangeController {/api/exchange}:","service":"financial-platform","timestamp":"2025-12-05T22:14:34.030Z"}
{"context":"RouterExplorer","level":"info","message":"Mapped {/api/exchange/convert, GET} route","service":"financial-platform","timestamp":"2025-12-05T22:14:34.030Z"}
{"context":"NestApplication","level":"info","message":"Nest application successfully started","service":"financial-platform","timestamp":"2025-12-05T22:14:34.039Z"}
{"level":"info","message":"Application is running on: https://192.168.1.199:3000 or http://localhost:3000","service":"financial-platform","timestamp":"2025-12-05T22:14:34.044Z"}
{"context":"NotificationsGateway","level":"debug","message":"Client connected to notifications (user: 1d3ad160-120e-4423-bd71-8873d720fb11)","service":"financial-platform","timestamp":"2025-12-05T22:14:35.444Z"}
{"context":"RoutesResolver","level":"info","message":"AuthController {/api/auth}:","service":"financial-platform","timestamp":"2025-12-05T22:14:41.936Z"}
{"context":"RouterExplorer","level":"info","message":"Mapped {/api/auth/register, POST} route","service":"financial-platform","timestamp":"2025-12-05T22:14:41.942Z"}
{"context":"RouterExplorer","level":"info","message":"Mapped {/api/auth/login, POST} route","service":"financial-platform","timestamp":"2025-12-05T22:14:41.943Z"}
{"context":"RouterExplorer","level":"info","message":"Mapped {/api/auth/refresh, POST} route","service":"financial-platform","timestamp":"2025-12-05T22:14:41.944Z"}
{"context":"RouterExplorer","level":"info","message":"Mapped {/api/auth/logout, POST} route","service":"financial-platform","timestamp":"2025-12-05T22:14:41.945Z"}
{"context":"RouterExplorer","level":"info","message":"Mapped {/api/auth/google, GET} route","service":"financial-platform","timestamp":"2025-12-05T22:14:41.946Z"}
{"context":"RouterExplorer","level":"info","message":"Mapped {/api/auth/google/callback, GET} route","service":"financial-platform","timestamp":"2025-12-05T22:14:41.946Z"}
{"context":"RouterExplorer","level":"info","message":"Mapped {/api/auth/profile, GET} route","service":"financial-platform","timestamp":"2025-12-05T22:14:41.947Z"}
{"context":"RouterExplorer","level":"info","message":"Mapped {/api/auth/2fa/setup, GET} route","service":"financial-platform","timestamp":"2025-12-05T22:14:41.948Z"}
{"context":"RouterExplorer","level":"info","message":"Mapped {/api/auth/2fa/enable, POST} route","service":"financial-platform","timestamp":"2025-12-05T22:14:41.949Z"}
{"context":"RouterExplorer","level":"info","message":"Mapped {/api/auth/2fa/disable, POST} route","service":"financial-platform","timestamp":"2025-12-05T22:14:41.950Z"}
{"context":"RouterExplorer","level":"info","message":"Mapped {/api/auth/2fa/verify, POST} route","service":"financial-platform","timestamp":"2025-12-05T22:14:41.951Z"}
{"context":"RoutesResolver","level":"info","message":"UsersController {/api/users}:","service":"financial-platform","timestamp":"2025-12-05T22:14:41.951Z"}
{"context":"RouterExplorer","level":"info","message":"Mapped {/api/users, POST} route","service":"financial-platform","timestamp":"2025-12-05T22:14:41.952Z"}
{"context":"RouterExplorer","level":"info","message":"Mapped {/api/users, GET} route","service":"financial-platform","timestamp":"2025-12-05T22:14:41.953Z"}
{"context":"RouterExplorer","level":"info","message":"Mapped {/api/users/profile, GET} route","service":"financial-platform","timestamp":"2025-12-05T22:14:41.954Z"}
{"context":"RouterExplorer","level":"info","message":"Mapped {/api/users/:id, GET} route","service":"financial-platform","timestamp":"2025-12-05T22:14:41.955Z"}
{"context":"RouterExplorer","level":"info","message":"Mapped {/api/users/profile, PATCH} route","service":"financial-platform","timestamp":"2025-12-05T22:14:41.955Z"}
{"context":"RouterExplorer","level":"info","message":"Mapped {/api/users/:id, PATCH} route","service":"financial-platform","timestamp":"2025-12-05T22:14:41.956Z"}
{"context":"RouterExplorer","level":"info","message":"Mapped {/api/users/:id, DELETE} route","service":"financial-platform","timestamp":"2025-12-05T22:14:41.957Z"}
{"context":"RoutesResolver","level":"info","message":"AccountsController {/api/accounts}:","service":"financial-platform","timestamp":"2025-12-05T22:14:41.957Z"}
{"context":"RouterExplorer","level":"info","message":"Mapped {/api/accounts, GET} route","service":"financial-platform","timestamp":"2025-12-05T22:14:41.958Z"}
{"context":"RouterExplorer","level":"info","message":"Mapped {/api/accounts/:id, GET} route","service":"financial-platform","timestamp":"2025-12-05T22:14:41.958Z"}
{"context":"RouterExplorer","level":"info","message":"Mapped {/api/accounts/:id/balance, GET} route","service":"financial-platform","timestamp":"2025-12-05T22:14:41.959Z"}
{"context":"RouterExplorer","level":"info","message":"Mapped {/api/accounts, POST} route","service":"financial-platform","timestamp":"2025-12-05T22:14:41.959Z"}
{"context":"RouterExplorer","level":"info","message":"Mapped {/api/accounts/:id, PATCH} route","service":"financial-platform","timestamp":"2025-12-05T22:14:41.960Z"}
{"context":"RoutesResolver","level":"info","message":"TransactionsController {/api/transactions}:","service":"financial-platform","timestamp":"2025-12-05T22:14:41.960Z"}
{"context":"RouterExplorer","level":"info","message":"Mapped {/api/transactions/transfer, POST} route","service":"financial-platform","timestamp":"2025-12-05T22:14:41.960Z"}
{"context":"RouterExplorer","level":"info","message":"Mapped {/api/transactions/deposit, POST} route","service":"financial-platform","timestamp":"2025-12-05T22:14:41.961Z"}
{"context":"RouterExplorer","level":"info","message":"Mapped {/api/transactions/withdraw, POST} route","service":"financial-platform","timestamp":"2025-12-05T22:14:41.961Z"}
{"context":"RouterExplorer","level":"info","message":"Mapped {/api/transactions, GET} route","service":"financial-platform","timestamp":"2025-12-05T22:14:41.961Z"}
{"context":"RouterExplorer","level":"info","message":"Mapped {/api/transactions/pending, GET} route","service":"financial-platform","timestamp":"2025-12-05T22:14:41.962Z"}
{"context":"RouterExplorer","level":"info","message":"Mapped {/api/transactions/pending/:id, GET} route","service":"financial-platform","timestamp":"2025-12-05T22:14:41.962Z"}
{"context":"RouterExplorer","level":"info","message":"Mapped {/api/transactions/admin, POST} route","service":"financial-platform","timestamp":"2025-12-05T22:14:41.963Z"}
{"context":"RouterExplorer","level":"info","message":"Mapped {/api/transactions/:id/validate, PATCH} route","service":"financial-platform","timestamp":"2025-12-05T22:14:41.963Z"}
{"context":"RoutesResolver","level":"info","message":"KycController {/api/kyc}:","service":"financial-platform","timestamp":"2025-12-05T22:14:41.963Z"}
{"context":"RouterExplorer","level":"info","message":"Mapped {/api/kyc/documents, POST} route","service":"financial-platform","timestamp":"2025-12-05T22:14:41.964Z"}
{"context":"RouterExplorer","level":"info","message":"Mapped {/api/kyc/documents, GET} route","service":"financial-platform","timestamp":"2025-12-05T22:14:41.964Z"}
{"context":"RouterExplorer","level":"info","message":"Mapped {/api/kyc/documents/pending, GET} route","service":"financial-platform","timestamp":"2025-12-05T22:14:41.965Z"}
{"context":"RouterExplorer","level":"info","message":"Mapped {/api/kyc/documents/:id/review, PATCH} route","service":"financial-platform","timestamp":"2025-12-05T22:14:41.966Z"}
{"context":"RoutesResolver","level":"info","message":"AuditLogsController {/api/audit-logs}:","service":"financial-platform","timestamp":"2025-12-05T22:14:41.966Z"}
{"context":"RouterExplorer","level":"info","message":"Mapped {/api/audit-logs, GET} route","service":"financial-platform","timestamp":"2025-12-05T22:14:41.966Z"}
{"context":"RouterExplorer","level":"info","message":"Mapped {/api/audit-logs/me, GET} route","service":"financial-platform","timestamp":"2025-12-05T22:14:41.967Z"}
{"context":"RoutesResolver","level":"info","message":"LoansController {/api/loans}:","service":"financial-platform","timestamp":"2025-12-05T22:14:41.967Z"}
{"context":"RouterExplorer","level":"info","message":"Mapped {/api/loans, POST} route","service":"financial-platform","timestamp":"2025-12-05T22:14:41.967Z"}
{"context":"RouterExplorer","level":"info","message":"Mapped {/api/loans, GET} route","service":"financial-platform","timestamp":"2025-12-05T22:14:41.968Z"}
{"context":"RouterExplorer","level":"info","message":"Mapped {/api/loans/:id, GET} route","service":"financial-platform","timestamp":"2025-12-05T22:14:41.968Z"}
{"context":"RouterExplorer","level":"info","message":"Mapped {/api/loans/:id/repayments, GET} route","service":"financial-platform","timestamp":"2025-12-05T22:14:41.969Z"}
{"context":"RouterExplorer","level":"info","message":"Mapped {/api/loans/:id/repayments, POST} route","service":"financial-platform","timestamp":"2025-12-05T22:14:41.969Z"}
{"context":"RouterExplorer","level":"info","message":"Mapped {/api/loans/:id/approve, PATCH} route","service":"financial-platform","timestamp":"2025-12-05T22:14:41.969Z"}
{"context":"RouterExplorer","level":"info","message":"Mapped {/api/loans/:id/reject, PATCH} route","service":"financial-platform","timestamp":"2025-12-05T22:14:41.970Z"}
{"context":"RoutesResolver","level":"info","message":"ExchangeController {/api/exchange}:","service":"financial-platform","timestamp":"2025-12-05T22:14:41.970Z"}
{"context":"RouterExplorer","level":"info","message":"Mapped {/api/exchange/convert, GET} route","service":"financial-platform","timestamp":"2025-12-05T22:14:41.970Z"}
{"context":"NestApplication","level":"info","message":"Nest application successfully started","service":"financial-platform","timestamp":"2025-12-05T22:14:41.977Z"}
{"level":"info","message":"Application is running on: https://192.168.1.199:3000 or http://localhost:3000","service":"financial-platform","timestamp":"2025-12-05T22:14:41.982Z"}
{"context":"NotificationsGateway","level":"debug","message":"Client connected to notifications (user: 1d3ad160-120e-4423-bd71-8873d720fb11)","service":"financial-platform","timestamp":"2025-12-05T22:14:43.799Z"}
{"context":"RoutesResolver","level":"info","message":"AuthController {/api/auth}:","service":"financial-platform","timestamp":"2025-12-05T22:21:02.640Z"}
{"context":"RouterExplorer","level":"info","message":"Mapped {/api/auth/register, POST} route","service":"financial-platform","timestamp":"2025-12-05T22:21:02.650Z"}
{"context":"RouterExplorer","level":"info","message":"Mapped {/api/auth/login, POST} route","service":"financial-platform","timestamp":"2025-12-05T22:21:02.653Z"}
{"context":"RouterExplorer","level":"info","message":"Mapped {/api/auth/refresh, POST} route","service":"financial-platform","timestamp":"2025-12-05T22:21:02.654Z"}
{"context":"RouterExplorer","level":"info","message":"Mapped {/api/auth/logout, POST} route","service":"financial-platform","timestamp":"2025-12-05T22:21:02.656Z"}
{"context":"RouterExplorer","level":"info","message":"Mapped {/api/auth/google, GET} route","service":"financial-platform","timestamp":"2025-12-05T22:21:02.658Z"}
{"context":"RouterExplorer","level":"info","message":"Mapped {/api/auth/google/callback, GET} route","service":"financial-platform","timestamp":"2025-12-05T22:21:02.660Z"}
{"context":"RouterExplorer","level":"info","message":"Mapped {/api/auth/profile, GET} route","service":"financial-platform","timestamp":"2025-12-05T22:21:02.661Z"}
{"context":"RouterExplorer","level":"info","message":"Mapped {/api/auth/2fa/setup, GET} route","service":"financial-platform","timestamp":"2025-12-05T22:21:02.662Z"}
{"context":"RouterExplorer","level":"info","message":"Mapped {/api/auth/2fa/enable, POST} route","service":"financial-platform","timestamp":"2025-12-05T22:21:02.663Z"}
{"context":"RouterExplorer","level":"info","message":"Mapped {/api/auth/2fa/disable, POST} route","service":"financial-platform","timestamp":"2025-12-05T22:21:02.665Z"}
{"context":"RouterExplorer","level":"info","message":"Mapped {/api/auth/2fa/verify, POST} route","service":"financial-platform","timestamp":"2025-12-05T22:21:02.666Z"}
{"context":"RoutesResolver","level":"info","message":"UsersController {/api/users}:","service":"financial-platform","timestamp":"2025-12-05T22:21:02.667Z"}
{"context":"RouterExplorer","level":"info","message":"Mapped {/api/users, POST} route","service":"financial-platform","timestamp":"2025-12-05T22:21:02.668Z"}
{"context":"RouterExplorer","level":"info","message":"Mapped {/api/users, GET} route","service":"financial-platform","timestamp":"2025-12-05T22:21:02.668Z"}
{"context":"RouterExplorer","level":"info","message":"Mapped {/api/users/profile, GET} route","service":"financial-platform","timestamp":"2025-12-05T22:21:02.669Z"}
{"context":"RouterExplorer","level":"info","message":"Mapped {/api/users/:id, GET} route","service":"financial-platform","timestamp":"2025-12-05T22:21:02.671Z"}
{"context":"RouterExplorer","level":"info","message":"Mapped {/api/users/profile, PATCH} route","service":"financial-platform","timestamp":"2025-12-05T22:21:02.671Z"}
{"context":"RouterExplorer","level":"info","message":"Mapped {/api/users/:id, PATCH} route","service":"financial-platform","timestamp":"2025-12-05T22:21:02.672Z"}
{"context":"RouterExplorer","level":"info","message":"Mapped {/api/users/:id, DELETE} route","service":"financial-platform","timestamp":"2025-12-05T22:21:02.673Z"}
{"context":"RoutesResolver","level":"info","message":"AccountsController {/api/accounts}:","service":"financial-platform","timestamp":"2025-12-05T22:21:02.673Z"}
{"context":"RouterExplorer","level":"info","message":"Mapped {/api/accounts, GET} route","service":"financial-platform","timestamp":"2025-12-05T22:21:02.674Z"}
{"context":"RouterExplorer","level":"info","message":"Mapped {/api/accounts/:id, GET} route","service":"financial-platform","timestamp":"2025-12-05T22:21:02.674Z"}
{"context":"RouterExplorer","level":"info","message":"Mapped {/api/accounts/:id/balance, GET} route","service":"financial-platform","timestamp":"2025-12-05T22:21:02.675Z"}
{"context":"RouterExplorer","level":"info","message":"Mapped {/api/accounts, POST} route","service":"financial-platform","timestamp":"2025-12-05T22:21:02.675Z"}
{"context":"RouterExplorer","level":"info","message":"Mapped {/api/accounts/:id, PATCH} route","service":"financial-platform","timestamp":"2025-12-05T22:21:02.676Z"}
{"context":"RoutesResolver","level":"info","message":"TransactionsController {/api/transactions}:","service":"financial-platform","timestamp":"2025-12-05T22:21:02.676Z"}
{"context":"RouterExplorer","level":"info","message":"Mapped {/api/transactions/transfer, POST} route","service":"financial-platform","timestamp":"2025-12-05T22:21:02.676Z"}
{"context":"RouterExplorer","level":"info","message":"Mapped {/api/transactions/deposit, POST} route","service":"financial-platform","timestamp":"2025-12-05T22:21:02.677Z"}
{"context":"RouterExplorer","level":"info","message":"Mapped {/api/transactions/withdraw, POST} route","service":"financial-platform","timestamp":"2025-12-05T22:21:02.677Z"}
{"context":"RouterExplorer","level":"info","message":"Mapped {/api/transactions, GET} route","service":"financial-platform","timestamp":"2025-12-05T22:21:02.678Z"}
{"context":"RouterExplorer","level":"info","message":"Mapped {/api/transactions/pending, GET} route","service":"financial-platform","timestamp":"2025-12-05T22:21:02.678Z"}
{"context":"RouterExplorer","level":"info","message":"Mapped {/api/transactions/pending/:id, GET} route","service":"financial-platform","timestamp":"2025-12-05T22:21:02.679Z"}
{"context":"RouterExplorer","level":"info","message":"Mapped {/api/transactions/admin, POST} route","service":"financial-platform","timestamp":"2025-12-05T22:21:02.679Z"}
{"context":"RouterExplorer","level":"info","message":"Mapped {/api/transactions/:id/validate, PATCH} route","service":"financial-platform","timestamp":"2025-12-05T22:21:02.680Z"}
{"context":"RoutesResolver","level":"info","message":"KycController {/api/kyc}:","service":"financial-platform","timestamp":"2025-12-05T22:21:02.680Z"}
{"context":"RouterExplorer","level":"info","message":"Mapped {/api/kyc/documents, POST} route","service":"financial-platform","timestamp":"2025-12-05T22:21:02.681Z"}
{"context":"RouterExplorer","level":"info","message":"Mapped {/api/kyc/documents, GET} route","service":"financial-platform","timestamp":"2025-12-05T22:21:02.681Z"}
{"context":"RouterExplorer","level":"info","message":"Mapped {/api/kyc/documents/pending, GET} route","service":"financial-platform","timestamp":"2025-12-05T22:21:02.682Z"}
{"context":"RouterExplorer","level":"info","message":"Mapped {/api/kyc/documents/:id/review, PATCH} route","service":"financial-platform","timestamp":"2025-12-05T22:21:02.682Z"}
{"context":"RoutesResolver","level":"info","message":"AuditLogsController {/api/audit-logs}:","service":"financial-platform","timestamp":"2025-12-05T22:21:02.682Z"}
{"context":"RouterExplorer","level":"info","message":"Mapped {/api/audit-logs, GET} route","service":"financial-platform","timestamp":"2025-12-05T22:21:02.683Z"}
{"context":"RouterExplorer","level":"info","message":"Mapped {/api/audit-logs/me, GET} route","service":"financial-platform","timestamp":"2025-12-05T22:21:02.683Z"}
{"context":"RoutesResolver","level":"info","message":"LoansController {/api/loans}:","service":"financial-platform","timestamp":"2025-12-05T22:21:02.684Z"}
{"context":"RouterExplorer","level":"info","message":"Mapped {/api/loans, POST} route","service":"financial-platform","timestamp":"2025-12-05T22:21:02.684Z"}
{"context":"RouterExplorer","level":"info","message":"Mapped {/api/loans, GET} route","service":"financial-platform","timestamp":"2025-12-05T22:21:02.685Z"}
{"context":"RouterExplorer","level":"info","message":"Mapped {/api/loans/:id, GET} route","service":"financial-platform","timestamp":"2025-12-05T22:21:02.685Z"}
{"context":"RouterExplorer","level":"info","message":"Mapped {/api/loans/:id/repayments, GET} route","service":"financial-platform","timestamp":"2025-12-05T22:21:02.685Z"}
{"context":"RouterExplorer","level":"info","message":"Mapped {/api/loans/:id/repayments, POST} route","service":"financial-platform","timestamp":"2025-12-05T22:21:02.686Z"}
{"context":"RouterExplorer","level":"info","message":"Mapped {/api/loans/:id/approve, PATCH} route","service":"financial-platform","timestamp":"2025-12-05T22:21:02.686Z"}
{"context":"RouterExplorer","level":"info","message":"Mapped {/api/loans/:id/reject, PATCH} route","service":"financial-platform","timestamp":"2025-12-05T22:21:02.687Z"}
{"context":"RoutesResolver","level":"info","message":"ExchangeController {/api/exchange}:","service":"financial-platform","timestamp":"2025-12-05T22:21:02.687Z"}
{"context":"RouterExplorer","level":"info","message":"Mapped {/api/exchange/convert, GET} route","service":"financial-platform","timestamp":"2025-12-05T22:21:02.688Z"}
{"context":"NestApplication","level":"info","message":"Nest application successfully started","service":"financial-platform","timestamp":"2025-12-05T22:21:02.699Z"}
{"level":"info","message":"Application is running on: https://192.168.1.199:3000 or http://localhost:3000","service":"financial-platform","timestamp":"2025-12-05T22:21:02.704Z"}
{"context":"NotificationsGateway","level":"debug","message":"Client connected to notifications (user: 1d3ad160-120e-4423-bd71-8873d720fb11)","service":"financial-platform","timestamp":"2025-12-05T22:21:03.808Z"}
{"context":"NotificationsGateway","level":"debug","message":"Client disconnected from notifications (user: 1d3ad160-120e-4423-bd71-8873d720fb11)","service":"financial-platform","timestamp":"2025-12-05T22:23:15.689Z"}
{"context":"NotificationsGateway","level":"debug","message":"Client connected to notifications (user: 1d3ad160-120e-4423-bd71-8873d720fb11)","service":"financial-platform","timestamp":"2025-12-05T22:23:16.608Z"}
{"context":"RoutesResolver","level":"info","message":"AuthController {/api/auth}:","service":"financial-platform","timestamp":"2025-12-05T22:28:12.881Z"}
{"context":"RouterExplorer","level":"info","message":"Mapped {/api/auth/register, POST} route","service":"financial-platform","timestamp":"2025-12-05T22:28:12.890Z"}
{"context":"RouterExplorer","level":"info","message":"Mapped {/api/auth/login, POST} route","service":"financial-platform","timestamp":"2025-12-05T22:28:12.892Z"}
{"context":"RouterExplorer","level":"info","message":"Mapped {/api/auth/refresh, POST} route","service":"financial-platform","timestamp":"2025-12-05T22:28:12.894Z"}
{"context":"RouterExplorer","level":"info","message":"Mapped {/api/auth/logout, POST} route","service":"financial-platform","timestamp":"2025-12-05T22:28:12.896Z"}
{"context":"RouterExplorer","level":"info","message":"Mapped {/api/auth/google, GET} route","service":"financial-platform","timestamp":"2025-12-05T22:28:12.897Z"}
{"context":"RouterExplorer","level":"info","message":"Mapped {/api/auth/google/callback, GET} route","service":"financial-platform","timestamp":"2025-12-05T22:28:12.898Z"}
{"context":"RouterExplorer","level":"info","message":"Mapped {/api/auth/profile, GET} route","service":"financial-platform","timestamp":"2025-12-05T22:28:12.900Z"}
{"context":"RouterExplorer","level":"info","message":"Mapped {/api/auth/2fa/setup, GET} route","service":"financial-platform","timestamp":"2025-12-05T22:28:12.901Z"}
{"context":"RouterExplorer","level":"info","message":"Mapped {/api/auth/2fa/enable, POST} route","service":"financial-platform","timestamp":"2025-12-05T22:28:12.902Z"}
{"context":"RouterExplorer","level":"info","message":"Mapped {/api/auth/2fa/disable, POST} route","service":"financial-platform","timestamp":"2025-12-05T22:28:12.903Z"}
{"context":"RouterExplorer","level":"info","message":"Mapped {/api/auth/2fa/verify, POST} route","service":"financial-platform","timestamp":"2025-12-05T22:28:12.904Z"}
{"context":"RoutesResolver","level":"info","message":"UsersController {/api/users}:","service":"financial-platform","timestamp":"2025-12-05T22:28:12.905Z"}
{"context":"RouterExplorer","level":"info","message":"Mapped {/api/users, POST} route","service":"financial-platform","timestamp":"2025-12-05T22:28:12.905Z"}
{"context":"RouterExplorer","level":"info","message":"Mapped {/api/users, GET} route","service":"financial-platform","timestamp":"2025-12-05T22:28:12.906Z"}
{"context":"RouterExplorer","level":"info","message":"Mapped {/api/users/profile, GET} route","service":"financial-platform","timestamp":"2025-12-05T22:28:12.908Z"}
{"context":"RouterExplorer","level":"info","message":"Mapped {/api/users/:id, GET} route","service":"financial-platform","timestamp":"2025-12-05T22:28:12.909Z"}
{"context":"RouterExplorer","level":"info","message":"Mapped {/api/users/profile, PATCH} route","service":"financial-platform","timestamp":"2025-12-05T22:28:12.910Z"}
{"context":"RouterExplorer","level":"info","message":"Mapped {/api/users/:id, PATCH} route","service":"financial-platform","timestamp":"2025-12-05T22:28:12.912Z"}
{"context":"RouterExplorer","level":"info","message":"Mapped {/api/users/:id, DELETE} route","service":"financial-platform","timestamp":"2025-12-05T22:28:12.913Z"}
{"context":"RoutesResolver","level":"info","message":"AccountsController {/api/accounts}:","service":"financial-platform","timestamp":"2025-12-05T22:28:12.914Z"}
{"context":"RouterExplorer","level":"info","message":"Mapped {/api/accounts, GET} route","service":"financial-platform","timestamp":"2025-12-05T22:28:12.915Z"}
{"context":"RouterExplorer","level":"info","message":"Mapped {/api/accounts/:id, GET} route","service":"financial-platform","timestamp":"2025-12-05T22:28:12.916Z"}
{"context":"RouterExplorer","level":"info","message":"Mapped {/api/accounts/:id/balance, GET} route","service":"financial-platform","timestamp":"2025-12-05T22:28:12.917Z"}
{"context":"RouterExplorer","level":"info","message":"Mapped {/api/accounts, POST} route","service":"financial-platform","timestamp":"2025-12-05T22:28:12.917Z"}
{"context":"RouterExplorer","level":"info","message":"Mapped {/api/accounts/:id, PATCH} route","service":"financial-platform","timestamp":"2025-12-05T22:28:12.918Z"}
{"context":"RoutesResolver","level":"info","message":"TransactionsController {/api/transactions}:","service":"financial-platform","timestamp":"2025-12-05T22:28:12.918Z"}
{"context":"RouterExplorer","level":"info","message":"Mapped {/api/transactions/transfer, POST} route","service":"financial-platform","timestamp":"2025-12-05T22:28:12.919Z"}
{"context":"RouterExplorer","level":"info","message":"Mapped {/api/transactions/deposit, POST} route","service":"financial-platform","timestamp":"2025-12-05T22:28:12.920Z"}
{"context":"RouterExplorer","level":"info","message":"Mapped {/api/transactions/withdraw, POST} route","service":"financial-platform","timestamp":"2025-12-05T22:28:12.921Z"}
{"context":"RouterExplorer","level":"info","message":"Mapped {/api/transactions, GET} route","service":"financial-platform","timestamp":"2025-12-05T22:28:12.921Z"}
{"context":"RouterExplorer","level":"info","message":"Mapped {/api/transactions/pending, GET} route","service":"financial-platform","timestamp":"2025-12-05T22:28:12.922Z"}
{"context":"RouterExplorer","level":"info","message":"Mapped {/api/transactions/pending/:id, GET} route","service":"financial-platform","timestamp":"2025-12-05T22:28:12.922Z"}
{"context":"RouterExplorer","level":"info","message":"Mapped {/api/transactions/admin, POST} route","service":"financial-platform","timestamp":"2025-12-05T22:28:12.923Z"}
{"context":"RouterExplorer","level":"info","message":"Mapped {/api/transactions/:id/validate, PATCH} route","service":"financial-platform","timestamp":"2025-12-05T22:28:12.924Z"}
{"context":"RoutesResolver","level":"info","message":"KycController {/api/kyc}:","service":"financial-platform","timestamp":"2025-12-05T22:28:12.924Z"}
{"context":"RouterExplorer","level":"info","message":"Mapped {/api/kyc/documents, POST} route","service":"financial-platform","timestamp":"2025-12-05T22:28:12.925Z"}
{"context":"RouterExplorer","level":"info","message":"Mapped {/api/kyc/documents, GET} route","service":"financial-platform","timestamp":"2025-12-05T22:28:12.928Z"}
{"context":"RouterExplorer","level":"info","message":"Mapped {/api/kyc/documents/pending, GET} route","service":"financial-platform","timestamp":"2025-12-05T22:28:12.929Z"}
{"context":"RouterExplorer","level":"info","message":"Mapped {/api/kyc/documents/:id/review, PATCH} route","service":"financial-platform","timestamp":"2025-12-05T22:28:12.930Z"}
{"context":"RoutesResolver","level":"info","message":"AuditLogsController {/api/audit-logs}:","service":"financial-platform","timestamp":"2025-12-05T22:28:12.930Z"}
{"context":"RouterExplorer","level":"info","message":"Mapped {/api/audit-logs, GET} route","service":"financial-platform","timestamp":"2025-12-05T22:28:12.931Z"}
{"context":"RouterExplorer","level":"info","message":"Mapped {/api/audit-logs/me, GET} route","service":"financial-platform","timestamp":"2025-12-05T22:28:12.932Z"}
{"context":"RoutesResolver","level":"info","message":"LoansController {/api/loans}:","service":"financial-platform","timestamp":"2025-12-05T22:28:12.933Z"}
{"context":"RouterExplorer","level":"info","message":"Mapped {/api/loans, POST} route","service":"financial-platform","timestamp":"2025-12-05T22:28:12.934Z"}
{"context":"RouterExplorer","level":"info","message":"Mapped {/api/loans, GET} route","service":"financial-platform","timestamp":"2025-12-05T22:28:12.934Z"}
{"context":"RouterExplorer","level":"info","message":"Mapped {/api/loans/:id, GET} route","service":"financial-platform","timestamp":"2025-12-05T22:28:12.935Z"}
{"context":"RouterExplorer","level":"info","message":"Mapped {/api/loans/:id/repayments, GET} route","service":"financial-platform","timestamp":"2025-12-05T22:28:12.935Z"}
{"context":"RouterExplorer","level":"info","message":"Mapped {/api/loans/:id/repayments, POST} route","service":"financial-platform","timestamp":"2025-12-05T22:28:12.936Z"}
{"context":"RouterExplorer","level":"info","message":"Mapped {/api/loans/:id/approve, PATCH} route","service":"financial-platform","timestamp":"2025-12-05T22:28:12.936Z"}
{"context":"RouterExplorer","level":"info","message":"Mapped {/api/loans/:id/reject, PATCH} route","service":"financial-platform","timestamp":"2025-12-05T22:28:12.937Z"}
{"context":"RoutesResolver","level":"info","message":"ExchangeController {/api/exchange}:","service":"financial-platform","timestamp":"2025-12-05T22:28:12.937Z"}
{"context":"RouterExplorer","level":"info","message":"Mapped {/api/exchange/convert, GET} route","service":"financial-platform","timestamp":"2025-12-05T22:28:12.938Z"}
{"context":"NestApplication","level":"info","message":"Nest application successfully started","service":"financial-platform","timestamp":"2025-12-05T22:28:12.955Z"}
{"level":"info","message":"Application is running on: https://192.168.1.199:3000 or http://localhost:3000","service":"financial-platform","timestamp":"2025-12-05T22:28:12.964Z"}
{"context":"NotificationsGateway","level":"debug","message":"Client connected to notifications (user: 1d3ad160-120e-4423-bd71-8873d720fb11)","service":"financial-platform","timestamp":"2025-12-05T22:28:14.006Z"}
{"context":"NotificationsGateway","level":"debug","message":"Client disconnected from notifications (user: 1d3ad160-120e-4423-bd71-8873d720fb11)","service":"financial-platform","timestamp":"2025-12-05T22:44:57.819Z"}
{"context":"NotificationsGateway","level":"debug","message":"Client connected to notifications (user: 1d3ad160-120e-4423-bd71-8873d720fb11)","service":"financial-platform","timestamp":"2025-12-05T22:45:10.384Z"}
{"context":"NotificationsService","level":"info","message":"notification: {\"id\":\"ebb24618-e2ae-4b36-b41b-878fccddb227\",\"event\":\"transaction.updated\",\"createdAt\":\"2025-12-05T22:47:40.049Z\",\"userId\":\"b4868eb2-15d9-4c0e-aa30-af039df5dd82\"}","service":"financial-platform","timestamp":"2025-12-05T22:47:40.049Z"}
{"context":"EmailService","level":"info","message":"email: {\"to\":\"contenedoresblasco@gmail.com\",\"subject\":\"Transaction approuvée\",\"text\":\"Votre transaction DEPOSIT de 100,00 € a été approuvée.\"}","service":"financial-platform","timestamp":"2025-12-05T22:47:40.312Z"}
{"context":"EmailService","level":"error","message":"Failed to send email to contenedoresblasco@gmail.com: Invalid login: 535 Authentication failed: The provided authorization grant is invalid, expired, or revoked","service":"financial-platform","timestamp":"2025-12-05T22:47:47.916Z"}
{"context":"EmailService","level":"info","message":"email.error: {\"to\":\"contenedoresblasco@gmail.com\",\"subject\":\"Transaction approuvée\",\"error\":\"Invalid login: 535 Authentication failed: The provided authorization grant is invalid, expired, or revoked\"}","service":"financial-platform","timestamp":"2025-12-05T22:47:47.933Z"}
{"context":"RoutesResolver","level":"info","message":"AuthController {/api/auth}:","service":"financial-platform","timestamp":"2025-12-05T23:10:56.456Z"}
{"context":"RouterExplorer","level":"info","message":"Mapped {/api/auth/register, POST} route","service":"financial-platform","timestamp":"2025-12-05T23:10:56.476Z"}
{"context":"RouterExplorer","level":"info","message":"Mapped {/api/auth/login, POST} route","service":"financial-platform","timestamp":"2025-12-05T23:10:56.479Z"}
{"context":"RouterExplorer","level":"info","message":"Mapped {/api/auth/refresh, POST} route","service":"financial-platform","timestamp":"2025-12-05T23:10:56.481Z"}
{"context":"RouterExplorer","level":"info","message":"Mapped {/api/auth/logout, POST} route","service":"financial-platform","timestamp":"2025-12-05T23:10:56.482Z"}
{"context":"RouterExplorer","level":"info","message":"Mapped {/api/auth/google, GET} route","service":"financial-platform","timestamp":"2025-12-05T23:10:56.484Z"}
{"context":"RouterExplorer","level":"info","message":"Mapped {/api/auth/google/callback, GET} route","service":"financial-platform","timestamp":"2025-12-05T23:10:56.485Z"}
{"context":"RouterExplorer","level":"info","message":"Mapped {/api/auth/profile, GET} route","service":"financial-platform","timestamp":"2025-12-05T23:10:56.486Z"}
{"context":"RouterExplorer","level":"info","message":"Mapped {/api/auth/2fa/setup, GET} route","service":"financial-platform","timestamp":"2025-12-05T23:10:56.487Z"}
{"context":"RouterExplorer","level":"info","message":"Mapped {/api/auth/2fa/enable, POST} route","service":"financial-platform","timestamp":"2025-12-05T23:10:56.489Z"}
{"context":"RouterExplorer","level":"info","message":"Mapped {/api/auth/2fa/disable, POST} route","service":"financial-platform","timestamp":"2025-12-05T23:10:56.491Z"}
{"context":"RouterExplorer","level":"info","message":"Mapped {/api/auth/2fa/verify, POST} route","service":"financial-platform","timestamp":"2025-12-05T23:10:56.492Z"}
{"context":"RoutesResolver","level":"info","message":"UsersController {/api/users}:","service":"financial-platform","timestamp":"2025-12-05T23:10:56.493Z"}
{"context":"RouterExplorer","level":"info","message":"Mapped {/api/users, POST} route","service":"financial-platform","timestamp":"2025-12-05T23:10:56.494Z"}
{"context":"RouterExplorer","level":"info","message":"Mapped {/api/users, GET} route","service":"financial-platform","timestamp":"2025-12-05T23:10:56.495Z"}
{"context":"RouterExplorer","level":"info","message":"Mapped {/api/users/profile, GET} route","service":"financial-platform","timestamp":"2025-12-05T23:10:56.496Z"}
{"context":"RouterExplorer","level":"info","message":"Mapped {/api/users/:id, GET} route","service":"financial-platform","timestamp":"2025-12-05T23:10:56.497Z"}
{"context":"RouterExplorer","level":"info","message":"Mapped {/api/users/profile, PATCH} route","service":"financial-platform","timestamp":"2025-12-05T23:10:56.497Z"}
{"context":"RouterExplorer","level":"info","message":"Mapped {/api/users/:id, PATCH} route","service":"financial-platform","timestamp":"2025-12-05T23:10:56.498Z"}
{"context":"RouterExplorer","level":"info","message":"Mapped {/api/users/:id, DELETE} route","service":"financial-platform","timestamp":"2025-12-05T23:10:56.499Z"}
{"context":"RoutesResolver","level":"info","message":"AccountsController {/api/accounts}:","service":"financial-platform","timestamp":"2025-12-05T23:10:56.500Z"}
{"context":"RouterExplorer","level":"info","message":"Mapped {/api/accounts, GET} route","service":"financial-platform","timestamp":"2025-12-05T23:10:56.501Z"}
{"context":"RouterExplorer","level":"info","message":"Mapped {/api/accounts/:id, GET} route","service":"financial-platform","timestamp":"2025-12-05T23:10:56.501Z"}
{"context":"RouterExplorer","level":"info","message":"Mapped {/api/accounts/:id/balance, GET} route","service":"financial-platform","timestamp":"2025-12-05T23:10:56.502Z"}
{"context":"RouterExplorer","level":"info","message":"Mapped {/api/accounts, POST} route","service":"financial-platform","timestamp":"2025-12-05T23:10:56.503Z"}
{"context":"RouterExplorer","level":"info","message":"Mapped {/api/accounts/:id, PATCH} route","service":"financial-platform","timestamp":"2025-12-05T23:10:56.503Z"}
{"context":"RoutesResolver","level":"info","message":"TransactionsController {/api/transactions}:","service":"financial-platform","timestamp":"2025-12-05T23:10:56.504Z"}
{"context":"RouterExplorer","level":"info","message":"Mapped {/api/transactions/transfer, POST} route","service":"financial-platform","timestamp":"2025-12-05T23:10:56.505Z"}
{"context":"RouterExplorer","level":"info","message":"Mapped {/api/transactions/deposit, POST} route","service":"financial-platform","timestamp":"2025-12-05T23:10:56.505Z"}
{"context":"RouterExplorer","level":"info","message":"Mapped {/api/transactions/withdraw, POST} route","service":"financial-platform","timestamp":"2025-12-05T23:10:56.506Z"}
{"context":"RouterExplorer","level":"info","message":"Mapped {/api/transactions, GET} route","service":"financial-platform","timestamp":"2025-12-05T23:10:56.507Z"}
{"context":"RouterExplorer","level":"info","message":"Mapped {/api/transactions/pending, GET} route","service":"financial-platform","timestamp":"2025-12-05T23:10:56.507Z"}
{"context":"RouterExplorer","level":"info","message":"Mapped {/api/transactions/pending/:id, GET} route","service":"financial-platform","timestamp":"2025-12-05T23:10:56.508Z"}
{"context":"RouterExplorer","level":"info","message":"Mapped {/api/transactions/admin, POST} route","service":"financial-platform","timestamp":"2025-12-05T23:10:56.508Z"}
{"context":"RouterExplorer","level":"info","message":"Mapped {/api/transactions/:id/validate, PATCH} route","service":"financial-platform","timestamp":"2025-12-05T23:10:56.509Z"}
{"context":"RoutesResolver","level":"info","message":"KycController {/api/kyc}:","service":"financial-platform","timestamp":"2025-12-05T23:10:56.510Z"}
{"context":"RouterExplorer","level":"info","message":"Mapped {/api/kyc/documents, POST} route","service":"financial-platform","timestamp":"2025-12-05T23:10:56.511Z"}
{"context":"RouterExplorer","level":"info","message":"Mapped {/api/kyc/documents/upload, POST} route","service":"financial-platform","timestamp":"2025-12-05T23:10:56.511Z"}
{"context":"RouterExplorer","level":"info","message":"Mapped {/api/kyc/documents, GET} route","service":"financial-platform","timestamp":"2025-12-05T23:10:56.512Z"}
{"context":"RouterExplorer","level":"info","message":"Mapped {/api/kyc/documents/pending, GET} route","service":"financial-platform","timestamp":"2025-12-05T23:10:56.512Z"}
{"context":"RouterExplorer","level":"info","message":"Mapped {/api/kyc/documents/:id/view, GET} route","service":"financial-platform","timestamp":"2025-12-05T23:10:56.513Z"}
{"context":"RouterExplorer","level":"info","message":"Mapped {/api/kyc/documents/:id/download, GET} route","service":"financial-platform","timestamp":"2025-12-05T23:10:56.514Z"}
{"context":"RouterExplorer","level":"info","message":"Mapped {/api/kyc/documents/:id/review, PATCH} route","service":"financial-platform","timestamp":"2025-12-05T23:10:56.514Z"}
{"context":"RoutesResolver","level":"info","message":"AuditLogsController {/api/audit-logs}:","service":"financial-platform","timestamp":"2025-12-05T23:10:56.515Z"}
{"context":"RouterExplorer","level":"info","message":"Mapped {/api/audit-logs, GET} route","service":"financial-platform","timestamp":"2025-12-05T23:10:56.516Z"}
{"context":"RouterExplorer","level":"info","message":"Mapped {/api/audit-logs/me, GET} route","service":"financial-platform","timestamp":"2025-12-05T23:10:56.516Z"}
{"context":"RoutesResolver","level":"info","message":"LoansController {/api/loans}:","service":"financial-platform","timestamp":"2025-12-05T23:10:56.517Z"}
{"context":"RouterExplorer","level":"info","message":"Mapped {/api/loans, POST} route","service":"financial-platform","timestamp":"2025-12-05T23:10:56.517Z"}
{"context":"RouterExplorer","level":"info","message":"Mapped {/api/loans, GET} route","service":"financial-platform","timestamp":"2025-12-05T23:10:56.518Z"}
{"context":"RouterExplorer","level":"info","message":"Mapped {/api/loans/:id, GET} route","service":"financial-platform","timestamp":"2025-12-05T23:10:56.518Z"}
{"context":"RouterExplorer","level":"info","message":"Mapped {/api/loans/:id/repayments, GET} route","service":"financial-platform","timestamp":"2025-12-05T23:10:56.519Z"}
{"context":"RouterExplorer","level":"info","message":"Mapped {/api/loans/:id/repayments, POST} route","service":"financial-platform","timestamp":"2025-12-05T23:10:56.520Z"}
{"context":"RouterExplorer","level":"info","message":"Mapped {/api/loans/:id/approve, PATCH} route","service":"financial-platform","timestamp":"2025-12-05T23:10:56.520Z"}
{"context":"RouterExplorer","level":"info","message":"Mapped {/api/loans/:id/reject, PATCH} route","service":"financial-platform","timestamp":"2025-12-05T23:10:56.521Z"}
{"context":"RoutesResolver","level":"info","message":"ExchangeController {/api/exchange}:","service":"financial-platform","timestamp":"2025-12-05T23:10:56.521Z"}
{"context":"RouterExplorer","level":"info","message":"Mapped {/api/exchange/rates, GET} route","service":"financial-platform","timestamp":"2025-12-05T23:10:56.522Z"}
{"context":"RouterExplorer","level":"info","message":"Mapped {/api/exchange/convert, POST} route","service":"financial-platform","timestamp":"2025-12-05T23:10:56.523Z"}
{"context":"RouterExplorer","level":"info","message":"Mapped {/api/exchange/supported-currencies, GET} route","service":"financial-platform","timestamp":"2025-12-05T23:10:56.523Z"}
{"context":"RouterExplorer","level":"info","message":"Mapped {/api/exchange/rate/:from/:to, GET} route","service":"financial-platform","timestamp":"2025-12-05T23:10:56.524Z"}
{"context":"RouterExplorer","level":"info","message":"Mapped {/api/exchange/convert, GET} route","service":"financial-platform","timestamp":"2025-12-05T23:10:56.524Z"}
{"context":"RoutesResolver","level":"info","message":"BulkOperationsController {/api/admin/bulk-operations}:","service":"financial-platform","timestamp":"2025-12-05T23:10:56.525Z"}
{"context":"RouterExplorer","level":"info","message":"Mapped {/api/admin/bulk-operations/kyc/review, POST} route","service":"financial-platform","timestamp":"2025-12-05T23:10:56.525Z"}
{"context":"RouterExplorer","level":"info","message":"Mapped {/api/admin/bulk-operations/transactions/review, POST} route","service":"financial-platform","timestamp":"2025-12-05T23:10:56.526Z"}
{"context":"RouterExplorer","level":"info","message":"Mapped {/api/admin/bulk-operations/kyc/flag, POST} route","service":"financial-platform","timestamp":"2025-12-05T23:10:56.527Z"}
{"context":"RouterExplorer","level":"info","message":"Mapped {/api/admin/bulk-operations/transactions/flag, POST} route","service":"financial-platform","timestamp":"2025-12-05T23:10:56.528Z"}
{"context":"RouterExplorer","level":"info","message":"Mapped {/api/admin/bulk-operations/kyc/delete, POST} route","service":"financial-platform","timestamp":"2025-12-05T23:10:56.528Z"}
{"context":"RouterExplorer","level":"info","message":"Mapped {/api/admin/bulk-operations/transactions/delete, POST} route","service":"financial-platform","timestamp":"2025-12-05T23:10:56.529Z"}
{"context":"RouterExplorer","level":"info","message":"Mapped {/api/admin/bulk-operations/stats, GET} route","service":"financial-platform","timestamp":"2025-12-05T23:10:56.529Z"}
{"context":"RoutesResolver","level":"info","message":"AuditExportController {/api/admin/audit-export}:","service":"financial-platform","timestamp":"2025-12-05T23:10:56.530Z"}
{"context":"RouterExplorer","level":"info","message":"Mapped {/api/admin/audit-export/csv, GET} route","service":"financial-platform","timestamp":"2025-12-05T23:10:56.530Z"}
{"context":"RouterExplorer","level":"info","message":"Mapped {/api/admin/audit-export/json, GET} route","service":"financial-platform","timestamp":"2025-12-05T23:10:56.531Z"}
{"context":"RouterExplorer","level":"info","message":"Mapped {/api/admin/audit-export/pdf, GET} route","service":"financial-platform","timestamp":"2025-12-05T23:10:56.531Z"}
{"context":"RouterExplorer","level":"info","message":"Mapped {/api/admin/audit-export/stats, GET} route","service":"financial-platform","timestamp":"2025-12-05T23:10:56.532Z"}
{"context":"RouterExplorer","level":"info","message":"Mapped {/api/admin/audit-export/logs, GET} route","service":"financial-platform","timestamp":"2025-12-05T23:10:56.532Z"}
{"context":"NestApplication","level":"info","message":"Nest application successfully started","service":"financial-platform","timestamp":"2025-12-05T23:10:56.544Z"}
{"level":"info","message":"Application is running on: https://192.168.1.199:3000 or http://localhost:3000","service":"financial-platform","timestamp":"2025-12-05T23:10:56.552Z"}
{"context":"NotificationsGateway","level":"warn","message":"Notifications WS connection rejected: jwt expired","service":"financial-platform","timestamp":"2025-12-05T23:10:59.485Z"}
{"context":"NotificationsGateway","level":"debug","message":"Client disconnected from notifications (user: unknown)","service":"financial-platform","timestamp":"2025-12-05T23:10:59.490Z"}
{"context":"RoutesResolver","level":"info","message":"AuthController {/api/auth}:","service":"financial-platform","timestamp":"2025-12-05T23:12:20.234Z"}
{"context":"RouterExplorer","level":"info","message":"Mapped {/api/auth/register, POST} route","service":"financial-platform","timestamp":"2025-12-05T23:12:20.242Z"}
{"context":"RouterExplorer","level":"info","message":"Mapped {/api/auth/login, POST} route","service":"financial-platform","timestamp":"2025-12-05T23:12:20.243Z"}
{"context":"RouterExplorer","level":"info","message":"Mapped {/api/auth/refresh, POST} route","service":"financial-platform","timestamp":"2025-12-05T23:12:20.244Z"}
{"context":"RouterExplorer","level":"info","message":"Mapped {/api/auth/logout, POST} route","service":"financial-platform","timestamp":"2025-12-05T23:12:20.245Z"}
{"context":"RouterExplorer","level":"info","message":"Mapped {/api/auth/google, GET} route","service":"financial-platform","timestamp":"2025-12-05T23:12:20.246Z"}
{"context":"RouterExplorer","level":"info","message":"Mapped {/api/auth/google/callback, GET} route","service":"financial-platform","timestamp":"2025-12-05T23:12:20.246Z"}
{"context":"RouterExplorer","level":"info","message":"Mapped {/api/auth/profile, GET} route","service":"financial-platform","timestamp":"2025-12-05T23:12:20.247Z"}
{"context":"RouterExplorer","level":"info","message":"Mapped {/api/auth/2fa/setup, GET} route","service":"financial-platform","timestamp":"2025-12-05T23:12:20.247Z"}
{"context":"RouterExplorer","level":"info","message":"Mapped {/api/auth/2fa/enable, POST} route","service":"financial-platform","timestamp":"2025-12-05T23:12:20.248Z"}
{"context":"RouterExplorer","level":"info","message":"Mapped {/api/auth/2fa/disable, POST} route","service":"financial-platform","timestamp":"2025-12-05T23:12:20.249Z"}
{"context":"RouterExplorer","level":"info","message":"Mapped {/api/auth/2fa/verify, POST} route","service":"financial-platform","timestamp":"2025-12-05T23:12:20.250Z"}
{"context":"RoutesResolver","level":"info","message":"UsersController {/api/users}:","service":"financial-platform","timestamp":"2025-12-05T23:12:20.250Z"}
{"context":"RouterExplorer","level":"info","message":"Mapped {/api/users, POST} route","service":"financial-platform","timestamp":"2025-12-05T23:12:20.251Z"}
{"context":"RouterExplorer","level":"info","message":"Mapped {/api/users, GET} route","service":"financial-platform","timestamp":"2025-12-05T23:12:20.252Z"}
{"context":"RouterExplorer","level":"info","message":"Mapped {/api/users/profile, GET} route","service":"financial-platform","timestamp":"2025-12-05T23:12:20.253Z"}
{"context":"RouterExplorer","level":"info","message":"Mapped {/api/users/:id, GET} route","service":"financial-platform","timestamp":"2025-12-05T23:12:20.253Z"}
{"context":"RouterExplorer","level":"info","message":"Mapped {/api/users/profile, PATCH} route","service":"financial-platform","timestamp":"2025-12-05T23:12:20.254Z"}
{"context":"RouterExplorer","level":"info","message":"Mapped {/api/users/:id, PATCH} route","service":"financial-platform","timestamp":"2025-12-05T23:12:20.255Z"}
{"context":"RouterExplorer","level":"info","message":"Mapped {/api/users/:id, DELETE} route","service":"financial-platform","timestamp":"2025-12-05T23:12:20.256Z"}
{"context":"RoutesResolver","level":"info","message":"AccountsController {/api/accounts}:","service":"financial-platform","timestamp":"2025-12-05T23:12:20.256Z"}
{"context":"RouterExplorer","level":"info","message":"Mapped {/api/accounts, GET} route","service":"financial-platform","timestamp":"2025-12-05T23:12:20.257Z"}
{"context":"RouterExplorer","level":"info","message":"Mapped {/api/accounts/:id, GET} route","service":"financial-platform","timestamp":"2025-12-05T23:12:20.258Z"}
{"context":"RouterExplorer","level":"info","message":"Mapped {/api/accounts/:id/balance, GET} route","service":"financial-platform","timestamp":"2025-12-05T23:12:20.259Z"}
{"context":"RouterExplorer","level":"info","message":"Mapped {/api/accounts, POST} route","service":"financial-platform","timestamp":"2025-12-05T23:12:20.259Z"}
{"context":"RouterExplorer","level":"info","message":"Mapped {/api/accounts/:id, PATCH} route","service":"financial-platform","timestamp":"2025-12-05T23:12:20.260Z"}
{"context":"RoutesResolver","level":"info","message":"TransactionsController {/api/transactions}:","service":"financial-platform","timestamp":"2025-12-05T23:12:20.260Z"}
{"context":"RouterExplorer","level":"info","message":"Mapped {/api/transactions/transfer, POST} route","service":"financial-platform","timestamp":"2025-12-05T23:12:20.261Z"}
{"context":"RouterExplorer","level":"info","message":"Mapped {/api/transactions/deposit, POST} route","service":"financial-platform","timestamp":"2025-12-05T23:12:20.261Z"}
{"context":"RouterExplorer","level":"info","message":"Mapped {/api/transactions/withdraw, POST} route","service":"financial-platform","timestamp":"2025-12-05T23:12:20.261Z"}
{"context":"RouterExplorer","level":"info","message":"Mapped {/api/transactions, GET} route","service":"financial-platform","timestamp":"2025-12-05T23:12:20.262Z"}
{"context":"RouterExplorer","level":"info","message":"Mapped {/api/transactions/pending, GET} route","service":"financial-platform","timestamp":"2025-12-05T23:12:20.262Z"}
{"context":"RouterExplorer","level":"info","message":"Mapped {/api/transactions/pending/:id, GET} route","service":"financial-platform","timestamp":"2025-12-05T23:12:20.263Z"}
{"context":"RouterExplorer","level":"info","message":"Mapped {/api/transactions/admin, POST} route","service":"financial-platform","timestamp":"2025-12-05T23:12:20.263Z"}
{"context":"RouterExplorer","level":"info","message":"Mapped {/api/transactions/:id/validate, PATCH} route","service":"financial-platform","timestamp":"2025-12-05T23:12:20.263Z"}
{"context":"RoutesResolver","level":"info","message":"KycController {/api/kyc}:","service":"financial-platform","timestamp":"2025-12-05T23:12:20.264Z"}
{"context":"RouterExplorer","level":"info","message":"Mapped {/api/kyc/documents, POST} route","service":"financial-platform","timestamp":"2025-12-05T23:12:20.264Z"}
{"context":"RouterExplorer","level":"info","message":"Mapped {/api/kyc/documents/upload, POST} route","service":"financial-platform","timestamp":"2025-12-05T23:12:20.265Z"}
{"context":"RouterExplorer","level":"info","message":"Mapped {/api/kyc/documents, GET} route","service":"financial-platform","timestamp":"2025-12-05T23:12:20.265Z"}
{"context":"RouterExplorer","level":"info","message":"Mapped {/api/kyc/documents/pending, GET} route","service":"financial-platform","timestamp":"2025-12-05T23:12:20.265Z"}
{"context":"RouterExplorer","level":"info","message":"Mapped {/api/kyc/documents/:id/view, GET} route","service":"financial-platform","timestamp":"2025-12-05T23:12:20.266Z"}
{"context":"RouterExplorer","level":"info","message":"Mapped {/api/kyc/documents/:id/download, GET} route","service":"financial-platform","timestamp":"2025-12-05T23:12:20.266Z"}
{"context":"RouterExplorer","level":"info","message":"Mapped {/api/kyc/documents/:id/review, PATCH} route","service":"financial-platform","timestamp":"2025-12-05T23:12:20.266Z"}
{"context":"RoutesResolver","level":"info","message":"AuditLogsController {/api/audit-logs}:","service":"financial-platform","timestamp":"2025-12-05T23:12:20.266Z"}
{"context":"RouterExplorer","level":"info","message":"Mapped {/api/audit-logs, GET} route","service":"financial-platform","timestamp":"2025-12-05T23:12:20.267Z"}
{"context":"RouterExplorer","level":"info","message":"Mapped {/api/audit-logs/me, GET} route","service":"financial-platform","timestamp":"2025-12-05T23:12:20.267Z"}
{"context":"RoutesResolver","level":"info","message":"LoansController {/api/loans}:","service":"financial-platform","timestamp":"2025-12-05T23:12:20.267Z"}
{"context":"RouterExplorer","level":"info","message":"Mapped {/api/loans, POST} route","service":"financial-platform","timestamp":"2025-12-05T23:12:20.268Z"}
{"context":"RouterExplorer","level":"info","message":"Mapped {/api/loans, GET} route","service":"financial-platform","timestamp":"2025-12-05T23:12:20.268Z"}
{"context":"RouterExplorer","level":"info","message":"Mapped {/api/loans/:id, GET} route","service":"financial-platform","timestamp":"2025-12-05T23:12:20.268Z"}
{"context":"RouterExplorer","level":"info","message":"Mapped {/api/loans/:id/repayments, GET} route","service":"financial-platform","timestamp":"2025-12-05T23:12:20.269Z"}
{"context":"RouterExplorer","level":"info","message":"Mapped {/api/loans/:id/repayments, POST} route","service":"financial-platform","timestamp":"2025-12-05T23:12:20.270Z"}
{"context":"RouterExplorer","level":"info","message":"Mapped {/api/loans/:id/approve, PATCH} route","service":"financial-platform","timestamp":"2025-12-05T23:12:20.270Z"}
{"context":"RouterExplorer","level":"info","message":"Mapped {/api/loans/:id/reject, PATCH} route","service":"financial-platform","timestamp":"2025-12-05T23:12:20.271Z"}
{"context":"RoutesResolver","level":"info","message":"ExchangeController {/api/exchange}:","service":"financial-platform","timestamp":"2025-12-05T23:12:20.271Z"}
{"context":"RouterExplorer","level":"info","message":"Mapped {/api/exchange/rates, GET} route","service":"financial-platform","timestamp":"2025-12-05T23:12:20.271Z"}
{"context":"RouterExplorer","level":"info","message":"Mapped {/api/exchange/convert, POST} route","service":"financial-platform","timestamp":"2025-12-05T23:12:20.272Z"}
{"context":"RouterExplorer","level":"info","message":"Mapped {/api/exchange/supported-currencies, GET} route","service":"financial-platform","timestamp":"2025-12-05T23:12:20.272Z"}
{"context":"RouterExplorer","level":"info","message":"Mapped {/api/exchange/rate/:from/:to, GET} route","service":"financial-platform","timestamp":"2025-12-05T23:12:20.273Z"}
{"context":"RouterExplorer","level":"info","message":"Mapped {/api/exchange/convert, GET} route","service":"financial-platform","timestamp":"2025-12-05T23:12:20.273Z"}
{"context":"RoutesResolver","level":"info","message":"BulkOperationsController {/api/admin/bulk-operations}:","service":"financial-platform","timestamp":"2025-12-05T23:12:20.273Z"}
{"context":"RouterExplorer","level":"info","message":"Mapped {/api/admin/bulk-operations/kyc/review, POST} route","service":"financial-platform","timestamp":"2025-12-05T23:12:20.273Z"}
{"context":"RouterExplorer","level":"info","message":"Mapped {/api/admin/bulk-operations/transactions/review, POST} route","service":"financial-platform","timestamp":"2025-12-05T23:12:20.274Z"}
{"context":"RouterExplorer","level":"info","message":"Mapped {/api/admin/bulk-operations/kyc/flag, POST} route","service":"financial-platform","timestamp":"2025-12-05T23:12:20.274Z"}
{"context":"RouterExplorer","level":"info","message":"Mapped {/api/admin/bulk-operations/transactions/flag, POST} route","service":"financial-platform","timestamp":"2025-12-05T23:12:20.274Z"}
{"context":"RouterExplorer","level":"info","message":"Mapped {/api/admin/bulk-operations/kyc/delete, POST} route","service":"financial-platform","timestamp":"2025-12-05T23:12:20.274Z"}
{"context":"RouterExplorer","level":"info","message":"Mapped {/api/admin/bulk-operations/transactions/delete, POST} route","service":"financial-platform","timestamp":"2025-12-05T23:12:20.275Z"}
{"context":"RouterExplorer","level":"info","message":"Mapped {/api/admin/bulk-operations/stats, GET} route","service":"financial-platform","timestamp":"2025-12-05T23:12:20.275Z"}
{"context":"RoutesResolver","level":"info","message":"AuditExportController {/api/admin/audit-export}:","service":"financial-platform","timestamp":"2025-12-05T23:12:20.275Z"}
{"context":"RouterExplorer","level":"info","message":"Mapped {/api/admin/audit-export/csv, GET} route","service":"financial-platform","timestamp":"2025-12-05T23:12:20.275Z"}
{"context":"RouterExplorer","level":"info","message":"Mapped {/api/admin/audit-export/json, GET} route","service":"financial-platform","timestamp":"2025-12-05T23:12:20.275Z"}
{"context":"RouterExplorer","level":"info","message":"Mapped {/api/admin/audit-export/pdf, GET} route","service":"financial-platform","timestamp":"2025-12-05T23:12:20.276Z"}
{"context":"RouterExplorer","level":"info","message":"Mapped {/api/admin/audit-export/stats, GET} route","service":"financial-platform","timestamp":"2025-12-05T23:12:20.276Z"}
{"context":"RouterExplorer","level":"info","message":"Mapped {/api/admin/audit-export/logs, GET} route","service":"financial-platform","timestamp":"2025-12-05T23:12:20.276Z"}
{"context":"NestApplication","level":"info","message":"Nest application successfully started","service":"financial-platform","timestamp":"2025-12-05T23:12:20.286Z"}
{"level":"info","message":"Application is running on: https://192.168.1.199:3000 or http://localhost:3000","service":"financial-platform","timestamp":"2025-12-05T23:12:20.291Z"}
{"context":"RoutesResolver","level":"info","message":"AuthController {/api/auth}:","service":"financial-platform","timestamp":"2025-12-06T23:43:29.950Z"}
{"context":"RouterExplorer","level":"info","message":"Mapped {/api/auth/register, POST} route","service":"financial-platform","timestamp":"2025-12-06T23:43:29.957Z"}
{"context":"RouterExplorer","level":"info","message":"Mapped {/api/auth/login, POST} route","service":"financial-platform","timestamp":"2025-12-06T23:43:29.958Z"}
{"context":"RouterExplorer","level":"info","message":"Mapped {/api/auth/refresh, POST} route","service":"financial-platform","timestamp":"2025-12-06T23:43:29.959Z"}
{"context":"RouterExplorer","level":"info","message":"Mapped {/api/auth/logout, POST} route","service":"financial-platform","timestamp":"2025-12-06T23:43:29.960Z"}
{"context":"RouterExplorer","level":"info","message":"Mapped {/api/auth/google, GET} route","service":"financial-platform","timestamp":"2025-12-06T23:43:29.961Z"}
{"context":"RouterExplorer","level":"info","message":"Mapped {/api/auth/google/callback, GET} route","service":"financial-platform","timestamp":"2025-12-06T23:43:29.961Z"}
{"context":"RouterExplorer","level":"info","message":"Mapped {/api/auth/profile, GET} route","service":"financial-platform","timestamp":"2025-12-06T23:43:29.962Z"}
{"context":"RouterExplorer","level":"info","message":"Mapped {/api/auth/2fa/setup, GET} route","service":"financial-platform","timestamp":"2025-12-06T23:43:29.962Z"}
{"context":"RouterExplorer","level":"info","message":"Mapped {/api/auth/2fa/enable, POST} route","service":"financial-platform","timestamp":"2025-12-06T23:43:29.963Z"}
{"context":"RouterExplorer","level":"info","message":"Mapped {/api/auth/2fa/disable, POST} route","service":"financial-platform","timestamp":"2025-12-06T23:43:29.964Z"}
{"context":"RouterExplorer","level":"info","message":"Mapped {/api/auth/2fa/verify, POST} route","service":"financial-platform","timestamp":"2025-12-06T23:43:29.964Z"}
{"context":"RoutesResolver","level":"info","message":"UsersController {/api/users}:","service":"financial-platform","timestamp":"2025-12-06T23:43:29.965Z"}
{"context":"RouterExplorer","level":"info","message":"Mapped {/api/users, POST} route","service":"financial-platform","timestamp":"2025-12-06T23:43:29.965Z"}
{"context":"RouterExplorer","level":"info","message":"Mapped {/api/users, GET} route","service":"financial-platform","timestamp":"2025-12-06T23:43:29.966Z"}
{"context":"RouterExplorer","level":"info","message":"Mapped {/api/users/profile, GET} route","service":"financial-platform","timestamp":"2025-12-06T23:43:29.967Z"}
{"context":"RouterExplorer","level":"info","message":"Mapped {/api/users/:id, GET} route","service":"financial-platform","timestamp":"2025-12-06T23:43:29.968Z"}
{"context":"RouterExplorer","level":"info","message":"Mapped {/api/users/profile, PATCH} route","service":"financial-platform","timestamp":"2025-12-06T23:43:29.968Z"}
{"context":"RouterExplorer","level":"info","message":"Mapped {/api/users/:id, PATCH} route","service":"financial-platform","timestamp":"2025-12-06T23:43:29.969Z"}
{"context":"RouterExplorer","level":"info","message":"Mapped {/api/users/:id, DELETE} route","service":"financial-platform","timestamp":"2025-12-06T23:43:29.970Z"}
{"context":"RoutesResolver","level":"info","message":"AccountsController {/api/accounts}:","service":"financial-platform","timestamp":"2025-12-06T23:43:29.970Z"}
{"context":"RouterExplorer","level":"info","message":"Mapped {/api/accounts, GET} route","service":"financial-platform","timestamp":"2025-12-06T23:43:29.972Z"}
{"context":"RouterExplorer","level":"info","message":"Mapped {/api/accounts/:id, GET} route","service":"financial-platform","timestamp":"2025-12-06T23:43:29.972Z"}
{"context":"RouterExplorer","level":"info","message":"Mapped {/api/accounts/:id/balance, GET} route","service":"financial-platform","timestamp":"2025-12-06T23:43:29.973Z"}
{"context":"RouterExplorer","level":"info","message":"Mapped {/api/accounts, POST} route","service":"financial-platform","timestamp":"2025-12-06T23:43:29.974Z"}
{"context":"RouterExplorer","level":"info","message":"Mapped {/api/accounts/:id, PATCH} route","service":"financial-platform","timestamp":"2025-12-06T23:43:29.974Z"}
{"context":"RoutesResolver","level":"info","message":"TransactionsController {/api/transactions}:","service":"financial-platform","timestamp":"2025-12-06T23:43:29.975Z"}
{"context":"RouterExplorer","level":"info","message":"Mapped {/api/transactions/transfer, POST} route","service":"financial-platform","timestamp":"2025-12-06T23:43:29.975Z"}
{"context":"RouterExplorer","level":"info","message":"Mapped {/api/transactions/deposit, POST} route","service":"financial-platform","timestamp":"2025-12-06T23:43:29.976Z"}
{"context":"RouterExplorer","level":"info","message":"Mapped {/api/transactions/withdraw, POST} route","service":"financial-platform","timestamp":"2025-12-06T23:43:29.976Z"}
{"context":"RouterExplorer","level":"info","message":"Mapped {/api/transactions, GET} route","service":"financial-platform","timestamp":"2025-12-06T23:43:29.976Z"}
{"context":"RouterExplorer","level":"info","message":"Mapped {/api/transactions/pending, GET} route","service":"financial-platform","timestamp":"2025-12-06T23:43:29.977Z"}
{"context":"RouterExplorer","level":"info","message":"Mapped {/api/transactions/pending/:id, GET} route","service":"financial-platform","timestamp":"2025-12-06T23:43:29.977Z"}
{"context":"RouterExplorer","level":"info","message":"Mapped {/api/transactions/filter, GET} route","service":"financial-platform","timestamp":"2025-12-06T23:43:29.978Z"}
{"context":"RouterExplorer","level":"info","message":"Mapped {/api/transactions/admin, POST} route","service":"financial-platform","timestamp":"2025-12-06T23:43:29.978Z"}
{"context":"RouterExplorer","level":"info","message":"Mapped {/api/transactions/:id/validate, PATCH} route","service":"financial-platform","timestamp":"2025-12-06T23:43:29.979Z"}
{"context":"RoutesResolver","level":"info","message":"KycController {/api/kyc}:","service":"financial-platform","timestamp":"2025-12-06T23:43:29.979Z"}
{"context":"RouterExplorer","level":"info","message":"Mapped {/api/kyc/documents, POST} route","service":"financial-platform","timestamp":"2025-12-06T23:43:29.980Z"}
{"context":"RouterExplorer","level":"info","message":"Mapped {/api/kyc/documents/upload, POST} route","service":"financial-platform","timestamp":"2025-12-06T23:43:29.980Z"}
{"context":"RouterExplorer","level":"info","message":"Mapped {/api/kyc/documents, GET} route","service":"financial-platform","timestamp":"2025-12-06T23:43:29.981Z"}
{"context":"RouterExplorer","level":"info","message":"Mapped {/api/kyc/documents/pending, GET} route","service":"financial-platform","timestamp":"2025-12-06T23:43:29.981Z"}
{"context":"RouterExplorer","level":"info","message":"Mapped {/api/kyc/documents/:id/view, GET} route","service":"financial-platform","timestamp":"2025-12-06T23:43:29.982Z"}
{"context":"RouterExplorer","level":"info","message":"Mapped {/api/kyc/documents/:id/download, GET} route","service":"financial-platform","timestamp":"2025-12-06T23:43:29.982Z"}
{"context":"RouterExplorer","level":"info","message":"Mapped {/api/kyc/documents/:id/review, PATCH} route","service":"financial-platform","timestamp":"2025-12-06T23:43:29.982Z"}
{"context":"RouterExplorer","level":"info","message":"Mapped {/api/kyc/applications/filter, GET} route","service":"financial-platform","timestamp":"2025-12-06T23:43:29.983Z"}
{"context":"RoutesResolver","level":"info","message":"AuditLogsController {/api/audit-logs}:","service":"financial-platform","timestamp":"2025-12-06T23:43:29.983Z"}
{"context":"RouterExplorer","level":"info","message":"Mapped {/api/audit-logs, GET} route","service":"financial-platform","timestamp":"2025-12-06T23:43:29.983Z"}
{"context":"RouterExplorer","level":"info","message":"Mapped {/api/audit-logs/me, GET} route","service":"financial-platform","timestamp":"2025-12-06T23:43:29.983Z"}
{"context":"RoutesResolver","level":"info","message":"WebhooksController {/api/webhooks}:","service":"financial-platform","timestamp":"2025-12-06T23:43:29.984Z"}
{"context":"RouterExplorer","level":"info","message":"Mapped {/api/webhooks, POST} route","service":"financial-platform","timestamp":"2025-12-06T23:43:29.984Z"}
{"context":"RouterExplorer","level":"info","message":"Mapped {/api/webhooks, GET} route","service":"financial-platform","timestamp":"2025-12-06T23:43:29.984Z"}
{"context":"RouterExplorer","level":"info","message":"Mapped {/api/webhooks/:id, GET} route","service":"financial-platform","timestamp":"2025-12-06T23:43:29.985Z"}
{"context":"RouterExplorer","level":"info","message":"Mapped {/api/webhooks/:id, PUT} route","service":"financial-platform","timestamp":"2025-12-06T23:43:29.985Z"}
{"context":"RouterExplorer","level":"info","message":"Mapped {/api/webhooks/:id, DELETE} route","service":"financial-platform","timestamp":"2025-12-06T23:43:29.986Z"}
{"context":"RouterExplorer","level":"info","message":"Mapped {/api/webhooks/:id/deliveries, GET} route","service":"financial-platform","timestamp":"2025-12-06T23:43:29.986Z"}
{"context":"RouterExplorer","level":"info","message":"Mapped {/api/webhooks/deliveries/:deliveryId/retry, POST} route","service":"financial-platform","timestamp":"2025-12-06T23:43:29.987Z"}
{"context":"RoutesResolver","level":"info","message":"LoansController {/api/loans}:","service":"financial-platform","timestamp":"2025-12-06T23:43:29.987Z"}
{"context":"RouterExplorer","level":"info","message":"Mapped {/api/loans, POST} route","service":"financial-platform","timestamp":"2025-12-06T23:43:29.988Z"}
{"context":"RouterExplorer","level":"info","message":"Mapped {/api/loans, GET} route","service":"financial-platform","timestamp":"2025-12-06T23:43:29.989Z"}
{"context":"RouterExplorer","level":"info","message":"Mapped {/api/loans/:id, GET} route","service":"financial-platform","timestamp":"2025-12-06T23:43:29.990Z"}
{"context":"RouterExplorer","level":"info","message":"Mapped {/api/loans/:id/repayments, GET} route","service":"financial-platform","timestamp":"2025-12-06T23:43:29.990Z"}
{"context":"RouterExplorer","level":"info","message":"Mapped {/api/loans/:id/repayments, POST} route","service":"financial-platform","timestamp":"2025-12-06T23:43:29.991Z"}
{"context":"RouterExplorer","level":"info","message":"Mapped {/api/loans/:id/approve, PATCH} route","service":"financial-platform","timestamp":"2025-12-06T23:43:29.992Z"}
{"context":"RouterExplorer","level":"info","message":"Mapped {/api/loans/:id/reject, PATCH} route","service":"financial-platform","timestamp":"2025-12-06T23:43:29.992Z"}
{"context":"RoutesResolver","level":"info","message":"ExchangeController {/api/exchange}:","service":"financial-platform","timestamp":"2025-12-06T23:43:29.992Z"}
{"context":"RouterExplorer","level":"info","message":"Mapped {/api/exchange/rates, GET} route","service":"financial-platform","timestamp":"2025-12-06T23:43:29.993Z"}
{"context":"RouterExplorer","level":"info","message":"Mapped {/api/exchange/convert, POST} route","service":"financial-platform","timestamp":"2025-12-06T23:43:29.993Z"}
{"context":"RouterExplorer","level":"info","message":"Mapped {/api/exchange/supported-currencies, GET} route","service":"financial-platform","timestamp":"2025-12-06T23:43:29.994Z"}
{"context":"RouterExplorer","level":"info","message":"Mapped {/api/exchange/rate/:from/:to, GET} route","service":"financial-platform","timestamp":"2025-12-06T23:43:29.994Z"}
{"context":"RouterExplorer","level":"info","message":"Mapped {/api/exchange/convert, GET} route","service":"financial-platform","timestamp":"2025-12-06T23:43:29.994Z"}
{"context":"RoutesResolver","level":"info","message":"BulkOperationsController {/api/admin/bulk-operations}:","service":"financial-platform","timestamp":"2025-12-06T23:43:29.995Z"}
{"context":"RouterExplorer","level":"info","message":"Mapped {/api/admin/bulk-operations/kyc/review, POST} route","service":"financial-platform","timestamp":"2025-12-06T23:43:29.996Z"}
{"context":"RouterExplorer","level":"info","message":"Mapped {/api/admin/bulk-operations/transactions/review, POST} route","service":"financial-platform","timestamp":"2025-12-06T23:43:29.996Z"}
{"context":"RouterExplorer","level":"info","message":"Mapped {/api/admin/bulk-operations/kyc/flag, POST} route","service":"financial-platform","timestamp":"2025-12-06T23:43:29.997Z"}
{"context":"RouterExplorer","level":"info","message":"Mapped {/api/admin/bulk-operations/transactions/flag, POST} route","service":"financial-platform","timestamp":"2025-12-06T23:43:29.997Z"}
{"context":"RouterExplorer","level":"info","message":"Mapped {/api/admin/bulk-operations/kyc/delete, POST} route","service":"financial-platform","timestamp":"2025-12-06T23:43:29.998Z"}
{"context":"RouterExplorer","level":"info","message":"Mapped {/api/admin/bulk-operations/transactions/delete, POST} route","service":"financial-platform","timestamp":"2025-12-06T23:43:29.998Z"}
{"context":"RouterExplorer","level":"info","message":"Mapped {/api/admin/bulk-operations/stats, GET} route","service":"financial-platform","timestamp":"2025-12-06T23:43:29.999Z"}
{"context":"RoutesResolver","level":"info","message":"AuditExportController {/api/admin/audit-export}:","service":"financial-platform","timestamp":"2025-12-06T23:43:29.999Z"}
{"context":"RouterExplorer","level":"info","message":"Mapped {/api/admin/audit-export/csv, GET} route","service":"financial-platform","timestamp":"2025-12-06T23:43:30.000Z"}
{"context":"RouterExplorer","level":"info","message":"Mapped {/api/admin/audit-export/json, GET} route","service":"financial-platform","timestamp":"2025-12-06T23:43:30.000Z"}
{"context":"RouterExplorer","level":"info","message":"Mapped {/api/admin/audit-export/pdf, GET} route","service":"financial-platform","timestamp":"2025-12-06T23:43:30.001Z"}
{"context":"RouterExplorer","level":"info","message":"Mapped {/api/admin/audit-export/stats, GET} route","service":"financial-platform","timestamp":"2025-12-06T23:43:30.001Z"}
{"context":"RouterExplorer","level":"info","message":"Mapped {/api/admin/audit-export/logs, GET} route","service":"financial-platform","timestamp":"2025-12-06T23:43:30.002Z"}
{"context":"RoutesResolver","level":"info","message":"AdminDashboardController {/api/admin}:","service":"financial-platform","timestamp":"2025-12-06T23:43:30.003Z"}
{"context":"RouterExplorer","level":"info","message":"Mapped {/api/admin/dashboard, GET} route","service":"financial-platform","timestamp":"2025-12-06T23:43:30.003Z"}
{"context":"RouterExplorer","level":"info","message":"Mapped {/api/admin/stats/transactions, GET} route","service":"financial-platform","timestamp":"2025-12-06T23:43:30.004Z"}
{"context":"RouterExplorer","level":"info","message":"Mapped {/api/admin/stats/users, GET} route","service":"financial-platform","timestamp":"2025-12-06T23:43:30.005Z"}
{"context":"RouterExplorer","level":"info","message":"Mapped {/api/admin/stats/kyc, GET} route","service":"financial-platform","timestamp":"2025-12-06T23:43:30.006Z"}
{"context":"RouterExplorer","level":"info","message":"Mapped {/api/admin/stats/timeline, GET} route","service":"financial-platform","timestamp":"2025-12-06T23:43:30.009Z"}
{"context":"NestApplication","level":"info","message":"Nest application successfully started","service":"financial-platform","timestamp":"2025-12-06T23:43:30.020Z"}
{"level":"info","message":"Application is running on: https://192.168.1.199:3000 or http://localhost:3000","service":"financial-platform","timestamp":"2025-12-06T23:43:30.028Z"}
{"context":"RoutesResolver","level":"info","message":"AuthController {/api/auth}:","service":"financial-platform","timestamp":"2025-12-08T08:07:39.766Z"}
{"context":"RouterExplorer","level":"info","message":"Mapped {/api/auth/register, POST} route","service":"financial-platform","timestamp":"2025-12-08T08:07:39.780Z"}
{"context":"RouterExplorer","level":"info","message":"Mapped {/api/auth/login, POST} route","service":"financial-platform","timestamp":"2025-12-08T08:07:39.781Z"}
{"context":"RouterExplorer","level":"info","message":"Mapped {/api/auth/refresh, POST} route","service":"financial-platform","timestamp":"2025-12-08T08:07:39.783Z"}
{"context":"RouterExplorer","level":"info","message":"Mapped {/api/auth/logout, POST} route","service":"financial-platform","timestamp":"2025-12-08T08:07:39.783Z"}
{"context":"RouterExplorer","level":"info","message":"Mapped {/api/auth/google, GET} route","service":"financial-platform","timestamp":"2025-12-08T08:07:39.784Z"}
{"context":"RouterExplorer","level":"info","message":"Mapped {/api/auth/google/callback, GET} route","service":"financial-platform","timestamp":"2025-12-08T08:07:39.785Z"}
{"context":"RouterExplorer","level":"info","message":"Mapped {/api/auth/profile, GET} route","service":"financial-platform","timestamp":"2025-12-08T08:07:39.786Z"}
{"context":"RouterExplorer","level":"info","message":"Mapped {/api/auth/2fa/setup, GET} route","service":"financial-platform","timestamp":"2025-12-08T08:07:39.786Z"}
{"context":"RouterExplorer","level":"info","message":"Mapped {/api/auth/2fa/enable, POST} route","service":"financial-platform","timestamp":"2025-12-08T08:07:39.787Z"}
{"context":"RouterExplorer","level":"info","message":"Mapped {/api/auth/2fa/disable, POST} route","service":"financial-platform","timestamp":"2025-12-08T08:07:39.788Z"}
{"context":"RouterExplorer","level":"info","message":"Mapped {/api/auth/2fa/verify, POST} route","service":"financial-platform","timestamp":"2025-12-08T08:07:39.789Z"}
{"context":"RoutesResolver","level":"info","message":"UsersController {/api/users}:","service":"financial-platform","timestamp":"2025-12-08T08:07:39.790Z"}
{"context":"RouterExplorer","level":"info","message":"Mapped {/api/users, POST} route","service":"financial-platform","timestamp":"2025-12-08T08:07:39.791Z"}
{"context":"RouterExplorer","level":"info","message":"Mapped {/api/users, GET} route","service":"financial-platform","timestamp":"2025-12-08T08:07:39.791Z"}
{"context":"RouterExplorer","level":"info","message":"Mapped {/api/users/profile, GET} route","service":"financial-platform","timestamp":"2025-12-08T08:07:39.792Z"}
{"context":"RouterExplorer","level":"info","message":"Mapped {/api/users/:id, GET} route","service":"financial-platform","timestamp":"2025-12-08T08:07:39.793Z"}
{"context":"RouterExplorer","level":"info","message":"Mapped {/api/users/profile, PATCH} route","service":"financial-platform","timestamp":"2025-12-08T08:07:39.793Z"}
{"context":"RouterExplorer","level":"info","message":"Mapped {/api/users/:id, PATCH} route","service":"financial-platform","timestamp":"2025-12-08T08:07:39.794Z"}
{"context":"RouterExplorer","level":"info","message":"Mapped {/api/users/:id, DELETE} route","service":"financial-platform","timestamp":"2025-12-08T08:07:39.795Z"}
{"context":"RoutesResolver","level":"info","message":"AccountsController {/api/accounts}:","service":"financial-platform","timestamp":"2025-12-08T08:07:39.795Z"}
{"context":"RouterExplorer","level":"info","message":"Mapped {/api/accounts, GET} route","service":"financial-platform","timestamp":"2025-12-08T08:07:39.796Z"}
{"context":"RouterExplorer","level":"info","message":"Mapped {/api/accounts/:id, GET} route","service":"financial-platform","timestamp":"2025-12-08T08:07:39.796Z"}
{"context":"RouterExplorer","level":"info","message":"Mapped {/api/accounts/:id/balance, GET} route","service":"financial-platform","timestamp":"2025-12-08T08:07:39.797Z"}
{"context":"RouterExplorer","level":"info","message":"Mapped {/api/accounts, POST} route","service":"financial-platform","timestamp":"2025-12-08T08:07:39.797Z"}
{"context":"RouterExplorer","level":"info","message":"Mapped {/api/accounts/:id, PATCH} route","service":"financial-platform","timestamp":"2025-12-08T08:07:39.797Z"}
{"context":"RoutesResolver","level":"info","message":"TransactionsController {/api/transactions}:","service":"financial-platform","timestamp":"2025-12-08T08:07:39.798Z"}
{"context":"RouterExplorer","level":"info","message":"Mapped {/api/transactions/transfer, POST} route","service":"financial-platform","timestamp":"2025-12-08T08:07:39.798Z"}
{"context":"RouterExplorer","level":"info","message":"Mapped {/api/transactions/deposit, POST} route","service":"financial-platform","timestamp":"2025-12-08T08:07:39.799Z"}
{"context":"RouterExplorer","level":"info","message":"Mapped {/api/transactions/withdraw, POST} route","service":"financial-platform","timestamp":"2025-12-08T08:07:39.800Z"}
{"context":"RouterExplorer","level":"info","message":"Mapped {/api/transactions, GET} route","service":"financial-platform","timestamp":"2025-12-08T08:07:39.800Z"}
{"context":"RouterExplorer","level":"info","message":"Mapped {/api/transactions/pending, GET} route","service":"financial-platform","timestamp":"2025-12-08T08:07:39.803Z"}
{"context":"RouterExplorer","level":"info","message":"Mapped {/api/transactions/pending/:id, GET} route","service":"financial-platform","timestamp":"2025-12-08T08:07:39.804Z"}
{"context":"RouterExplorer","level":"info","message":"Mapped {/api/transactions/filter, GET} route","service":"financial-platform","timestamp":"2025-12-08T08:07:39.804Z"}
{"context":"RouterExplorer","level":"info","message":"Mapped {/api/transactions/admin, POST} route","service":"financial-platform","timestamp":"2025-12-08T08:07:39.804Z"}
{"context":"RouterExplorer","level":"info","message":"Mapped {/api/transactions/:id/validate, PATCH} route","service":"financial-platform","timestamp":"2025-12-08T08:07:39.807Z"}
{"context":"RoutesResolver","level":"info","message":"KycController {/api/kyc}:","service":"financial-platform","timestamp":"2025-12-08T08:07:39.807Z"}
{"context":"RouterExplorer","level":"info","message":"Mapped {/api/kyc/documents, POST} route","service":"financial-platform","timestamp":"2025-12-08T08:07:39.808Z"}
{"context":"RouterExplorer","level":"info","message":"Mapped {/api/kyc/documents/upload, POST} route","service":"financial-platform","timestamp":"2025-12-08T08:07:39.809Z"}
{"context":"RouterExplorer","level":"info","message":"Mapped {/api/kyc/documents, GET} route","service":"financial-platform","timestamp":"2025-12-08T08:07:39.809Z"}
{"context":"RouterExplorer","level":"info","message":"Mapped {/api/kyc/documents/pending, GET} route","service":"financial-platform","timestamp":"2025-12-08T08:07:39.810Z"}
{"context":"RouterExplorer","level":"info","message":"Mapped {/api/kyc/documents/:id/view, GET} route","service":"financial-platform","timestamp":"2025-12-08T08:07:39.810Z"}
{"context":"RouterExplorer","level":"info","message":"Mapped {/api/kyc/documents/:id/download, GET} route","service":"financial-platform","timestamp":"2025-12-08T08:07:39.811Z"}
{"context":"RouterExplorer","level":"info","message":"Mapped {/api/kyc/documents/:id/review, PATCH} route","service":"financial-platform","timestamp":"2025-12-08T08:07:39.813Z"}
{"context":"RouterExplorer","level":"info","message":"Mapped {/api/kyc/applications/filter, GET} route","service":"financial-platform","timestamp":"2025-12-08T08:07:39.814Z"}
{"context":"RoutesResolver","level":"info","message":"AuditLogsController {/api/audit-logs}:","service":"financial-platform","timestamp":"2025-12-08T08:07:39.814Z"}
{"context":"RouterExplorer","level":"info","message":"Mapped {/api/audit-logs, GET} route","service":"financial-platform","timestamp":"2025-12-08T08:07:39.814Z"}
{"context":"RouterExplorer","level":"info","message":"Mapped {/api/audit-logs/me, GET} route","service":"financial-platform","timestamp":"2025-12-08T08:07:39.815Z"}
{"context":"RoutesResolver","level":"info","message":"WebhooksController {/api/webhooks}:","service":"financial-platform","timestamp":"2025-12-08T08:07:39.815Z"}
{"context":"RouterExplorer","level":"info","message":"Mapped {/api/webhooks, POST} route","service":"financial-platform","timestamp":"2025-12-08T08:07:39.819Z"}
{"context":"RouterExplorer","level":"info","message":"Mapped {/api/webhooks, GET} route","service":"financial-platform","timestamp":"2025-12-08T08:07:39.820Z"}
{"context":"RouterExplorer","level":"info","message":"Mapped {/api/webhooks/:id, GET} route","service":"financial-platform","timestamp":"2025-12-08T08:07:39.820Z"}
{"context":"RouterExplorer","level":"info","message":"Mapped {/api/webhooks/:id, PUT} route","service":"financial-platform","timestamp":"2025-12-08T08:07:39.821Z"}
{"context":"RouterExplorer","level":"info","message":"Mapped {/api/webhooks/:id, DELETE} route","service":"financial-platform","timestamp":"2025-12-08T08:07:39.821Z"}
{"context":"RouterExplorer","level":"info","message":"Mapped {/api/webhooks/:id/deliveries, GET} route","service":"financial-platform","timestamp":"2025-12-08T08:07:39.822Z"}
{"context":"RouterExplorer","level":"info","message":"Mapped {/api/webhooks/deliveries/:deliveryId/retry, POST} route","service":"financial-platform","timestamp":"2025-12-08T08:07:39.822Z"}
{"context":"RoutesResolver","level":"info","message":"LoansController {/api/loans}:","service":"financial-platform","timestamp":"2025-12-08T08:07:39.823Z"}
{"context":"RouterExplorer","level":"info","message":"Mapped {/api/loans, POST} route","service":"financial-platform","timestamp":"2025-12-08T08:07:39.823Z"}
{"context":"RouterExplorer","level":"info","message":"Mapped {/api/loans, GET} route","service":"financial-platform","timestamp":"2025-12-08T08:07:39.824Z"}
{"context":"RouterExplorer","level":"info","message":"Mapped {/api/loans/:id, GET} route","service":"financial-platform","timestamp":"2025-12-08T08:07:39.824Z"}
{"context":"RouterExplorer","level":"info","message":"Mapped {/api/loans/:id/repayments, GET} route","service":"financial-platform","timestamp":"2025-12-08T08:07:39.825Z"}
{"context":"RouterExplorer","level":"info","message":"Mapped {/api/loans/:id/repayments, POST} route","service":"financial-platform","timestamp":"2025-12-08T08:07:39.825Z"}
{"context":"RouterExplorer","level":"info","message":"Mapped {/api/loans/:id/approve, PATCH} route","service":"financial-platform","timestamp":"2025-12-08T08:07:39.826Z"}
{"context":"RouterExplorer","level":"info","message":"Mapped {/api/loans/:id/reject, PATCH} route","service":"financial-platform","timestamp":"2025-12-08T08:07:39.826Z"}
{"context":"RoutesResolver","level":"info","message":"ExchangeController {/api/exchange}:","service":"financial-platform","timestamp":"2025-12-08T08:07:39.826Z"}
{"context":"RouterExplorer","level":"info","message":"Mapped {/api/exchange/rates, GET} route","service":"financial-platform","timestamp":"2025-12-08T08:07:39.827Z"}
{"context":"RouterExplorer","level":"info","message":"Mapped {/api/exchange/convert, POST} route","service":"financial-platform","timestamp":"2025-12-08T08:07:39.827Z"}
{"context":"RouterExplorer","level":"info","message":"Mapped {/api/exchange/supported-currencies, GET} route","service":"financial-platform","timestamp":"2025-12-08T08:07:39.828Z"}
{"context":"RouterExplorer","level":"info","message":"Mapped {/api/exchange/rate/:from/:to, GET} route","service":"financial-platform","timestamp":"2025-12-08T08:07:39.829Z"}
{"context":"RouterExplorer","level":"info","message":"Mapped {/api/exchange/convert, GET} route","service":"financial-platform","timestamp":"2025-12-08T08:07:39.830Z"}
{"context":"RoutesResolver","level":"info","message":"BulkOperationsController {/api/admin/bulk-operations}:","service":"financial-platform","timestamp":"2025-12-08T08:07:39.830Z"}
{"context":"RouterExplorer","level":"info","message":"Mapped {/api/admin/bulk-operations/kyc/review, POST} route","service":"financial-platform","timestamp":"2025-12-08T08:07:39.831Z"}
{"context":"RouterExplorer","level":"info","message":"Mapped {/api/admin/bulk-operations/transactions/review, POST} route","service":"financial-platform","timestamp":"2025-12-08T08:07:39.832Z"}
{"context":"RouterExplorer","level":"info","message":"Mapped {/api/admin/bulk-operations/kyc/flag, POST} route","service":"financial-platform","timestamp":"2025-12-08T08:07:39.833Z"}
{"context":"RouterExplorer","level":"info","message":"Mapped {/api/admin/bulk-operations/transactions/flag, POST} route","service":"financial-platform","timestamp":"2025-12-08T08:07:39.834Z"}
{"context":"RouterExplorer","level":"info","message":"Mapped {/api/admin/bulk-operations/kyc/delete, POST} route","service":"financial-platform","timestamp":"2025-12-08T08:07:39.835Z"}
{"context":"RouterExplorer","level":"info","message":"Mapped {/api/admin/bulk-operations/transactions/delete, POST} route","service":"financial-platform","timestamp":"2025-12-08T08:07:39.836Z"}
{"context":"RouterExplorer","level":"info","message":"Mapped {/api/admin/bulk-operations/stats, GET} route","service":"financial-platform","timestamp":"2025-12-08T08:07:39.837Z"}
{"context":"RoutesResolver","level":"info","message":"AuditExportController {/api/admin/audit-export}:","service":"financial-platform","timestamp":"2025-12-08T08:07:39.838Z"}
{"context":"RouterExplorer","level":"info","message":"Mapped {/api/admin/audit-export/csv, GET} route","service":"financial-platform","timestamp":"2025-12-08T08:07:39.839Z"}
{"context":"RouterExplorer","level":"info","message":"Mapped {/api/admin/audit-export/json, GET} route","service":"financial-platform","timestamp":"2025-12-08T08:07:39.839Z"}
{"context":"RouterExplorer","level":"info","message":"Mapped {/api/admin/audit-export/pdf, GET} route","service":"financial-platform","timestamp":"2025-12-08T08:07:39.840Z"}
{"context":"RouterExplorer","level":"info","message":"Mapped {/api/admin/audit-export/stats, GET} route","service":"financial-platform","timestamp":"2025-12-08T08:07:39.841Z"}
{"context":"RouterExplorer","level":"info","message":"Mapped {/api/admin/audit-export/logs, GET} route","service":"financial-platform","timestamp":"2025-12-08T08:07:39.841Z"}
{"context":"RoutesResolver","level":"info","message":"AdminDashboardController {/api/admin}:","service":"financial-platform","timestamp":"2025-12-08T08:07:39.842Z"}
{"context":"RouterExplorer","level":"info","message":"Mapped {/api/admin/dashboard, GET} route","service":"financial-platform","timestamp":"2025-12-08T08:07:39.842Z"}
{"context":"RouterExplorer","level":"info","message":"Mapped {/api/admin/stats/transactions, GET} route","service":"financial-platform","timestamp":"2025-12-08T08:07:39.843Z"}
{"context":"RouterExplorer","level":"info","message":"Mapped {/api/admin/stats/users, GET} route","service":"financial-platform","timestamp":"2025-12-08T08:07:39.843Z"}
{"context":"RouterExplorer","level":"info","message":"Mapped {/api/admin/stats/kyc, GET} route","service":"financial-platform","timestamp":"2025-12-08T08:07:39.844Z"}
{"context":"RouterExplorer","level":"info","message":"Mapped {/api/admin/stats/timeline, GET} route","service":"financial-platform","timestamp":"2025-12-08T08:07:39.845Z"}
{"context":"NestApplication","level":"info","message":"Nest application successfully started","service":"financial-platform","timestamp":"2025-12-08T08:07:39.860Z"}
{"level":"info","message":"Application is running on: https://192.168.1.199:3000 or http://localhost:3000","service":"financial-platform","timestamp":"2025-12-08T08:07:39.866Z"}
